id_expediente,numero,fecha_ingreso,sumario,rol_claudia,rol_recalculado,autoría_confirmada,rol_consistente,cantidad_autores,autores,tipo_oficial,estado_actual,etapa_ciclo,ubicacion,giros,ultimo_movimiento,evidencia_sancion,fuentes_sancion,fuentes_captura,ficha_oficial_completa,url_expediente,es_832_2026
142272,2683-D-2026,2026-09-01T15:00:03,SE DECLARA PERSONALIDAD DESTACADA EN EL ÁMBITO DE LA SALUD A LA DRA. FLORENCIA CAROLINA SALORT.,autora,autora,True,True,1,"NEGRI, CLAUDIA",DECLARACION,ingresado,en_comision,MEP,(GIRO AUN NO ASIGNADO),"{""fecha"": ""2026-09-02"", ""oficina"": ""MEP"", ""descripcion"": ""ESPERANDO ENVIO A COMISION (ESPERANDO RECEPCION)""}",False,,radar_ingresos | seguimiento_institucional,True,https://parlamentaria.legislatura.gob.ar/pages/expediente.aspx?id=142272,False
142257,2668-D-2026,2026-08-31T17:38:24,"BENEPLÁCITO POR LA OBTENCIÓN DE LA SEGUNDA MEDALLA DE BRONCE MUNDIAL POR PARTE DE LA SELECCIÓN ARGENTINA MASCULINA DE HOCKEY SOBRE CÉSPED, “LOS LEONES”",coautora,coautora,True,True,14,"NEIRA, CLAUDIA | BIELLI, MARÍA | CAPORICCIO, FRANCISCO | FERREÑO, CLAUDIO AMÉRICO | FREIRE, VICTORIA | GONZÁLEZ, ANDREA MARIANA | GRILLO, ALEJANDRO OMAR | LA BLUNDA, ANDRÉS | LAMMENS , MATÍAS | MODARELLI, JUAN PABLO | NEGRI, CLAUDIA | PEÑAFORT, GRACIANA | SALVATIERRA, ALEJANDRO | SANTORO, LEANDRO",DECLARACION,ingresado,en_comision,MEP,(GIRO AUN NO ASIGNADO),"{""fecha"": ""2026-09-02"", ""oficina"": ""MEP"", ""descripcion"": ""ESPERANDO ENVIO A COMISION (ESPERANDO RECEPCION)""}",False,,radar_ingresos | seguimiento_institucional,True,https://parlamentaria.legislatura.gob.ar/pages/expediente.aspx?id=142257,False
142247,2656-D-2026,2026-08-31T10:14:07,"BENEPLÁCITO POR LA OBTENCIÓN DEL TERCER CAMPEONATO MUNDIAL DE LA SELECCIÓN ARGENTINA DE HOCKEY FEMENINO, ""LAS LEONAS""",coautora,coautora,True,True,19,"NEIRA, CLAUDIA | BARROETAVEÑA, MATÍAS | BIELLI, MARÍA | CAPORICCIO, FRANCISCO | FERREÑO, CLAUDIO AMÉRICO | FREIRE, VICTORIA | GONZÁLEZ, ANDREA MARIANA | GRILLO, ALEJANDRO OMAR | IAÑEZ, BERENICE | LA BLUNDA, ANDRÉS | LAMMENS , MATÍAS | MOCHI, FEDERICO | MODARELLI, JUAN PABLO | NEGRI, CLAUDIA | PEÑAFORT, GRACIANA | ROSSEN, BÁRBARA | SALVATIERRA, ALEJANDRO | SANTORO, LEANDRO | VELÁZQUEZ, DELFINA",DECLARACION,en_comision,en_comision,TURISMO Y DEPORTES,TURISMO Y DEPORTES,"{""fecha"": ""2026-09-02"", ""oficina"": ""TURISMO Y DEPORTES"", ""descripcion"": ""EXPEDIENTE AGREGADO A UN EXPEDIENTE-CABEZA""}",False,,radar_ingresos | seguimiento_institucional,True,https://parlamentaria.legislatura.gob.ar/pages/expediente.aspx?id=142247,False
142234,2645-D-2026,2026-08-28T12:22:57,SE CONMEMORA EL “DÍA DE LA PREVENCIÓN DEL SUICIDIO”,autora,autora,True,True,1,"NEGRI, CLAUDIA",DECLARACION,en_comision,en_comision,SALUD,SALUD,"{""fecha"": ""2026-09-01"", ""oficina"": ""SALUD"", ""descripcion"": ""EN COMISION""}",False,,radar_ingresos | seguimiento_institucional,True,https://parlamentaria.legislatura.gob.ar/pages/expediente.aspx?id=142234,False
142209,2622-D-2026,2026-08-26T12:20:17,SE DECLARA DE INTERÉS SANITARIO EL “ENCUENTRO METROPOLITANO DE SALUD PÚBLICA”,autora,autora,True,True,1,"NEGRI, CLAUDIA",DECLARACION,sancionado,sancionado,MEP,SALUD,"{""fecha"": ""2026-09-01"", ""oficina"": ""MEP"", ""descripcion"": ""SANCIONADO. EN MEP ESPERANDO COMUNICACION CON EL PE U OTRAS ENTIDADES""}",True,estado_actual | etapa_ciclo | ficha_oficial.hitos.tuvo_sancion | ficha_oficial.sanciones | actividad_recinto,radar_ingresos | seguimiento_institucional | recinto,True,https://parlamentaria.legislatura.gob.ar/pages/expediente.aspx?id=142209,False
142160,2576-D-2026,2026-08-21T13:58:27,INFORMES RELATIVOS A LA PROVISIÓN DE MEDICAMENTOS EN LA FARMACIA DEL CENTRO DE SALUD Y ACCIÓN COMUNITARIA (CESAC) 22,coautora,coautora,True,True,7,"LAMMENS , MATÍAS | BARROETAVEÑA, MATÍAS | FERREÑO, CLAUDIO AMÉRICO | IAÑEZ, BERENICE | NEGRI, CLAUDIA | ROSSEN, BÁRBARA | VELÁZQUEZ, DELFINA",RESOLUCION,en_comision,en_comision,SALUD,SALUD,"{""fecha"": ""2026-08-25"", ""oficina"": ""SALUD"", ""descripcion"": ""EN COMISION""}",False,,radar_ingresos | seguimiento_institucional,True,https://parlamentaria.legislatura.gob.ar/pages/expediente.aspx?id=142160,False
142057,2478-D-2026,2026-08-13T15:03:04,"PREOCUPACIÓN POR LA BAJA TASA DE COBERTURA DE VACUNAS DEL CALENDARIO NACIONAL EN NIÑOS, NIÑAS Y ADOLESCENTES EN LA CIUDAD.",coautora,coautora,True,True,11,"VELÁZQUEZ, DELFINA | BARROETAVEÑA, MATÍAS | BIELLI, MARÍA | FERREÑO, CLAUDIO AMÉRICO | FREIRE, VICTORIA | GONZÁLEZ, ANDREA MARIANA | LA BLUNDA, ANDRÉS | MODARELLI, JUAN PABLO | NEGRI, CLAUDIA | NEIRA, CLAUDIA | PEÑAFORT, GRACIANA",DECLARACION,en_comision,en_comision,SALUD,SALUD,"{""fecha"": ""2026-08-18"", ""oficina"": ""SALUD"", ""descripcion"": ""EN COMISION""}",False,,radar_ingresos | seguimiento_institucional,True,https://parlamentaria.legislatura.gob.ar/pages/expediente.aspx?id=142057,False
142051,2473-D-2026,2026-08-13T12:51:30,"SE CONMEMORA EL “DÍA DE LAS/LOS LICENCIADAS/OS EN OBSTETRICIA""",autora,autora,True,True,10,"NEGRI, CLAUDIA | BARROETAVEÑA, MATÍAS | CAPORICCIO, FRANCISCO | FREIRE, VICTORIA | GEMINIANI, NOEMÍ | GONZÁLEZ, ANDREA MARIANA | IAÑEZ, BERENICE | NEIRA, CLAUDIA | PEÑAFORT, GRACIANA | VELÁZQUEZ, DELFINA",DECLARACION,sancionado,sancionado,MEP,SALUD,"{""fecha"": ""2026-08-31"", ""oficina"": ""MEP"", ""descripcion"": ""SANCIONADO. EN MEP ESPERANDO COMUNICACION CON EL PE U OTRAS ENTIDADES""}",True,estado_actual | etapa_ciclo | ficha_oficial.hitos.tuvo_sancion | ficha_oficial.sanciones | actividad_recinto,radar_ingresos | seguimiento_institucional | recinto,True,https://parlamentaria.legislatura.gob.ar/pages/expediente.aspx?id=142051,False
142049,2471-D-2026,2026-08-13T12:39:24,RECONOCIMIENTO A LA TRAYECTORIA BOXÍSTICA DEL SEÑOR JUAN MARTÍN “LÁTIGO” COGGI,coautora,coautora,True,True,4,"IAÑEZ, BERENICE | FERREÑO, CLAUDIO AMÉRICO | NEGRI, CLAUDIA | NEIRA, CLAUDIA",DECLARACION,en_comision,en_comision,TURISMO Y DEPORTES,TURISMO Y DEPORTES,"{""fecha"": ""2026-08-18"", ""oficina"": ""TURISMO Y DEPORTES"", ""descripcion"": ""EN COMISION""}",False,,radar_ingresos | seguimiento_institucional,True,https://parlamentaria.legislatura.gob.ar/pages/expediente.aspx?id=142049,False
142047,2469-D-2026,2026-08-13T12:31:47,SE DECLARA PERSONALIDAD DESTACADA EN EL ÁMBITO DE LA COMUNICACIÓN AL REPORTERO GRÁFICO PABLO GRILLO,coautora,coautora,True,True,19,"IAÑEZ, BERENICE | BARROETAVEÑA, MATÍAS | BIELLI, MARÍA | CAPORICCIO, FRANCISCO | FERREÑO, CLAUDIO AMÉRICO | FREIRE, VICTORIA | GEMINIANI, NOEMÍ | GONZÁLEZ, ANDREA MARIANA | GRILLO, ALEJANDRO OMAR | LA BLUNDA, ANDRÉS | LAMMENS , MATÍAS | MOCHI, FEDERICO | MODARELLI, JUAN PABLO | NEGRI, CLAUDIA | NEIRA, CLAUDIA | PEÑAFORT, GRACIANA | SALVATIERRA, ALEJANDRO | SANTORO, LEANDRO | VELÁZQUEZ, DELFINA",DECLARACION,sancionado,sancionado,MEP,CULTURA,"{""fecha"": ""2026-08-31"", ""oficina"": ""MEP"", ""descripcion"": ""SANCIONADO. EN MEP ESPERANDO COMUNICACION CON EL PE U OTRAS ENTIDADES""}",True,estado_actual | etapa_ciclo | ficha_oficial.hitos.tuvo_sancion | ficha_oficial.sanciones | actividad_recinto,radar_ingresos | seguimiento_institucional | recinto,True,https://parlamentaria.legislatura.gob.ar/pages/expediente.aspx?id=142047,False
141996,2433-D-2026,2026-08-11T11:59:29,INFORMES RELATIVOS AL PROCEDIMIENTO DE EMPADRONAMIENTO DE PERSONAS USUARIAS DEL SISTEMA PÚBLICO DE SALUD,coautora,coautora,True,True,6,"IAÑEZ, BERENICE | FERREÑO, CLAUDIO AMÉRICO | GONZÁLEZ, ANDREA MARIANA | LAMMENS , MATÍAS | NEGRI, CLAUDIA | VELÁZQUEZ, DELFINA",RESOLUCION,en_comision,en_comision,SALUD,SALUD,"{""fecha"": ""2026-08-12"", ""oficina"": ""SALUD"", ""descripcion"": ""EN COMISION""}",False,,radar_ingresos | seguimiento_institucional,True,https://parlamentaria.legislatura.gob.ar/pages/expediente.aspx?id=141996,False
141987,2426-D-2026,2026-08-10T16:05:09,"PREOCUPACIÓN POR EL LLAMADO A LA APERTURA DE LA ETAPA PREVIA A LA CONVOCATORIA DE LICITACIÓN PÚBLICA PARA LA CONTRATACIÓN DEL “SERVICIO DE RECOLECCIÓN, TRASLADO Y PROCESAMIENTO DE RESIDUOS SÓLIDOS URBANOS SECOS”",coautora,coautora,True,True,18,"VELÁZQUEZ, DELFINA | BARROETAVEÑA, MATÍAS | BIELLI, MARÍA | CAPORICCIO, FRANCISCO | FERREÑO, CLAUDIO AMÉRICO | FREIRE, VICTORIA | GEMINIANI, NOEMÍ | GONZÁLEZ, ANDREA MARIANA | GRILLO, ALEJANDRO OMAR | LA BLUNDA, ANDRÉS | MOCHI, FEDERICO | MODARELLI, JUAN PABLO | NEGRI, CLAUDIA | NEIRA, CLAUDIA | PEÑAFORT, GRACIANA | ROSSEN, BÁRBARA | SALVATIERRA, ALEJANDRO | SANTORO, LEANDRO",DECLARACION,en_comision,en_comision,AMBIENTE,AMBIENTE,"{""fecha"": ""2026-08-12"", ""oficina"": ""AMBIENTE"", ""descripcion"": ""EN COMISION""}",False,,radar_ingresos | seguimiento_institucional,True,https://parlamentaria.legislatura.gob.ar/pages/expediente.aspx?id=141987,False
141976,2415-D-2026,2026-08-10T13:28:47,REPUDIO AL CUMPLIRSE 4 AÑOS DEL INTENTO DE MAGNICIDIO PERPETRADO CONTRA LA DRA. CRISTINA FERNÁNDEZ DE KIRCHNER,coautora,coautora,True,True,14,"VELÁZQUEZ, DELFINA | BARROETAVEÑA, MATÍAS | BIELLI, MARÍA | FREIRE, VICTORIA | GEMINIANI, NOEMÍ | GONZÁLEZ, ANDREA MARIANA | LA BLUNDA, ANDRÉS | LAMMENS , MATÍAS | MOCHI, FEDERICO | MODARELLI, JUAN PABLO | NEGRI, CLAUDIA | NEIRA, CLAUDIA | PEÑAFORT, GRACIANA | SALVATIERRA, ALEJANDRO",DECLARACION,en_comision,en_comision,"DERECHOS HUMANOS, GARANTÍAS Y ANTIDISCRIMINACIÓN","DERECHOS HUMANOS, GARANTÍAS Y ANTIDISCRIMINACIÓN","{""fecha"": ""2026-08-12"", ""oficina"": ""DERECHOS HUMANOS, GARANTÍAS Y ANTIDISCRIMINACIÓN"", ""descripcion"": ""EN COMISION""}",False,,radar_ingresos | seguimiento_institucional,True,https://parlamentaria.legislatura.gob.ar/pages/expediente.aspx?id=141976,False
141958,2398-D-2026,2026-08-07T12:34:26,"SE DECLARA DE INTERÉS EN LOS ÁMBITOS CIENTÍFICO, DE LA SALUD Y CULTURAL AL ARCHIVO HISTÓRICO INSTITUCIONAL DE LA UNIVERSIDAD ISALUD,",coautora,coautora,True,True,10,"SANTORO, LEANDRO | BARROETAVEÑA, MATÍAS | CAPORICCIO, FRANCISCO | FERREÑO, CLAUDIO AMÉRICO | GEMINIANI, NOEMÍ | GRILLO, ALEJANDRO OMAR | LA BLUNDA, ANDRÉS | NEGRI, CLAUDIA | NEIRA, CLAUDIA | ROSSEN, BÁRBARA",DECLARACION,sancionado,sancionado,MEP,SALUD,"{""fecha"": ""2026-08-31"", ""oficina"": ""MEP"", ""descripcion"": ""SANCIONADO. EN MEP ESPERANDO COMUNICACION CON EL PE U OTRAS ENTIDADES""}",True,estado_actual | etapa_ciclo | ficha_oficial.hitos.tuvo_sancion | ficha_oficial.sanciones | actividad_recinto,radar_ingresos | seguimiento_institucional | recinto,True,https://parlamentaria.legislatura.gob.ar/pages/expediente.aspx?id=141958,False
141957,2396-D-2026,2026-08-07T11:25:29,"SE DECLARA DE INTERÉS PARA LA PROMOCIÓN Y DEFENSA DE LOS DERECHOS DE LAS TRABAJADORAS Y LOS TRABAJADORES DE LA ECONOMÍA POPULAR LA MARCHA DE SAN CAYETANO, A REALIZARSE EL 7 DE AGOSTO DEL CORRIENTE AÑO",coautora,coautora,True,True,15,"GONZÁLEZ, ANDREA MARIANA | BIELLI, MARÍA | CAPORICCIO, FRANCISCO | FERREÑO, CLAUDIO AMÉRICO | FREIRE, VICTORIA | GEMINIANI, NOEMÍ | IAÑEZ, BERENICE | LA BLUNDA, ANDRÉS | MOCHI, FEDERICO | MODARELLI, JUAN PABLO | NEGRI, CLAUDIA | NEIRA, CLAUDIA | PEÑAFORT, GRACIANA | SALVATIERRA, ALEJANDRO | VELÁZQUEZ, DELFINA",DECLARACION,en_comision,en_comision,POLÍTICAS DE PROMOCIÓN E INTEGRACIÓN SOCIAL,POLÍTICAS DE PROMOCIÓN E INTEGRACIÓN SOCIAL,"{""fecha"": ""2026-08-19"", ""oficina"": ""POLÍTICAS DE PROMOCIÓN E INTEGRACIÓN SOCIAL"", ""descripcion"": ""EN COMISION""}",False,,radar_ingresos | seguimiento_institucional,True,https://parlamentaria.legislatura.gob.ar/pages/expediente.aspx?id=141957,False
141913,2360-D-2026,2026-08-04T16:06:12,"SE DECLARA DE INTERÉS EDUCATIVO, SOCIAL Y CULTURAL EL V CONGRESO INTERNACIONAL DE CIUDADES INTELIGENTES “CIUDADES +HUMANAS +INNOVADORAS +SOSTENIBLES”",coautora,coautora,True,True,4,"LOUPIAS, FRANCISCO | GRILLO, ALEJANDRO OMAR | NEGRI, CLAUDIA | SICILIANO, SERGIO HERNÁN",DECLARACION,sancionado,sancionado,MEP,"EDUCACIÓN, CIENCIA Y TECNOLOGÍA","{""fecha"": ""2026-08-31"", ""oficina"": ""MEP"", ""descripcion"": ""SANCIONADO. EN MEP ESPERANDO COMUNICACION CON EL PE U OTRAS ENTIDADES""}",True,estado_actual | etapa_ciclo | ficha_oficial.hitos.tuvo_sancion | ficha_oficial.sanciones | actividad_recinto,radar_ingresos | seguimiento_institucional | recinto,True,https://parlamentaria.legislatura.gob.ar/pages/expediente.aspx?id=141913,False
141907,2354-D-2026,2026-08-04T13:59:40,SE CONMEMORA EL 50° ANIVERSARIO DEL ASESINATO DE MONSEÑOR ENRIQUE ÁNGEL ANGELELLI,coautora,coautora,True,True,20,"FERREÑO, CLAUDIO AMÉRICO | BARROETAVEÑA, MATÍAS | BIELLI, MARÍA | CAPORICCIO, FRANCISCO | FREIRE, VICTORIA | GEMINIANI, NOEMÍ | GONZÁLEZ, ANDREA MARIANA | GRILLO, ALEJANDRO OMAR | IAÑEZ, BERENICE | LA BLUNDA, ANDRÉS | LAMMENS , MATÍAS | MOCHI, FEDERICO | MODARELLI, JUAN PABLO | NEGRI, CLAUDIA | NEIRA, CLAUDIA | PEÑAFORT, GRACIANA | ROSSEN, BÁRBARA | SALVATIERRA, ALEJANDRO | SANTORO, LEANDRO | VELÁZQUEZ, DELFINA",DECLARACION,sancionado,sancionado,MEP,"DERECHOS HUMANOS, GARANTÍAS Y ANTIDISCRIMINACIÓN","{""fecha"": ""2026-08-31"", ""oficina"": ""MEP"", ""descripcion"": ""SANCIONADO. EN MEP ESPERANDO COMUNICACION CON EL PE U OTRAS ENTIDADES (ESPERANDO RECEPCION)""}",True,estado_actual | etapa_ciclo | ficha_oficial.hitos.tuvo_sancion | ficha_oficial.sanciones | actividad_recinto,radar_ingresos | seguimiento_institucional | recinto,True,https://parlamentaria.legislatura.gob.ar/pages/expediente.aspx?id=141907,False
141834,2285-D-2026,2026-07-22T12:16:25,"SISTEMA DE ""TURNOS PROTEGIDOS"" PARA NIÑOS, NIÑAS Y ADOLESCENTES DERIVADOS POR LOS EQUIPOS DE APOYO QUE INTERVIENEN EN LAS INSTITUCIONES EDUCATIVAS.",coautora,coautora,True,True,8,"BIELLI, MARÍA | CAPORICCIO, FRANCISCO | FREIRE, VICTORIA | LA BLUNDA, ANDRÉS | MODARELLI, JUAN PABLO | NEGRI, CLAUDIA | SALVATIERRA, ALEJANDRO | VELÁZQUEZ, DELFINA",LEY,en_comision,en_comision,SALUD,"SALUD | EDUCACIÓN, CIENCIA Y TECNOLOGÍA | PRESUPUESTO, HACIENDA, ADMINISTRACIÓN FINANCIERA Y POLÍTICA TRIBUTARIA","{""fecha"": ""2026-07-24"", ""oficina"": ""SALUD"", ""descripcion"": ""EN COMISION""}",False,,radar_ingresos | seguimiento_institucional,True,https://parlamentaria.legislatura.gob.ar/pages/expediente.aspx?id=141834,False
141826,2277-D-2026,2026-07-21T15:09:19,"RECONOCIMIENTO A LA ASOCIACIÓN DEL FÚTBOL ARGENTINO (AFA) POR LA GESTIÓN DESARROLLADA, Y SE DISPONE LA ENTREGA DE UNA BANDEJA PROTOCOLAR",coautora,coautora,True,True,20,"FERREÑO, CLAUDIO AMÉRICO | BARROETAVEÑA, MATÍAS | BIELLI, MARÍA | CAPORICCIO, FRANCISCO | FREIRE, VICTORIA | GEMINIANI, NOEMÍ | GONZÁLEZ, ANDREA MARIANA | GRILLO, ALEJANDRO OMAR | IAÑEZ, BERENICE | LA BLUNDA, ANDRÉS | LAMMENS , MATÍAS | MOCHI, FEDERICO | MODARELLI, JUAN PABLO | NEGRI, CLAUDIA | NEIRA, CLAUDIA | PEÑAFORT, GRACIANA | ROSSEN, BÁRBARA | SALVATIERRA, ALEJANDRO | SANTORO, LEANDRO | VELÁZQUEZ, DELFINA",RESOLUCION,en_comision,en_comision,TURISMO Y DEPORTES,TURISMO Y DEPORTES,"{""fecha"": ""2026-07-23"", ""oficina"": ""TURISMO Y DEPORTES"", ""descripcion"": ""EN COMISION""}",False,,agenda | radar_ingresos | seguimiento_institucional,True,https://parlamentaria.legislatura.gob.ar/pages/expediente.aspx?id=141826,False
141825,2276-D-2026,2026-07-21T14:43:40,"SE DECLARA DE INTERÉS PARA LA COMUNICACIÓN SOCIAL EL LIBRO “BUENOS AIRES, 30 AÑOS DE AUTONOMÍA. UNA AGENDA PARA EL FUTURO”",coautora,coautora,True,True,9,"NEIRA, CLAUDIA | BARROETAVEÑA, MATÍAS | CAPORICCIO, FRANCISCO | FERREÑO, CLAUDIO AMÉRICO | IAÑEZ, BERENICE | MOCHI, FEDERICO | NEGRI, CLAUDIA | PEÑAFORT, GRACIANA | SANTORO, LEANDRO",DECLARACION,despacho,con_dictamen,DGDP,"COMUNICACIÓN SOCIAL, MEDIOS DE COMUNICACIÓN Y TECNOLOGÍAS DE LA COMUNICACIÓN","{""fecha"": ""2026-08-24"", ""oficina"": ""DGDP"", ""descripcion"": ""DESPACHO NUMERADO. ESPERANDO INICIO DE PLAZO DE OBSERVACIONES""}",False,,agenda | radar_ingresos | seguimiento_institucional,True,https://parlamentaria.legislatura.gob.ar/pages/expediente.aspx?id=141825,False
141821,2272-D-2026,2026-07-21T12:05:29,SE DECLARA DE INTERÉS PARA LA PROMOCIÓN DE LOS DERECHOS DE LAS PERSONAS CON DISCAPACIDAD EL LIBRO “CIUDADES AZULES”,coautora,coautora,True,True,6,"NAGATA, SEBASTIÁN | CRUCITTA, ALDANA BELÉN | LOUPIAS, FRANCISCO | NEGRI, CLAUDIA | OCAÑA, MARÍA GRACIELA | THOURTE, MANUELA",DECLARACION,despacho,con_dictamen,DGDP,"COMUNICACIÓN SOCIAL, MEDIOS DE COMUNICACIÓN Y TECNOLOGÍAS DE LA COMUNICACIÓN","{""fecha"": ""2026-09-02"", ""oficina"": ""DGDP"", ""descripcion"": ""DESPACHO ESPERANDO NUMERACION (ESPERANDO RECEPCION)""}",False,,agenda | radar_ingresos | seguimiento_institucional,True,https://parlamentaria.legislatura.gob.ar/pages/expediente.aspx?id=141821,False
141785,2235-D-2026,2026-07-17T14:06:36,"INFORMES REFERIDOS AL OPERATIVO POLICIAL Y LAS EVENTUALES DETENCIONES PRODUCIDAS EN INMEDIACIONES DEL OBELISCO, DE LA EMBAJADA BRITÁNICA Y EN EL TRAYECTO COMPRENDIDO ENTRE AMBOS PUNTOS, DURANTE EL DÍA 15 DE JULIO",coautora,coautora,True,True,16,"LA BLUNDA, ANDRÉS | BARROETAVEÑA, MATÍAS | BIELLI, MARÍA | CAPORICCIO, FRANCISCO | FERREÑO, CLAUDIO AMÉRICO | FREIRE, VICTORIA | GRILLO, ALEJANDRO OMAR | IAÑEZ, BERENICE | MOCHI, FEDERICO | MODARELLI, JUAN PABLO | NEGRI, CLAUDIA | NEIRA, CLAUDIA | PEÑAFORT, GRACIANA | ROSSEN, BÁRBARA | SALVATIERRA, ALEJANDRO | VELÁZQUEZ, DELFINA",RESOLUCION,en_comision,en_comision,SEGURIDAD,SEGURIDAD,"{""fecha"": ""2026-07-21"", ""oficina"": ""SEGURIDAD"", ""descripcion"": ""EN COMISION""}",False,,radar_ingresos | seguimiento_institucional,True,https://parlamentaria.legislatura.gob.ar/pages/expediente.aspx?id=141785,False
141679,2138-D-2026,2026-07-07T11:51:55,CUIDADO DE LA SALUD PSICOFÍSICA DEL PERSONAL DE SALUD.-,autora,autora,True,True,1,"NEGRI, CLAUDIA",LEY,en_comision,en_comision,SALUD,"SALUD | PRESUPUESTO, HACIENDA, ADMINISTRACIÓN FINANCIERA Y POLÍTICA TRIBUTARIA","{""fecha"": ""2026-07-08"", ""oficina"": ""SALUD"", ""descripcion"": ""EN COMISION""}",False,,seguimiento_institucional,True,https://parlamentaria.legislatura.gob.ar/pages/expediente.aspx?id=141679,False
141640,2106-D-2026,2026-07-03T12:28:34,"INFORMES RELACIONADOS A LA RECAUDACIÓN DE INGRESOS BRUTOS, DESDE ENERO DE 2023 A LA FECHA DE RESPUESTA DEL PRESENTE PROYECTO.-",coautora,coautora,True,True,11,"MODARELLI, JUAN PABLO | BARROETAVEÑA, MATÍAS | BIELLI, MARÍA | CAPORICCIO, FRANCISCO | FREIRE, VICTORIA | GRILLO, ALEJANDRO OMAR | LAMMENS , MATÍAS | NEGRI, CLAUDIA | NEIRA, CLAUDIA | PEÑAFORT, GRACIANA | VELÁZQUEZ, DELFINA",RESOLUCION,sancionado,sancionado,MEP,"PRESUPUESTO, HACIENDA, ADMINISTRACIÓN FINANCIERA Y POLÍTICA TRIBUTARIA","{""fecha"": ""2026-08-31"", ""oficina"": ""MEP"", ""descripcion"": ""SANCIONADO. EN MEP ESPERANDO COMUNICACION CON EL PE U OTRAS ENTIDADES""}",True,estado_actual | etapa_ciclo | ficha_oficial.hitos.tuvo_sancion | ficha_oficial.sanciones | actividad_recinto,seguimiento_institucional | recinto,True,https://parlamentaria.legislatura.gob.ar/pages/expediente.aspx?id=141640,False
141610,2083-D-2026,2026-07-01T16:04:08,SE DECLARA DE INTERÉS EDUCATIVO EL IV CONGRESO INTERNACIONAL SOBRE INCLUSIÓN ESCOLAR,coautora,coautora,True,True,2,"NEIRA, CLAUDIA | NEGRI, CLAUDIA",DECLARACION,despacho,con_dictamen,DGDP,"EDUCACIÓN, CIENCIA Y TECNOLOGÍA","{""fecha"": ""2026-08-21"", ""oficina"": ""DGDP"", ""descripcion"": ""DESPACHO NUMERADO. ESPERANDO INICIO DE PLAZO DE OBSERVACIONES""}",False,,agenda | seguimiento_institucional,True,https://parlamentaria.legislatura.gob.ar/pages/expediente.aspx?id=141610,False
141609,2082-D-2026,2026-07-01T16:02:48,INFORMES RELACIONADOS CON LA APLICACIÓN AL ÁMBITO DE LA SALUD DEL CRITERIO DE “PRIORIDAD PORTEÑA”,coautora,coautora,True,True,5,"MOCHI, FEDERICO | GONZÁLEZ, ANDREA MARIANA | NEGRI, CLAUDIA | SALVATIERRA, ALEJANDRO | VELÁZQUEZ, DELFINA",RESOLUCION,sancionado,sancionado,MEP,SALUD,"{""fecha"": ""2026-08-31"", ""oficina"": ""MEP"", ""descripcion"": ""SANCIONADO. EN MEP ESPERANDO COMUNICACION CON EL PE U OTRAS ENTIDADES""}",True,estado_actual | etapa_ciclo | ficha_oficial.hitos.tuvo_sancion | ficha_oficial.sanciones | actividad_recinto,seguimiento_institucional | recinto,True,https://parlamentaria.legislatura.gob.ar/pages/expediente.aspx?id=141609,False
141587,2064-D-2026,2026-07-01T11:29:48,"REPUDIO A LAS MANIFESTACIONES REALIZADAS POR LA VICEJEFA DE GOBIERNO, EN UNA ENTREVISTA PUBLICADA POR EL MEDIO MDZ",coautora,coautora,True,True,10,"BIELLI, MARÍA | CAPORICCIO, FRANCISCO | FERREÑO, CLAUDIO AMÉRICO | FREIRE, VICTORIA | GRILLO, ALEJANDRO OMAR | LA BLUNDA, ANDRÉS | LAMMENS , MATÍAS | MODARELLI, JUAN PABLO | NEGRI, CLAUDIA | VELÁZQUEZ, DELFINA",DECLARACION,en_comision,en_comision,ASUNTOS CONSTITUCIONALES,ASUNTOS CONSTITUCIONALES,"{""fecha"": ""2026-07-03"", ""oficina"": ""ASUNTOS CONSTITUCIONALES"", ""descripcion"": ""EN COMISION""}",False,,seguimiento_institucional,True,https://parlamentaria.legislatura.gob.ar/pages/expediente.aspx?id=141587,False
141573,2054-D-2026,2026-06-30T13:33:26,SE DECLARA DE INTERÉS PARA LA COMUNICACIÓN SOCIAL Y LA SALUD A LA CUENTA DE INSTAGRAM “@FLORDEGINECO”,autora,autora,True,True,1,"NEGRI, CLAUDIA",DECLARACION,sancionado,sancionado,MEP,"COMUNICACIÓN SOCIAL, MEDIOS DE COMUNICACIÓN Y TECNOLOGÍAS DE LA COMUNICACIÓN","{""fecha"": ""2026-08-31"", ""oficina"": ""MEP"", ""descripcion"": ""SANCIONADO. EN MEP ESPERANDO COMUNICACION CON EL PE U OTRAS ENTIDADES""}",True,estado_actual | etapa_ciclo | ficha_oficial.hitos.tuvo_sancion | ficha_oficial.sanciones | actividad_recinto,seguimiento_institucional | recinto,True,https://parlamentaria.legislatura.gob.ar/pages/expediente.aspx?id=141573,False
141528,2011-D-2026,2026-06-25T14:14:54,"TRANSFERENCIA DE TODOS LOS REGISTROS DE MATRICULADOS/AS PARA EL EJERCICIO DE LA MEDICINA, ODONTOLOGÍA Y “ACTIVIDADES DE COLABORACIÓN” SEGÚN LA LEY NACIONAL 17132, QUE SE DESEMPEÑAN EN EL ÁMBITO DE LA CIUDAD.",coautora,coautora,True,True,3,"OCAÑA, MARÍA GRACIELA | NAGATA, SEBASTIÁN | NEGRI, CLAUDIA",DECLARACION,en_comision,en_comision,Asuntos Metropolitanos y Relaciones Interjurisdiccionales,Asuntos Metropolitanos y Relaciones Interjurisdiccionales,"{""fecha"": ""2026-06-30"", ""oficina"": ""Asuntos Metropolitanos y Relaciones Interjurisdiccionales"", ""descripcion"": ""EN COMISION""}",False,,seguimiento_institucional,True,https://parlamentaria.legislatura.gob.ar/pages/expediente.aspx?id=141528,False
141524,2007-D-2026,2026-06-25T12:39:39,REPUDIO AL DECRETO 230 DEL JEFE DE GOBIERNO,coautora,coautora,True,True,17,"MODARELLI, JUAN PABLO | BARROETAVEÑA, MATÍAS | BIELLI, MARÍA | CAPORICCIO, FRANCISCO | FERREÑO, CLAUDIO AMÉRICO | FREIRE, VICTORIA | GEMINIANI, NOEMÍ | GONZÁLEZ, ANDREA MARIANA | GRILLO, ALEJANDRO OMAR | LA BLUNDA, ANDRÉS | MOCHI, FEDERICO | NEGRI, CLAUDIA | NEIRA, CLAUDIA | PEÑAFORT, GRACIANA | ROSSEN, BÁRBARA | SALVATIERRA, ALEJANDRO | VELÁZQUEZ, DELFINA",DECLARACION,en_comision,en_comision,ASUNTOS CONSTITUCIONALES,ASUNTOS CONSTITUCIONALES,"{""fecha"": ""2026-06-29"", ""oficina"": ""ASUNTOS CONSTITUCIONALES"", ""descripcion"": ""EN COMISION""}",False,,seguimiento_institucional,True,https://parlamentaria.legislatura.gob.ar/pages/expediente.aspx?id=141524,False
141518,2001-D-2026,2026-06-24T15:38:45,SE DECLARA DE INTERÉS SANITARIO AL “CURSO ANUAL INTERNACIONAL SAO 2026”,autora,autora,True,True,1,"NEGRI, CLAUDIA",DECLARACION,sancionado,sancionado,MEP,SALUD,"{""fecha"": ""2026-08-31"", ""oficina"": ""MEP"", ""descripcion"": ""SANCIONADO. EN MEP ESPERANDO COMUNICACION CON EL PE U OTRAS ENTIDADES""}",True,estado_actual | etapa_ciclo | ficha_oficial.hitos.tuvo_sancion | ficha_oficial.sanciones | actividad_recinto,seguimiento_institucional | recinto,True,https://parlamentaria.legislatura.gob.ar/pages/expediente.aspx?id=141518,False
141514,1997-D-2026,2026-06-24T13:10:32,SE DECLARA DE INTERÉS SANITARIO LA JORNADA DE CONCIENTIZACIÓN SOBRE LA LACTANCIA MATERNA,autora,autora,True,True,1,"NEGRI, CLAUDIA",DECLARACION,sancionado,sancionado,MEP,SALUD,"{""fecha"": ""2026-09-02"", ""oficina"": ""MEP"", ""descripcion"": ""SANCIONADO. EN MEP ESPERANDO COMUNICACION CON EL PE U OTRAS ENTIDADES (ESPERANDO RECEPCION)""}",True,estado_actual | etapa_ciclo | ficha_oficial.hitos.tuvo_sancion | ficha_oficial.sanciones,seguimiento_institucional | recinto,True,https://parlamentaria.legislatura.gob.ar/pages/expediente.aspx?id=141514,False
141469,1965-D-2026,2026-06-22T13:44:21,"REPUDIO A LAS DECLARACIONES PÚBLICAS REALIZADAS POR EL JEFE DE GOBIERNO CONTRA EL DIPUTADO ALEJANDRO “PITU” SALVATIERRA,",coautora,coautora,True,True,18,"LA BLUNDA, ANDRÉS | BARROETAVEÑA, MATÍAS | BIELLI, MARÍA | CAPORICCIO, FRANCISCO | FERREÑO, CLAUDIO AMÉRICO | FREIRE, VICTORIA | GEMINIANI, NOEMÍ | GONZÁLEZ, ANDREA MARIANA | GRILLO, ALEJANDRO OMAR | LAMMENS , MATÍAS | MOCHI, FEDERICO | MODARELLI, JUAN PABLO | NEGRI, CLAUDIA | NEIRA, CLAUDIA | PEÑAFORT, GRACIANA | ROSSEN, BÁRBARA | SANTORO, LEANDRO | VELÁZQUEZ, DELFINA",DECLARACION,en_comision,en_comision,ASUNTOS CONSTITUCIONALES,ASUNTOS CONSTITUCIONALES,"{""fecha"": ""2026-06-25"", ""oficina"": ""ASUNTOS CONSTITUCIONALES"", ""descripcion"": ""EN COMISION""}",False,,seguimiento_institucional,True,https://parlamentaria.legislatura.gob.ar/pages/expediente.aspx?id=141469,False
141442,1938-D-2026,2026-06-17T14:42:31,DECLÁRASE DE INTERÉS PARA LA PROMOCIÓN DE LOS DERECHOS DE LAS PERSONAS CON DISCAPACIDAD EL LIBRO “ERROR 408: NORMALIDAD NO ENCONTRADA”,autora,autora,True,True,1,"NEGRI, CLAUDIA",DECLARACION,en_comision,en_comision,"COMUNICACIÓN SOCIAL, MEDIOS DE COMUNICACIÓN Y TECNOLOGÍAS DE LA COMUNICACIÓN","COMUNICACIÓN SOCIAL, MEDIOS DE COMUNICACIÓN Y TECNOLOGÍAS DE LA COMUNICACIÓN","{""fecha"": ""2026-06-22"", ""oficina"": ""COMUNICACIÓN SOCIAL, MEDIOS DE COMUNICACIÓN Y TECNOLOGÍAS DE LA COMUNICACIÓN"", ""descripcion"": ""EN COMISION""}",False,,seguimiento_institucional,True,https://parlamentaria.legislatura.gob.ar/pages/expediente.aspx?id=141442,False
141434,1930-D-2026,2026-06-17T12:26:31,"PESAR POR EL FALLECIMIENTO DE LIDIA ESTELA MERCEDES MIY URANGA DE ALMEIDA, CONOCIDA PÚBLICAMENTE COMO TATY ALMEIDA",coautora,coautora,True,True,26,"LA BLUNDA, ANDRÉS | BARROETAVEÑA, MATÍAS | BIASI, VANINA | BIELLI, MARÍA | CAPORICCIO, FRANCISCO | D´ATRI, ANDREA | FERRARIO, EMMANUEL | FERREÑO, CLAUDIO AMÉRICO | FREIRE, VICTORIA | GEMINIANI, NOEMÍ | GONZÁLEZ, ANDREA MARIANA | GRILLO, ALEJANDRO OMAR | IAÑEZ, BERENICE | LAMMENS , MATÍAS | LOUPIAS, FRANCISCO | MOCHI, FEDERICO | MODARELLI, JUAN PABLO | NEGRI, CLAUDIA | NEIRA, CLAUDIA | OCAÑA, MARÍA GRACIELA | PEÑAFORT, GRACIANA | ROSSEN, BÁRBARA | SALVATIERRA, ALEJANDRO | SANTORO, LEANDRO | THOURTE, MANUELA | VELÁZQUEZ, DELFINA",DECLARACION,ingresado,en_comision,MEP,"DERECHOS HUMANOS, GARANTÍAS Y ANTIDISCRIMINACIÓN","{""fecha"": ""2026-06-23"", ""oficina"": ""MEP"", ""descripcion"": ""EXPEDIENTE EN MEP AGREGADO A UN EXPEDIENTE CABEZA""}",False,,seguimiento_institucional,True,https://parlamentaria.legislatura.gob.ar/pages/expediente.aspx?id=141434,False
141404,1909-D-2026,2026-06-12T15:42:23,DECLÁRASE EL 7 DE ABRIL DE CADA AÑO COMO EL “DÍA DEL MÉDICO OCULOPLÁSTICO”,autora,autora,True,True,2,"NEGRI, CLAUDIA | NEIRA, CLAUDIA",LEY,en_comision,en_comision,SALUD,SALUD,"{""fecha"": ""2026-06-17"", ""oficina"": ""SALUD"", ""descripcion"": ""EN COMISION""}",False,,seguimiento_institucional,True,https://parlamentaria.legislatura.gob.ar/pages/expediente.aspx?id=141404,False
141402,1907-D-2026,2026-06-12T15:23:05,INFORMES REFERIDOS A LA IMPLEMENTACIÓN DEL RÉGIMEN DE BOLETO EDUCATIVO,coautora,coautora,True,True,18,"VELÁZQUEZ, DELFINA | BARROETAVEÑA, MATÍAS | BIELLI, MARÍA | CAPORICCIO, FRANCISCO | FERREÑO, CLAUDIO AMÉRICO | FREIRE, VICTORIA | GEMINIANI, NOEMÍ | GRILLO, ALEJANDRO OMAR | IAÑEZ, BERENICE | LA BLUNDA, ANDRÉS | LAMMENS , MATÍAS | MOCHI, FEDERICO | MODARELLI, JUAN PABLO | NEGRI, CLAUDIA | NEIRA, CLAUDIA | PEÑAFORT, GRACIANA | ROSSEN, BÁRBARA | SALVATIERRA, ALEJANDRO",RESOLUCION,despacho,con_dictamen,DGDP,"EDUCACIÓN, CIENCIA Y TECNOLOGÍA","{""fecha"": ""2026-08-21"", ""oficina"": ""DGDP"", ""descripcion"": ""DESPACHO NUMERADO. ESPERANDO INICIO DE PLAZO DE OBSERVACIONES""}",False,,agenda | seguimiento_institucional,True,https://parlamentaria.legislatura.gob.ar/pages/expediente.aspx?id=141402,False
141350,1860-D-2026,2026-06-10T11:32:44,DECLÁRASE DE INTERÉS PARA LA COMUNICACIÓN SOCIAL Y LA SALUD A LA CUENTA DE INSTAGRAM “@MIVIDACONESME”,autora,autora,True,True,1,"NEGRI, CLAUDIA",DECLARACION,archivado,archivado,ARCHIVO,"COMUNICACIÓN SOCIAL, MEDIOS DE COMUNICACIÓN Y TECNOLOGÍAS DE LA COMUNICACIÓN","{""fecha"": ""2026-08-27"", ""oficina"": ""ARCHIVO"", ""descripcion"": ""EXPEDIENTE EN ARCHIVO CON DATOS BANK INGRESADOS""}",True,ficha_oficial.hitos.tuvo_sancion | ficha_oficial.sanciones | actividad_recinto,seguimiento_institucional | recinto,True,https://parlamentaria.legislatura.gob.ar/pages/expediente.aspx?id=141350,False
141326,1844-D-2026,2026-06-09T13:55:37,"PESAR POR EL FALLECIMIENTO DE ELVA ""CHUNCHUNA"" VILLAFAÑE",coautora,coautora,True,True,12,"NEIRA, CLAUDIA | BIELLI, MARÍA | FERREÑO, CLAUDIO AMÉRICO | FREIRE, VICTORIA | GRILLO, ALEJANDRO OMAR | LA BLUNDA, ANDRÉS | MODARELLI, JUAN PABLO | NEGRI, CLAUDIA | PEÑAFORT, GRACIANA | ROSSEN, BÁRBARA | SALVATIERRA, ALEJANDRO | SANTORO, LEANDRO",DECLARACION,sancionado,sancionado,MEP,CULTURA,"{""fecha"": ""2026-06-24"", ""oficina"": ""MEP"", ""descripcion"": ""SANCIONADO. EN MEP ESPERANDO COMUNICACION CON EL PE U OTRAS ENTIDADES""}",True,estado_actual | etapa_ciclo | ficha_oficial.hitos.tuvo_sancion | ficha_oficial.sanciones | actividad_recinto,seguimiento_institucional | recinto,True,https://parlamentaria.legislatura.gob.ar/pages/expediente.aspx?id=141326,False
141325,1843-D-2026,2026-06-09T13:55:31,CONMEMORASE EL “DÍA INTERNACIONAL DE LA LUCHA CONTRA EL USO INDEBIDO DE DROGAS”,autora,autora,True,True,1,"NEGRI, CLAUDIA",DECLARACION,archivado,archivado,ARCHIVO,SALUD,"{""fecha"": ""2026-08-27"", ""oficina"": ""ARCHIVO"", ""descripcion"": ""EXPEDIENTE EN ARCHIVO CON DATOS BANK INGRESADOS""}",True,ficha_oficial.hitos.tuvo_sancion | ficha_oficial.sanciones | actividad_recinto,seguimiento_institucional | recinto,True,https://parlamentaria.legislatura.gob.ar/pages/expediente.aspx?id=141325,False
141317,1834-D-2026,2026-06-09T11:26:42,REPUDIO AL CUMPLIRSE UN AÑO DE LA PROSCRIPCIÓN POLÍTICA Y LA INJUSTA PRIVACIÓN DE LA LIBERTAD DE CRISTINA FERNÁNDEZ DE KIRCHNER,coautora,coautora,True,True,20,"VELÁZQUEZ, DELFINA | BARROETAVEÑA, MATÍAS | BIELLI, MARÍA | CAPORICCIO, FRANCISCO | FERREÑO, CLAUDIO AMÉRICO | FREIRE, VICTORIA | GEMINIANI, NOEMÍ | GONZÁLEZ, ANDREA MARIANA | GRILLO, ALEJANDRO OMAR | IAÑEZ, BERENICE | LA BLUNDA, ANDRÉS | LAMMENS , MATÍAS | MOCHI, FEDERICO | MODARELLI, JUAN PABLO | NEGRI, CLAUDIA | NEIRA, CLAUDIA | PEÑAFORT, GRACIANA | ROSSEN, BÁRBARA | SALVATIERRA, ALEJANDRO | SANTORO, LEANDRO",DECLARACION,en_comision,en_comision,ASUNTOS CONSTITUCIONALES,ASUNTOS CONSTITUCIONALES,"{""fecha"": ""2026-06-11"", ""oficina"": ""ASUNTOS CONSTITUCIONALES"", ""descripcion"": ""EN COMISION""}",False,,seguimiento_institucional,True,https://parlamentaria.legislatura.gob.ar/pages/expediente.aspx?id=141317,False
141296,1818-D-2026,2026-06-05T16:30:23,RECONOCIMIENTO A JORGE COSTALES POR SU COMPROMISO CON LA PRESERVACIÓN DE LA MEMORIA HISTÓRICA DE LOS FUSILAMIENTOS DE JUNIO DE 1956 Y DISPÓNESE LA ENTREGA DE UNA BANDEJA PROTOCOLAR,coautora,coautora,True,True,18,"FERREÑO, CLAUDIO AMÉRICO | BARROETAVEÑA, MATÍAS | BIELLI, MARÍA | CAPORICCIO, FRANCISCO | GEMINIANI, NOEMÍ | GRILLO, ALEJANDRO OMAR | IAÑEZ, BERENICE | LA BLUNDA, ANDRÉS | LAMMENS , MATÍAS | MOCHI, FEDERICO | MODARELLI, JUAN PABLO | NEGRI, CLAUDIA | NEIRA, CLAUDIA | PEÑAFORT, GRACIANA | ROSSEN, BÁRBARA | SALVATIERRA, ALEJANDRO | SANTORO, LEANDRO | VELÁZQUEZ, DELFINA",RESOLUCION,archivado,archivado,ARCHIVO,"DERECHOS HUMANOS, GARANTÍAS Y ANTIDISCRIMINACIÓN","{""fecha"": ""2026-07-29"", ""oficina"": ""ARCHIVO"", ""descripcion"": ""EN ARCHIVO. ESPERANDO INGRESO DE DATOS BANK (ESPERANDO RECEPCION)""}",True,ficha_oficial.hitos.tuvo_sancion | ficha_oficial.sanciones | actividad_recinto,seguimiento_institucional | recinto,True,https://parlamentaria.legislatura.gob.ar/pages/expediente.aspx?id=141296,False
141288,1810-D-2026,2026-06-05T12:21:38,"PESAR POR EL FALLECIMIENTO DE CARLOS ALBERTO SOLARI, “EL INDIO SOLARI”",coautora,coautora,True,True,20,"SANTORO, LEANDRO | BARROETAVEÑA, MATÍAS | BIELLI, MARÍA | CAPORICCIO, FRANCISCO | FERREÑO, CLAUDIO AMÉRICO | FREIRE, VICTORIA | GEMINIANI, NOEMÍ | GONZÁLEZ, ANDREA MARIANA | GRILLO, ALEJANDRO OMAR | IAÑEZ, BERENICE | LA BLUNDA, ANDRÉS | LAMMENS , MATÍAS | MOCHI, FEDERICO | MODARELLI, JUAN PABLO | NEGRI, CLAUDIA | NEIRA, CLAUDIA | PEÑAFORT, GRACIANA | ROSSEN, BÁRBARA | SALVATIERRA, ALEJANDRO | VELÁZQUEZ, DELFINA",DECLARACION,en_comision,en_comision,CULTURA,CULTURA,"{""fecha"": ""2026-06-08"", ""oficina"": ""CULTURA"", ""descripcion"": ""EXPEDIENTE AGREGADO A UN EXPEDIENTE-CABEZA""}",False,,seguimiento_institucional,True,https://parlamentaria.legislatura.gob.ar/pages/expediente.aspx?id=141288,False
141280,1802-D-2026,2026-06-04T16:53:38,MODIFICASE LA LEY 1472 - CÓDIGO CONTRAVENCIONAL - CUIDADO DE COCHES SIN AUTORIZACIÓN,coautora,coautora,True,True,7,"NEIRA, CLAUDIA | CAPORICCIO, FRANCISCO | GRILLO, ALEJANDRO OMAR | LA BLUNDA, ANDRÉS | MOCHI, FEDERICO | MODARELLI, JUAN PABLO | NEGRI, CLAUDIA",LEY,en_comision,en_comision,JUSTICIA,JUSTICIA | ASUNTOS CONSTITUCIONALES,"{""fecha"": ""2026-06-08"", ""oficina"": ""JUSTICIA"", ""descripcion"": ""EN COMISION""}",False,,seguimiento_institucional,True,https://parlamentaria.legislatura.gob.ar/pages/expediente.aspx?id=141280,False
141257,1780-D-2026,2026-06-03T16:51:27,"DECLÁRASE DE INTERÉS CULTURAL DE AL MURAL EN HOMENAJE A CHARLY GARCÍA,EMPLAZADO EN LA INTERSECCIÓN DE LA AV. CALLAO Y LA AV. CORRIENTES.",coautora,coautora,True,True,8,"PEÑAFORT, GRACIANA | CAPORICCIO, FRANCISCO | LA BLUNDA, ANDRÉS | MOCHI, FEDERICO | NEGRI, CLAUDIA | NEIRA, CLAUDIA | ROSSEN, BÁRBARA | SANTORO, LEANDRO",DECLARACION,archivado,archivado,ARCHIVO,CULTURA,"{""fecha"": ""2026-07-29"", ""oficina"": ""ARCHIVO"", ""descripcion"": ""EN ARCHIVO. ESPERANDO INGRESO DE DATOS BANK (ESPERANDO RECEPCION)""}",True,ficha_oficial.hitos.tuvo_sancion | ficha_oficial.sanciones | actividad_recinto,seguimiento_institucional | recinto,True,https://parlamentaria.legislatura.gob.ar/pages/expediente.aspx?id=141257,False
141248,1772-D-2026,2026-06-03T14:36:57,FORTALECIMIENTO DE LA SALUD PÚBLICA FRENTE A LOS PRODUCTOS EMERGENTES DE NICOTINA Y TABACO,autora,autora,True,True,1,"NEGRI, CLAUDIA",LEY,en_comision,en_comision,SALUD,"SALUD | DESARROLLO ECONÓMICO Y MERCOSUR | PRESUPUESTO, HACIENDA, ADMINISTRACIÓN FINANCIERA Y POLÍTICA TRIBUTARIA","{""fecha"": ""2026-06-04"", ""oficina"": ""SALUD"", ""descripcion"": ""EN COMISION""}",False,,seguimiento_institucional,True,https://parlamentaria.legislatura.gob.ar/pages/expediente.aspx?id=141248,False
141225,1750-D-2026,2026-06-02T14:22:50,INFORMES REFERIDOS A LA SEGURIDAD EN EL HOSPITAL DURAND.,coautora,coautora,True,True,3,"VELÁZQUEZ, DELFINA | GRILLO, ALEJANDRO OMAR | NEGRI, CLAUDIA",RESOLUCION,en_comision,en_comision,SALUD,SALUD,"{""fecha"": ""2026-06-04"", ""oficina"": ""SALUD"", ""descripcion"": ""EN COMISION""}",False,,seguimiento_institucional,True,https://parlamentaria.legislatura.gob.ar/pages/expediente.aspx?id=141225,False
141172,1704-D-2026,2026-05-29T15:34:07,DECLÁRASE DE INTERÉS SANITARIO LA JORNADA DE CONCIENTIZACIÓN SOBRE LA LACTANCIA MATERNA,autora,autora,True,True,1,"NEGRI, CLAUDIA",DECLARACION,archivado,archivado,ARCHIVO,SALUD,"{""fecha"": ""2026-08-27"", ""oficina"": ""ARCHIVO"", ""descripcion"": ""EXPEDIENTE EN ARCHIVO CON DATOS BANK INGRESADOS""}",True,ficha_oficial.hitos.tuvo_sancion | ficha_oficial.sanciones | actividad_recinto,seguimiento_institucional | recinto,True,https://parlamentaria.legislatura.gob.ar/pages/expediente.aspx?id=141172,False
141145,1685-D-2026,2026-05-28T14:44:26,"DECLÁRASE DE INTERÉS SANITARIO LA ACTIVIDAD DE SENSIBILIZACIÓN “LA DETECCIÓN TEMPRANA CAMBIA HISTORIAS: CHEQUEATE HOY, CUIDATE SIEMPRE.”, PARA LA PREVENCIÓN DEL CÁNCER DE MAMA",autora,autora,True,True,1,"NEGRI, CLAUDIA",DECLARACION,sancionado,sancionado,MEP,SALUD,"{""fecha"": ""2026-08-31"", ""oficina"": ""MEP"", ""descripcion"": ""SANCIONADO. EN MEP ESPERANDO COMUNICACION CON EL PE U OTRAS ENTIDADES""}",True,estado_actual | etapa_ciclo | ficha_oficial.hitos.tuvo_sancion | ficha_oficial.sanciones | actividad_recinto,seguimiento_institucional | recinto,True,https://parlamentaria.legislatura.gob.ar/pages/expediente.aspx?id=141145,False
141138,1678-D-2026,2026-05-28T12:11:39,"INFORMES VINCULADOS AL INCREMENTO REGISTRADO EN LA FUNCIÓN DIRECCIÓN EJECUTIVA, DENTRO DE LA FINALIDAD ADMINISTRACIÓN GUBERNAMENTAL, EN LA EJECUCIÓN PRESUPUESTARIA CORRESPONDIENTE AL PRIMER TRIMESTRE DEL EJERCICIO 2026",coautora,coautora,True,True,11,"IAÑEZ, BERENICE | BARROETAVEÑA, MATÍAS | BIELLI, MARÍA | CAPORICCIO, FRANCISCO | FREIRE, VICTORIA | LAMMENS , MATÍAS | MOCHI, FEDERICO | MODARELLI, JUAN PABLO | NEGRI, CLAUDIA | NEIRA, CLAUDIA | PEÑAFORT, GRACIANA",RESOLUCION,sancionado,sancionado,MEP,"PRESUPUESTO, HACIENDA, ADMINISTRACIÓN FINANCIERA Y POLÍTICA TRIBUTARIA","{""fecha"": ""2026-08-31"", ""oficina"": ""MEP"", ""descripcion"": ""SANCIONADO. EN MEP ESPERANDO COMUNICACION CON EL PE U OTRAS ENTIDADES""}",True,estado_actual | etapa_ciclo | ficha_oficial.hitos.tuvo_sancion | ficha_oficial.sanciones | actividad_recinto,seguimiento_institucional | recinto,True,https://parlamentaria.legislatura.gob.ar/pages/expediente.aspx?id=141138,False
140975,1540-D-2026,2026-05-18T16:11:41,INFORMES REFERIDOS A LA PRESUNTA CREACIÓN DEL NUEVO SERVICIO DE “CRÓNICAS SOCIALES” EN EL HOSPITAL NEUROPSIQUIÁTRICO BRAULIO A. MOYANO,coautora,coautora,True,True,3,"GONZÁLEZ, ANDREA MARIANA | IAÑEZ, BERENICE | NEGRI, CLAUDIA",RESOLUCION,archivado,archivado,ARCHIVO,SALUD,"{""fecha"": ""2026-08-25"", ""oficina"": ""ARCHIVO"", ""descripcion"": ""EN ARCHIVO. ESPERANDO INGRESO DE DATOS BANK (ESPERANDO RECEPCION)""}",True,ficha_oficial.hitos.tuvo_sancion | ficha_oficial.sanciones | actividad_recinto,seguimiento_institucional | recinto,True,https://parlamentaria.legislatura.gob.ar/pages/expediente.aspx?id=140975,False
140974,1539-D-2026,2026-05-18T16:10:51,"PREOCUPACION POR LOS OPERATIVOS DE SATURACIÓN LLEVADOS A CABO LA NOCHE DEL 14 DE MAYO DEL CORRIENTE, EN SIMULTÁNEO EN DISTINTOS BARRIOS POPULARES DE ESTA CIUDAD",coautora,coautora,True,True,13,"GONZÁLEZ, ANDREA MARIANA | BIELLI, MARÍA | CAPORICCIO, FRANCISCO | FREIRE, VICTORIA | GEMINIANI, NOEMÍ | GRILLO, ALEJANDRO OMAR | IAÑEZ, BERENICE | LA BLUNDA, ANDRÉS | MODARELLI, JUAN PABLO | NEGRI, CLAUDIA | NEIRA, CLAUDIA | PEÑAFORT, GRACIANA | SALVATIERRA, ALEJANDRO",DECLARACION,en_comision,en_comision,SEGURIDAD,SEGURIDAD,"{""fecha"": ""2026-05-20"", ""oficina"": ""SEGURIDAD"", ""descripcion"": ""EN COMISION""}",False,,seguimiento_institucional,True,https://parlamentaria.legislatura.gob.ar/pages/expediente.aspx?id=140974,False
140931,1496-D-2026,2026-05-14T15:48:06,CONMEMORASE LA SEMANA MUNDIAL DE LA LACTANCIA MATERNA 2026,autora,autora,True,True,1,"NEGRI, CLAUDIA",DECLARACION,archivado,archivado,ARCHIVO,SALUD,"{""fecha"": ""2026-08-27"", ""oficina"": ""ARCHIVO"", ""descripcion"": ""EXPEDIENTE EN ARCHIVO CON DATOS BANK INGRESADOS""}",True,ficha_oficial.hitos.tuvo_sancion | ficha_oficial.sanciones | actividad_recinto,seguimiento_institucional | recinto,True,https://parlamentaria.legislatura.gob.ar/pages/expediente.aspx?id=140931,False
140901,1471-D-2026,2026-05-13T15:47:49,ACCESIBILIDAD UNIVERSAL A LA INFORMACIÓN GASTRONÓMICA OFRECIDA AL PÚBLICO,coautora,coautora,True,True,6,"FERREÑO, CLAUDIO AMÉRICO | GRILLO, ALEJANDRO OMAR | IAÑEZ, BERENICE | LA BLUNDA, ANDRÉS | NEGRI, CLAUDIA | NEIRA, CLAUDIA",LEY,en_comision,en_comision,DESARROLLO ECONÓMICO Y MERCOSUR,DESARROLLO ECONÓMICO Y MERCOSUR | DISCAPACIDAD,"{""fecha"": ""2026-05-19"", ""oficina"": ""DESARROLLO ECONÓMICO Y MERCOSUR"", ""descripcion"": ""EN COMISION""}",False,,seguimiento_institucional,True,https://parlamentaria.legislatura.gob.ar/pages/expediente.aspx?id=140901,False
140845,1421-D-2026,2026-05-08T14:17:36,"PROTECCIÓN DE DERECHOS Y PREVENCIÓN DE LAS VIOLENCIAS CONTRA LAS NIÑAS, LOS NIÑOS Y ADOLESCENTES EN ENTORNOS DIGITALES",coautora,coautora,True,True,13,"BIELLI, MARÍA | BARROETAVEÑA, MATÍAS | CAPORICCIO, FRANCISCO | FREIRE, VICTORIA | GEMINIANI, NOEMÍ | GONZÁLEZ, ANDREA MARIANA | LA BLUNDA, ANDRÉS | MOCHI, FEDERICO | MODARELLI, JUAN PABLO | NEGRI, CLAUDIA | NEIRA, CLAUDIA | ROSSEN, BÁRBARA | VELÁZQUEZ, DELFINA",LEY,en_comision,en_comision,"EDUCACIÓN, CIENCIA Y TECNOLOGÍA","EDUCACIÓN, CIENCIA Y TECNOLOGÍA | NIÑEZ, ADOLESCENCIA Y JUVENTUD | COMUNICACIÓN SOCIAL, MEDIOS DE COMUNICACIÓN Y TECNOLOGÍAS DE LA COMUNICACIÓN | JUSTICIA | ASUNTOS CONSTITUCIONALES","{""fecha"": ""2026-06-02"", ""oficina"": ""EDUCACIÓN, CIENCIA Y TECNOLOGÍA"", ""descripcion"": ""EN COMISION""}",False,,agenda | seguimiento_institucional | recinto,True,https://parlamentaria.legislatura.gob.ar/pages/expediente.aspx?id=140845,False
140825,1403-D-2026,2026-05-07T16:55:01,"ADHIÉRESE A LA CUARTA EDICIÓN DE LA MARCHA FEDERAL UNIVERSITARIA A REALIZARSE EL 12 DE MAYO DE 2026, EN RECONOCIMIENTO A SU ROL ESTRATÉGICO EN LA DEFENSA Y PROMOCIÓN DEL DERECHO A LA EDUCACIÓN.-",coautora,coautora,True,True,27,"MOCHI, FEDERICO | ALIFRACO, EDGARDO NESTOR | BARROETAVEÑA, MATÍAS | BIELLI, MARÍA | CAPORICCIO, FRANCISCO | CRUCITTA, ALDANA BELÉN | FERRARIO, EMMANUEL | FERREÑO, CLAUDIO AMÉRICO | FREIRE, VICTORIA | GEMINIANI, NOEMÍ | GONZÁLEZ, ANDREA MARIANA | GRILLO, ALEJANDRO OMAR | IAÑEZ, BERENICE | LAMMENS , MATÍAS | MODARELLI, JUAN PABLO | NEGRI, CLAUDIA | NEIRA, CLAUDIA | OCAÑA, MARÍA GRACIELA | PEÑAFORT, GRACIANA | RODRÍGUEZ LARRETA, HORACIO | ROSSEN, BÁRBARA | SALVATIERRA, ALEJANDRO | SANTORO, LEANDRO | SUÁREZ, GUILLERMO | TAGLIAFERRI, GUADALUPE | THOURTE, MANUELA | VELÁZQUEZ, DELFINA",DECLARACION,en_comision,en_comision,"EDUCACIÓN, CIENCIA Y TECNOLOGÍA","EDUCACIÓN, CIENCIA Y TECNOLOGÍA","{""fecha"": ""2026-05-13"", ""oficina"": ""EDUCACIÓN, CIENCIA Y TECNOLOGÍA"", ""descripcion"": ""EN COMISION""}",False,,seguimiento_institucional,True,https://parlamentaria.legislatura.gob.ar/pages/expediente.aspx?id=140825,False
140805,1392-D-2026,2026-05-07T14:50:27,INFORMES REFERIDOS A LA IMPLEMENTACIÓN DE LA LEY 6360,coautora,coautora,True,True,6,"CAPORICCIO, FRANCISCO | NEGRI, CLAUDIA | NEIRA, CLAUDIA | OCAÑA, MARÍA GRACIELA | ROSSEN, BÁRBARA | THOURTE, MANUELA",RESOLUCION,sancionado,sancionado,MEP,SALUD,"{""fecha"": ""2026-06-23"", ""oficina"": ""MEP"", ""descripcion"": ""SANCIONADO. EN MEP ESPERANDO COMUNICACION CON EL PE U OTRAS ENTIDADES""}",True,estado_actual | etapa_ciclo | ficha_oficial.hitos.tuvo_sancion | ficha_oficial.sanciones | actividad_recinto,seguimiento_institucional | recinto,True,https://parlamentaria.legislatura.gob.ar/pages/expediente.aspx?id=140805,False
140799,1386-D-2026,2026-05-07T14:33:07,"INFORMES ACERCA DE LAS POLÍTICAS Y PROGRAMAS DE PREVENCIÓN DEL CONSUMO DE NUEVOS PRODUCTOS DE NICOTINA, ACTUALMENTE VIGENTES EN EL ÁMBITO DE LA CIUDAD",autora,autora,True,True,6,"NEGRI, CLAUDIA | BARROETAVEÑA, MATÍAS | GEMINIANI, NOEMÍ | GONZÁLEZ, ANDREA MARIANA | NEIRA, CLAUDIA | VELÁZQUEZ, DELFINA",RESOLUCION,sancionado,sancionado,MEP,SALUD,"{""fecha"": ""2026-05-15"", ""oficina"": ""MEP"", ""descripcion"": ""SANCIONADO. EN MEP ESPERANDO COMUNICACION CON EL PE U OTRAS ENTIDADES""}",True,estado_actual | etapa_ciclo | ficha_oficial.hitos.tuvo_sancion | ficha_oficial.sanciones | actividad_recinto,seguimiento_institucional | recinto,True,https://parlamentaria.legislatura.gob.ar/pages/expediente.aspx?id=140799,False
140797,1383-D-2026,2026-05-07T14:07:21,PREOCUPACIÓN POR LA SITUACIÓN QUE ATRAVIESAN LOS HOSPITALES DE LA UNIVERSIDAD DE BUENOS AIRES DEBIDO AL INCUMPLIMIENTO DE LAS LEYES NACIONALES 27795 Y 27798,autora,autora,True,True,14,"NEGRI, CLAUDIA | BIELLI, MARÍA | CAPORICCIO, FRANCISCO | FERREÑO, CLAUDIO AMÉRICO | GONZÁLEZ, ANDREA MARIANA | GRILLO, ALEJANDRO OMAR | IAÑEZ, BERENICE | LAMMENS , MATÍAS | MOCHI, FEDERICO | MODARELLI, JUAN PABLO | NEIRA, CLAUDIA | OCAÑA, MARÍA GRACIELA | PEÑAFORT, GRACIANA | SANTORO, LEANDRO",DECLARACION,archivado,archivado,ARCHIVO,SALUD,"{""fecha"": ""2026-08-05"", ""oficina"": ""ARCHIVO"", ""descripcion"": ""EXPEDIENTE EN ARCHIVO CON DATOS BANK INGRESADOS""}",True,ficha_oficial.hitos.tuvo_sancion | ficha_oficial.sanciones | actividad_recinto,seguimiento_institucional | recinto,True,https://parlamentaria.legislatura.gob.ar/pages/expediente.aspx?id=140797,False
140792,1378-D-2026,2026-05-07T11:06:52,INFORMES REFERIDOS A LA LICITACIÓN PÚBLICA 401-0087-LPU25 Y AL FUNCIONAMIENTO DEL INSTITUTO DE ZOONOSIS LUIS PASTEUR.-,coautora,coautora,True,True,7,"VELÁZQUEZ, DELFINA | BARROETAVEÑA, MATÍAS | BIELLI, MARÍA | GEMINIANI, NOEMÍ | GONZÁLEZ, ANDREA MARIANA | MODARELLI, JUAN PABLO | NEGRI, CLAUDIA",RESOLUCION,sancionado,sancionado,MEP,SALUD,"{""fecha"": ""2026-09-02"", ""oficina"": ""MEP"", ""descripcion"": ""SANCIONADO. EN MEP ESPERANDO COMUNICACION CON EL PE U OTRAS ENTIDADES (ESPERANDO RECEPCION)""}",True,estado_actual | etapa_ciclo | ficha_oficial.hitos.tuvo_sancion | ficha_oficial.sanciones,seguimiento_institucional | recinto,True,https://parlamentaria.legislatura.gob.ar/pages/expediente.aspx?id=140792,False
140791,1377-D-2026,2026-05-07T11:05:46,INFORMES REFERIDOS A LA APLICACIÓN EN LA CABA DE LA LEY 27713 DE CARDIOPATÍAS CONGÉNITAS.-,coautora,coautora,True,True,7,"VELÁZQUEZ, DELFINA | BARROETAVEÑA, MATÍAS | BIELLI, MARÍA | GEMINIANI, NOEMÍ | GONZÁLEZ, ANDREA MARIANA | MODARELLI, JUAN PABLO | NEGRI, CLAUDIA",RESOLUCION,en_comision,en_comision,SALUD,SALUD,"{""fecha"": ""2026-05-11"", ""oficina"": ""SALUD"", ""descripcion"": ""EN COMISION""}",False,,seguimiento_institucional,True,https://parlamentaria.legislatura.gob.ar/pages/expediente.aspx?id=140791,False
140779,1366-D-2026,2026-05-06T14:30:01,PREOCUPACIÓN POR EL INCUMPLIMIENTO DE LA LEY 27795 DE FINANCIAMIENTO DE LA EDUCACIÓN UNIVERSITARIA POR PARTE DEL PODER EJECUTIVO NACIONAL,coautora,coautora,True,True,10,"BIELLI, MARÍA | CAPORICCIO, FRANCISCO | GEMINIANI, NOEMÍ | GRILLO, ALEJANDRO OMAR | LA BLUNDA, ANDRÉS | LAMMENS , MATÍAS | MOCHI, FEDERICO | MODARELLI, JUAN PABLO | NEGRI, CLAUDIA | SALVATIERRA, ALEJANDRO",DECLARACION,sancionado,sancionado,MEP,Asuntos Metropolitanos y Relaciones Interjurisdiccionales,"{""fecha"": ""2026-05-15"", ""oficina"": ""MEP"", ""descripcion"": ""SANCIONADO. EN MEP ESPERANDO COMUNICACION CON EL PE U OTRAS ENTIDADES (ESPERANDO RECEPCION)""}",True,estado_actual | etapa_ciclo | ficha_oficial.hitos.tuvo_sancion | ficha_oficial.sanciones | actividad_recinto,seguimiento_institucional | recinto,True,https://parlamentaria.legislatura.gob.ar/pages/expediente.aspx?id=140779,False
140774,1361-D-2026,2026-05-06T11:17:06,CRÉANSE UNIDADES DE ESTABILIZACIÓN DEL RIESGO SUICIDA (UERS).-,autora,autora,True,True,2,"NEGRI, CLAUDIA | NEIRA, CLAUDIA",LEY,en_comision,en_comision,SALUD,"SALUD | PRESUPUESTO, HACIENDA, ADMINISTRACIÓN FINANCIERA Y POLÍTICA TRIBUTARIA","{""fecha"": ""2026-05-08"", ""oficina"": ""SALUD"", ""descripcion"": ""EN COMISION""}",False,,seguimiento_institucional,True,https://parlamentaria.legislatura.gob.ar/pages/expediente.aspx?id=140774,False
140747,1335-D-2026,2026-05-04T13:12:20,RÉGIMEN DE EXPANSIÓN PRODUCTIVA PORTEÑA (REPP).-,coautora,coautora,True,True,15,"NEIRA, CLAUDIA | BARROETAVEÑA, MATÍAS | CAPORICCIO, FRANCISCO | GRILLO, ALEJANDRO OMAR | IAÑEZ, BERENICE | LA BLUNDA, ANDRÉS | LAMMENS , MATÍAS | MOCHI, FEDERICO | MODARELLI, JUAN PABLO | NEGRI, CLAUDIA | PEÑAFORT, GRACIANA | ROSSEN, BÁRBARA | SALVATIERRA, ALEJANDRO | SANTORO, LEANDRO | VELÁZQUEZ, DELFINA",LEY,en_comision,en_comision,DESARROLLO ECONÓMICO Y MERCOSUR,"DESARROLLO ECONÓMICO Y MERCOSUR | PRESUPUESTO, HACIENDA, ADMINISTRACIÓN FINANCIERA Y POLÍTICA TRIBUTARIA","{""fecha"": ""2026-05-11"", ""oficina"": ""DESARROLLO ECONÓMICO Y MERCOSUR"", ""descripcion"": ""EN COMISION""}",False,,seguimiento_institucional,True,https://parlamentaria.legislatura.gob.ar/pages/expediente.aspx?id=140747,False
140741,1329-D-2026,2026-05-04T12:06:45,MODIFÍCASE LA LEY 6927.-,coautora,coautora,True,True,5,"NEIRA, CLAUDIA | BARROETAVEÑA, MATÍAS | CAPORICCIO, FRANCISCO | NEGRI, CLAUDIA | PEÑAFORT, GRACIANA",LEY,en_comision,en_comision,"PRESUPUESTO, HACIENDA, ADMINISTRACIÓN FINANCIERA Y POLÍTICA TRIBUTARIA","PRESUPUESTO, HACIENDA, ADMINISTRACIÓN FINANCIERA Y POLÍTICA TRIBUTARIA","{""fecha"": ""2026-05-12"", ""oficina"": ""PRESUPUESTO, HACIENDA, ADMINISTRACIÓN FINANCIERA Y POLÍTICA TRIBUTARIA"", ""descripcion"": ""EN COMISION""}",False,,seguimiento_institucional,True,https://parlamentaria.legislatura.gob.ar/pages/expediente.aspx?id=140741,False
140735,1325-D-2026,2026-05-04T10:02:05,INFORMES RELACIONADOS AL DESALOJO LLEVADO A CABO EN LA CALLE BARZANA 1236,coautora,coautora,True,True,10,"NEIRA, CLAUDIA | BARROETAVEÑA, MATÍAS | CAPORICCIO, FRANCISCO | FERREÑO, CLAUDIO AMÉRICO | GEMINIANI, NOEMÍ | GRILLO, ALEJANDRO OMAR | IAÑEZ, BERENICE | LAMMENS , MATÍAS | NEGRI, CLAUDIA | ROSSEN, BÁRBARA",RESOLUCION,en_comision,en_comision,DESARROLLO ECONÓMICO Y MERCOSUR,DESARROLLO ECONÓMICO Y MERCOSUR,"{""fecha"": ""2026-05-11"", ""oficina"": ""DESARROLLO ECONÓMICO Y MERCOSUR"", ""descripcion"": ""EN COMISION""}",False,,seguimiento_institucional,True,https://parlamentaria.legislatura.gob.ar/pages/expediente.aspx?id=140735,False
140723,1314-D-2026,2026-04-30T11:28:53,PEDIDOS DE INFORMES RELACIONADOS A LOS INMUEBLES CON EMERGENCIA EDILICIA Y LAS INTERVENCIONES ESTATALES ASOCIADAS.-,coautora,coautora,True,True,17,"NEIRA, CLAUDIA | BARROETAVEÑA, MATÍAS | BIELLI, MARÍA | CAPORICCIO, FRANCISCO | FERREÑO, CLAUDIO AMÉRICO | FREIRE, VICTORIA | GEMINIANI, NOEMÍ | GONZÁLEZ, ANDREA MARIANA | GRILLO, ALEJANDRO OMAR | IAÑEZ, BERENICE | LA BLUNDA, ANDRÉS | LAMMENS , MATÍAS | MOCHI, FEDERICO | MODARELLI, JUAN PABLO | NEGRI, CLAUDIA | PEÑAFORT, GRACIANA | SALVATIERRA, ALEJANDRO",RESOLUCION,en_comision,en_comision,PLANEAMIENTO URBANO,PLANEAMIENTO URBANO,"{""fecha"": ""2026-05-05"", ""oficina"": ""PLANEAMIENTO URBANO"", ""descripcion"": ""EN COMISION""}",False,,seguimiento_institucional,True,https://parlamentaria.legislatura.gob.ar/pages/expediente.aspx?id=140723,False
140715,1310-D-2026,2026-04-29T16:33:22,PREOCUPACIÓN FRENTE AL INCUMPLIMIENTO DE LA CADENA DE PAGO Y DESFINANCIAMIENTO QUE ATRAVIESA EL HOGAR Y CENTRO DE ATENCIÓN TERAPÉUTICA (CET) “PROMOVER”,coautora,coautora,True,True,6,"GONZÁLEZ, ANDREA MARIANA | BIASI, VANINA | FREIRE, VICTORIA | GRILLO, ALEJANDRO OMAR | NEGRI, CLAUDIA | SANTORO, LEANDRO",DECLARACION,en_comision,en_comision,DISCAPACIDAD,DISCAPACIDAD,"{""fecha"": ""2026-05-11"", ""oficina"": ""DISCAPACIDAD"", ""descripcion"": ""EN COMISION""}",False,,seguimiento_institucional,True,https://parlamentaria.legislatura.gob.ar/pages/expediente.aspx?id=140715,False
140675,1278-D-2026,2026-04-27T11:01:18,"INFORMES REFERIDOS AL USO, DISPONIBILIDAD, PROTOCOLOS Y MECANISMOS DE CONTROL DE LAS CÁMARAS CORPORALES UTILIZADAS POR LA POLICÍA DE LA CIUDAD",coautora,coautora,True,True,11,"NEIRA, CLAUDIA | BARROETAVEÑA, MATÍAS | CAPORICCIO, FRANCISCO | FERREÑO, CLAUDIO AMÉRICO | GEMINIANI, NOEMÍ | GRILLO, ALEJANDRO OMAR | LAMMENS , MATÍAS | MOCHI, FEDERICO | NEGRI, CLAUDIA | PEÑAFORT, GRACIANA | SANTORO, LEANDRO",RESOLUCION,en_comision,en_comision,SEGURIDAD,SEGURIDAD,"{""fecha"": ""2026-04-28"", ""oficina"": ""SEGURIDAD"", ""descripcion"": ""EN COMISION""}",False,,seguimiento_institucional,True,https://parlamentaria.legislatura.gob.ar/pages/expediente.aspx?id=140675,False
140672,1275-D-2026,2026-04-24T16:03:42,PREOCUPACIÓN ANTE LA DECISIÓN DEL PODER EJECUTIVO NACIONAL DE PROHIBIR EL INGRESO DE PERIODISTAS A LA CASA ROSADA,coautora,coautora,True,True,8,"GRILLO, ALEJANDRO OMAR | BARROETAVEÑA, MATÍAS | CAPORICCIO, FRANCISCO | FERREÑO, CLAUDIO AMÉRICO | IAÑEZ, BERENICE | NEGRI, CLAUDIA | NEIRA, CLAUDIA | SANTORO, LEANDRO",DECLARACION,en_comision,en_comision,Asuntos Metropolitanos y Relaciones Interjurisdiccionales,Asuntos Metropolitanos y Relaciones Interjurisdiccionales,"{""fecha"": ""2026-04-29"", ""oficina"": ""Asuntos Metropolitanos y Relaciones Interjurisdiccionales"", ""descripcion"": ""EXPEDIENTE AGREGADO A UN EXPEDIENTE-CABEZA""}",False,,seguimiento_institucional,True,https://parlamentaria.legislatura.gob.ar/pages/expediente.aspx?id=140672,False
140656,1261-D-2026,2026-04-23T16:36:34,INFORMES REFERIDOS A LA ATENCIÓN DE PERSONAS EN SITUACIÓN DE CALLE CON CONSUMO PROBLEMÁTICO EN LOS DISPOSITIVOS DEPENDIENTES DEL GCABA,coautora,coautora,True,True,5,"BARROETAVEÑA, MATÍAS | GEMINIANI, NOEMÍ | IAÑEZ, BERENICE | MOCHI, FEDERICO | NEGRI, CLAUDIA",RESOLUCION,sancionado,sancionado,MEP,POLÍTICAS DE PROMOCIÓN E INTEGRACIÓN SOCIAL,"{""fecha"": ""2026-05-15"", ""oficina"": ""MEP"", ""descripcion"": ""SANCIONADO. EN MEP ESPERANDO COMUNICACION CON EL PE U OTRAS ENTIDADES""}",True,estado_actual | etapa_ciclo | ficha_oficial.hitos.tuvo_sancion | ficha_oficial.sanciones | actividad_recinto,seguimiento_institucional | recinto,True,https://parlamentaria.legislatura.gob.ar/pages/expediente.aspx?id=140656,False
140651,1256-D-2026,2026-04-23T15:38:59,INFORMES RELACIONADOS CON EL DESARROLLO DE LA OBRA DENOMINADA: “LOOP PREMETRO Y PUESTA EN VALOR DE PARADORES”.-,coautora,coautora,True,True,12,"IAÑEZ, BERENICE | BARROETAVEÑA, MATÍAS | CAPORICCIO, FRANCISCO | FERREÑO, CLAUDIO AMÉRICO | GRILLO, ALEJANDRO OMAR | LA BLUNDA, ANDRÉS | MODARELLI, JUAN PABLO | NEGRI, CLAUDIA | NEIRA, CLAUDIA | PEÑAFORT, GRACIANA | ROSSEN, BÁRBARA | SANTORO, LEANDRO",RESOLUCION,archivado,archivado,ARCHIVO,OBRAS Y SERVICIOS PÚBLICOS,"{""fecha"": ""2026-08-04"", ""oficina"": ""ARCHIVO"", ""descripcion"": ""EN ARCHIVO. ESPERANDO INGRESO DE DATOS BANK (ESPERANDO RECEPCION)""}",True,ficha_oficial.hitos.tuvo_sancion | ficha_oficial.sanciones | actividad_recinto,seguimiento_institucional | recinto,True,https://parlamentaria.legislatura.gob.ar/pages/expediente.aspx?id=140651,False
140638,1247-D-2026,2026-04-23T11:54:35,"DECLÁRASE DE INTERÉS SANITARIO LA REALIZACIÓN DE LA ""CARRERA CELESTE""",autora,autora,True,True,1,"NEGRI, CLAUDIA",DECLARACION,archivado,archivado,ARCHIVO,SALUD,"{""fecha"": ""2026-08-27"", ""oficina"": ""ARCHIVO"", ""descripcion"": ""EXPEDIENTE EN ARCHIVO CON DATOS BANK INGRESADOS""}",True,ficha_oficial.hitos.tuvo_sancion | ficha_oficial.sanciones | actividad_recinto,seguimiento_institucional | recinto,True,https://parlamentaria.legislatura.gob.ar/pages/expediente.aspx?id=140638,False
140613,1230-D-2026,2026-04-22T11:57:58,INFORMES VINCULADOS A LA LICITACIÓN DE “ESTACIONAMIENTOS SUBTERRÁNEOS DISUASORIOS”,coautora,coautora,True,True,13,"NEIRA, CLAUDIA | BARROETAVEÑA, MATÍAS | BIELLI, MARÍA | CAPORICCIO, FRANCISCO | FERREÑO, CLAUDIO AMÉRICO | GRILLO, ALEJANDRO OMAR | LAMMENS , MATÍAS | MODARELLI, JUAN PABLO | NEGRI, CLAUDIA | PEÑAFORT, GRACIANA | ROSSEN, BÁRBARA | SANTORO, LEANDRO | VELÁZQUEZ, DELFINA",RESOLUCION,archivado,archivado,ARCHIVO,OBRAS Y SERVICIOS PÚBLICOS,"{""fecha"": ""2026-08-04"", ""oficina"": ""ARCHIVO"", ""descripcion"": ""EN ARCHIVO. ESPERANDO INGRESO DE DATOS BANK (ESPERANDO RECEPCION)""}",True,ficha_oficial.hitos.tuvo_sancion | ficha_oficial.sanciones | actividad_recinto,seguimiento_institucional | recinto,True,https://parlamentaria.legislatura.gob.ar/pages/expediente.aspx?id=140613,False
140612,1229-D-2026,2026-04-22T11:54:15,INFORMES VINCULADOS A LA CREACIÓN DEL “DISTRITO DE INTELIGENCIA ARTIFICIAL”,coautora,coautora,True,True,13,"NEIRA, CLAUDIA | BARROETAVEÑA, MATÍAS | BIELLI, MARÍA | CAPORICCIO, FRANCISCO | FERREÑO, CLAUDIO AMÉRICO | GRILLO, ALEJANDRO OMAR | LAMMENS , MATÍAS | MODARELLI, JUAN PABLO | NEGRI, CLAUDIA | PEÑAFORT, GRACIANA | ROSSEN, BÁRBARA | SANTORO, LEANDRO | VELÁZQUEZ, DELFINA",RESOLUCION,sancionado,sancionado,MEP,DESARROLLO ECONÓMICO Y MERCOSUR,"{""fecha"": ""2026-05-15"", ""oficina"": ""MEP"", ""descripcion"": ""SANCIONADO. EN MEP ESPERANDO COMUNICACION CON EL PE U OTRAS ENTIDADES""}",True,estado_actual | etapa_ciclo | ficha_oficial.hitos.tuvo_sancion | ficha_oficial.sanciones | actividad_recinto,seguimiento_institucional | recinto,True,https://parlamentaria.legislatura.gob.ar/pages/expediente.aspx?id=140612,False
140611,1228-D-2026,2026-04-22T11:52:15,INFORMES REFERIDOS AL PROYECTO SELECCIONADO PARA EL DESARROLLO DEL PBN “ANILLO PAMPA”,coautora,coautora,True,True,14,"NEIRA, CLAUDIA | BARROETAVEÑA, MATÍAS | BIELLI, MARÍA | CAPORICCIO, FRANCISCO | FERREÑO, CLAUDIO AMÉRICO | FREIRE, VICTORIA | GRILLO, ALEJANDRO OMAR | LAMMENS , MATÍAS | MODARELLI, JUAN PABLO | NEGRI, CLAUDIA | PEÑAFORT, GRACIANA | ROSSEN, BÁRBARA | SANTORO, LEANDRO | VELÁZQUEZ, DELFINA",RESOLUCION,archivado,archivado,ARCHIVO,PLANEAMIENTO URBANO,"{""fecha"": ""2026-07-29"", ""oficina"": ""ARCHIVO"", ""descripcion"": ""EN ARCHIVO. ESPERANDO INGRESO DE DATOS BANK (ESPERANDO RECEPCION)""}",True,ficha_oficial.hitos.tuvo_sancion | ficha_oficial.sanciones,seguimiento_institucional | recinto,True,https://parlamentaria.legislatura.gob.ar/pages/expediente.aspx?id=140611,False
140607,1226-D-2026,2026-04-21T16:47:26,OBLIGATORIEDAD DE LA SALA DE 3 AÑOS Y UNIVERSALIZACIÓN DEL NIVEL INICIAL,coautora,coautora,True,True,17,"BIELLI, MARÍA | BARROETAVEÑA, MATÍAS | CAPORICCIO, FRANCISCO | FERREÑO, CLAUDIO AMÉRICO | FREIRE, VICTORIA | GEMINIANI, NOEMÍ | GRILLO, ALEJANDRO OMAR | IAÑEZ, BERENICE | LA BLUNDA, ANDRÉS | LAMMENS , MATÍAS | MODARELLI, JUAN PABLO | NEGRI, CLAUDIA | NEIRA, CLAUDIA | PEÑAFORT, GRACIANA | SALVATIERRA, ALEJANDRO | SANTORO, LEANDRO | VELÁZQUEZ, DELFINA",LEY,en_comision,en_comision,"EDUCACIÓN, CIENCIA Y TECNOLOGÍA","EDUCACIÓN, CIENCIA Y TECNOLOGÍA | LEGISLACION DEL TRABAJO Y POLÍTICAS DE EMPLEO | PRESUPUESTO, HACIENDA, ADMINISTRACIÓN FINANCIERA Y POLÍTICA TRIBUTARIA","{""fecha"": ""2026-06-09"", ""oficina"": ""EDUCACIÓN, CIENCIA Y TECNOLOGÍA"", ""descripcion"": ""EXPEDIENTE AGREGADO A UN EXPEDIENTE-CABEZA""}",False,,seguimiento_institucional,True,https://parlamentaria.legislatura.gob.ar/pages/expediente.aspx?id=140607,False
140606,1225-D-2026,2026-04-21T16:45:36,ADECUACIÓN HORARIA DEL NIVEL INICIAL,coautora,coautora,True,True,17,"BIELLI, MARÍA | BARROETAVEÑA, MATÍAS | CAPORICCIO, FRANCISCO | FERREÑO, CLAUDIO AMÉRICO | FREIRE, VICTORIA | GEMINIANI, NOEMÍ | GRILLO, ALEJANDRO OMAR | IAÑEZ, BERENICE | LA BLUNDA, ANDRÉS | LAMMENS , MATÍAS | MODARELLI, JUAN PABLO | NEGRI, CLAUDIA | NEIRA, CLAUDIA | PEÑAFORT, GRACIANA | SALVATIERRA, ALEJANDRO | SANTORO, LEANDRO | VELÁZQUEZ, DELFINA",LEY,en_comision,en_comision,"EDUCACIÓN, CIENCIA Y TECNOLOGÍA","EDUCACIÓN, CIENCIA Y TECNOLOGÍA | LEGISLACION DEL TRABAJO Y POLÍTICAS DE EMPLEO | PRESUPUESTO, HACIENDA, ADMINISTRACIÓN FINANCIERA Y POLÍTICA TRIBUTARIA","{""fecha"": ""2026-04-23"", ""oficina"": ""EDUCACIÓN, CIENCIA Y TECNOLOGÍA"", ""descripcion"": ""EN COMISION""}",False,,seguimiento_institucional,True,https://parlamentaria.legislatura.gob.ar/pages/expediente.aspx?id=140606,False
140584,1205-D-2026,2026-04-20T13:33:28,INFORMES REFERIDOS AL PROCEDIMIENTO DE ACTUACIÓN ANTE LA SOSPECHA FUNDADA O DETECCIÓN DE ARMAS EN EL ÁMBITO EDUCATIVO,coautora,coautora,True,True,11,"FREIRE, VICTORIA | BARROETAVEÑA, MATÍAS | BIELLI, MARÍA | GEMINIANI, NOEMÍ | GONZÁLEZ, ANDREA MARIANA | IAÑEZ, BERENICE | MOCHI, FEDERICO | MODARELLI, JUAN PABLO | NEGRI, CLAUDIA | PEÑAFORT, GRACIANA | VELÁZQUEZ, DELFINA",RESOLUCION,archivado,archivado,ARCHIVO,"EDUCACIÓN, CIENCIA Y TECNOLOGÍA","{""fecha"": ""2026-07-29"", ""oficina"": ""ARCHIVO"", ""descripcion"": ""EN ARCHIVO. ESPERANDO INGRESO DE DATOS BANK (ESPERANDO RECEPCION)""}",True,ficha_oficial.hitos.tuvo_sancion | ficha_oficial.sanciones,seguimiento_institucional | recinto,True,https://parlamentaria.legislatura.gob.ar/pages/expediente.aspx?id=140584,False
140564,1187-D-2026,2026-04-17T14:56:04,ADHESIÓN A LA CONMEMORACIÓN DE LA SEMANA MUNDIAL DEL PARTO RESPETADO,autora,autora,True,True,1,"NEGRI, CLAUDIA",DECLARACION,archivado,archivado,ARCHIVO,SALUD,"{""fecha"": ""2026-08-27"", ""oficina"": ""ARCHIVO"", ""descripcion"": ""EXPEDIENTE EN ARCHIVO CON DATOS BANK INGRESADOS""}",True,ficha_oficial.hitos.tuvo_sancion | ficha_oficial.sanciones | actividad_recinto,seguimiento_institucional | recinto,True,https://parlamentaria.legislatura.gob.ar/pages/expediente.aspx?id=140564,False
140559,1182-D-2026,2026-04-17T13:31:21,INFORMES REFERIDOS A LAS CONDICIONES DE ACCESIBILIDAD DE LAS ESTACIONES DE SUBTE,coautora,coautora,True,True,11,"IAÑEZ, BERENICE | BARROETAVEÑA, MATÍAS | BIELLI, MARÍA | CAPORICCIO, FRANCISCO | FERREÑO, CLAUDIO AMÉRICO | GRILLO, ALEJANDRO OMAR | MOCHI, FEDERICO | NEGRI, CLAUDIA | NEIRA, CLAUDIA | PEÑAFORT, GRACIANA | ROSSEN, BÁRBARA",RESOLUCION,archivado,archivado,ARCHIVO,OBRAS Y SERVICIOS PÚBLICOS,"{""fecha"": ""2026-08-04"", ""oficina"": ""ARCHIVO"", ""descripcion"": ""EN ARCHIVO. ESPERANDO INGRESO DE DATOS BANK (ESPERANDO RECEPCION)""}",True,ficha_oficial.hitos.tuvo_sancion | ficha_oficial.sanciones | actividad_recinto,seguimiento_institucional | recinto,True,https://parlamentaria.legislatura.gob.ar/pages/expediente.aspx?id=140559,False
140535,1162-D-2026,2026-04-16T10:27:25,INFORMES VINCULADOS AL SISTEMA TRAMBUS,coautora,coautora,True,True,15,"NEIRA, CLAUDIA | BARROETAVEÑA, MATÍAS | BIELLI, MARÍA | CAPORICCIO, FRANCISCO | FERREÑO, CLAUDIO AMÉRICO | GRILLO, ALEJANDRO OMAR | IAÑEZ, BERENICE | LAMMENS , MATÍAS | MOCHI, FEDERICO | MODARELLI, JUAN PABLO | NEGRI, CLAUDIA | PEÑAFORT, GRACIANA | ROSSEN, BÁRBARA | SALVATIERRA, ALEJANDRO | SANTORO, LEANDRO",RESOLUCION,archivado,archivado,ARCHIVO,TRÁNSITO Y TRANSPORTE,"{""fecha"": ""2026-07-29"", ""oficina"": ""ARCHIVO"", ""descripcion"": ""EN ARCHIVO. ESPERANDO INGRESO DE DATOS BANK (ESPERANDO RECEPCION)""}",True,ficha_oficial.hitos.tuvo_sancion | ficha_oficial.sanciones,seguimiento_institucional | recinto,True,https://parlamentaria.legislatura.gob.ar/pages/expediente.aspx?id=140535,False
140534,1161-D-2026,2026-04-16T10:25:12,"INFORMES VINCULADOS A LA PLANIFICACIÓN URBANO-TERRITORIAL, LA DINÁMICA DEL MERCADO DE SUELO Y LA GESTIÓN DE LAS VALORIZACIONES INDUCIDAS POR LA INVERSIÓN PÚBLICA, EN RELACIÓN CON EL PROYECTO DE LA FUTURA LÍNEA F DE SUBTERRÁNEOS.",coautora,coautora,True,True,16,"NEIRA, CLAUDIA | BARROETAVEÑA, MATÍAS | BIELLI, MARÍA | CAPORICCIO, FRANCISCO | FERREÑO, CLAUDIO AMÉRICO | FREIRE, VICTORIA | GRILLO, ALEJANDRO OMAR | IAÑEZ, BERENICE | LAMMENS , MATÍAS | MOCHI, FEDERICO | MODARELLI, JUAN PABLO | NEGRI, CLAUDIA | PEÑAFORT, GRACIANA | ROSSEN, BÁRBARA | SALVATIERRA, ALEJANDRO | SANTORO, LEANDRO",RESOLUCION,archivado,archivado,ARCHIVO,PLANEAMIENTO URBANO,"{""fecha"": ""2026-09-02"", ""oficina"": ""ARCHIVO"", ""descripcion"": ""EN ARCHIVO. ESPERANDO INGRESO DE DATOS BANK (ESPERANDO RECEPCION)""}",True,ficha_oficial.hitos.tuvo_sancion | ficha_oficial.sanciones | actividad_recinto,seguimiento_institucional | recinto,True,https://parlamentaria.legislatura.gob.ar/pages/expediente.aspx?id=140534,False
140529,1156-D-2026,2026-04-15T16:10:53,INFORMES REFERIDOS A LA ENTREGA DE MÉTODOS PREVENTIVOS DE INFECCIONES DE TRANSMISIÓN SEXUAL EN LOS CENTROS DE SALUD Y ACCIÓN COMUNITARIA,coautora,coautora,True,True,7,"BIELLI, MARÍA | BARROETAVEÑA, MATÍAS | CAPORICCIO, FRANCISCO | FERREÑO, CLAUDIO AMÉRICO | FREIRE, VICTORIA | GEMINIANI, NOEMÍ | NEGRI, CLAUDIA",RESOLUCION,sancionado,sancionado,MEP,SALUD,"{""fecha"": ""2026-09-02"", ""oficina"": ""MEP"", ""descripcion"": ""SANCIONADO. EN MEP ESPERANDO COMUNICACION CON EL PE U OTRAS ENTIDADES (ESPERANDO RECEPCION)""}",True,estado_actual | etapa_ciclo | ficha_oficial.hitos.tuvo_sancion | ficha_oficial.sanciones,seguimiento_institucional | recinto,True,https://parlamentaria.legislatura.gob.ar/pages/expediente.aspx?id=140529,False
140517,1144-D-2026,2026-04-14T16:17:53,INFORMES RELACIONADOS A LA PROVISIÓN DE MEDICAMENTOS,coautora,coautora,True,True,11,"GONZÁLEZ, ANDREA MARIANA | CAPORICCIO, FRANCISCO | FERREÑO, CLAUDIO AMÉRICO | FREIRE, VICTORIA | GEMINIANI, NOEMÍ | GRILLO, ALEJANDRO OMAR | IAÑEZ, BERENICE | NEGRI, CLAUDIA | NEIRA, CLAUDIA | PEÑAFORT, GRACIANA | VELÁZQUEZ, DELFINA",RESOLUCION,en_comision,en_comision,SALUD,SALUD,"{""fecha"": ""2026-04-16"", ""oficina"": ""SALUD"", ""descripcion"": ""EN COMISION""}",False,,seguimiento_institucional,True,https://parlamentaria.legislatura.gob.ar/pages/expediente.aspx?id=140517,False
140510,1137-D-2026,2026-04-14T14:22:31,INFORMES REFERIDOS AL PLAN ANUAL DE VACUNACIÓN ANTIGRIPAL EN LA CIUDAD,coautora,coautora,True,True,3,"VELÁZQUEZ, DELFINA | GONZÁLEZ, ANDREA MARIANA | NEGRI, CLAUDIA",RESOLUCION,sancionado,sancionado,MEP,SALUD,"{""fecha"": ""2026-09-02"", ""oficina"": ""MEP"", ""descripcion"": ""SANCIONADO. EN MEP ESPERANDO COMUNICACION CON EL PE U OTRAS ENTIDADES (ESPERANDO RECEPCION)""}",True,estado_actual | etapa_ciclo | ficha_oficial.hitos.tuvo_sancion | ficha_oficial.sanciones,seguimiento_institucional | recinto,True,https://parlamentaria.legislatura.gob.ar/pages/expediente.aspx?id=140510,False
140481,1112-D-2026,2026-04-10T15:09:46,INFORMES RELACIONADOS A LOS CASOS DE TUBERCULOSIS DIAGNOSTICADOS EN LA CIUDAD,coautora,coautora,True,True,6,"IAÑEZ, BERENICE | GEMINIANI, NOEMÍ | GONZÁLEZ, ANDREA MARIANA | NEGRI, CLAUDIA | SALVATIERRA, ALEJANDRO | VELÁZQUEZ, DELFINA",RESOLUCION,sancionado,sancionado,MEP,SALUD,"{""fecha"": ""2026-05-15"", ""oficina"": ""MEP"", ""descripcion"": ""SANCIONADO. EN MEP ESPERANDO COMUNICACION CON EL PE U OTRAS ENTIDADES""}",True,estado_actual | etapa_ciclo | ficha_oficial.hitos.tuvo_sancion | ficha_oficial.sanciones | actividad_recinto,seguimiento_institucional | recinto,True,https://parlamentaria.legislatura.gob.ar/pages/expediente.aspx?id=140481,False
140437,1068-D-2026,2026-04-07T14:16:34,PROGRAMA INTEGRAL DE CUIDADO DE LA SALUD PSICOFISICA DEL PERSONAL DE SALUD.-,coautora,coautora,True,True,2,"OCAÑA, MARÍA GRACIELA | NEGRI, CLAUDIA",LEY,en_comision,en_comision,SALUD,"SALUD | PRESUPUESTO, HACIENDA, ADMINISTRACIÓN FINANCIERA Y POLÍTICA TRIBUTARIA","{""fecha"": ""2026-04-09"", ""oficina"": ""SALUD"", ""descripcion"": ""EN COMISION""}",False,,seguimiento_institucional,True,https://parlamentaria.legislatura.gob.ar/pages/expediente.aspx?id=140437,False
140427,1060-D-2026,2026-04-06T16:40:21,SISTEMA PÚBLICO DE MEDIOS DE LA CIUDAD,coautora,coautora,True,True,13,"PEÑAFORT, GRACIANA | BARROETAVEÑA, MATÍAS | CAPORICCIO, FRANCISCO | FERREÑO, CLAUDIO AMÉRICO | FREIRE, VICTORIA | GEMINIANI, NOEMÍ | GRILLO, ALEJANDRO OMAR | MOCHI, FEDERICO | NEGRI, CLAUDIA | NEIRA, CLAUDIA | ROSSEN, BÁRBARA | SALVATIERRA, ALEJANDRO | SANTORO, LEANDRO",LEY,en_comision,en_comision,"COMUNICACIÓN SOCIAL, MEDIOS DE COMUNICACIÓN Y TECNOLOGÍAS DE LA COMUNICACIÓN","COMUNICACIÓN SOCIAL, MEDIOS DE COMUNICACIÓN Y TECNOLOGÍAS DE LA COMUNICACIÓN | PRESUPUESTO, HACIENDA, ADMINISTRACIÓN FINANCIERA Y POLÍTICA TRIBUTARIA","{""fecha"": ""2026-04-08"", ""oficina"": ""COMUNICACIÓN SOCIAL, MEDIOS DE COMUNICACIÓN Y TECNOLOGÍAS DE LA COMUNICACIÓN"", ""descripcion"": ""EN COMISION""}",False,,seguimiento_institucional,True,https://parlamentaria.legislatura.gob.ar/pages/expediente.aspx?id=140427,False
140425,1058-D-2026,2026-04-06T16:17:23,DECLÁRANSE DE INTERÉS SANITARIO A LAS JORNADAS “MANEJO DEL CÁNCER DE PULMÓN: INNOVACIÓN Y DESAFÍOS ACTUALES”,autora,autora,True,True,1,"NEGRI, CLAUDIA",DECLARACION,archivado,archivado,ARCHIVO,SALUD,"{""fecha"": ""2026-05-13"", ""oficina"": ""ARCHIVO"", ""descripcion"": ""EXPEDIENTE EN ARCHIVO CON DATOS BANK INGRESADOS""}",True,ficha_oficial.hitos.tuvo_sancion | ficha_oficial.sanciones | actividad_recinto,seguimiento_institucional | recinto,True,https://parlamentaria.legislatura.gob.ar/pages/expediente.aspx?id=140425,False
140408,1044-D-2026,2026-04-06T12:05:26,DECLÁRASE DE INTERÉS CIENTÍFICO-SANITARIO LA XX JORNADA DE CARDIOLOGÍA “CARDIO BS AS” DE LAS ÁREAS DE CARDIOLOGÍA DE LOS HOSPITALES DEL GCBA – 2026,autora,autora,True,True,1,"NEGRI, CLAUDIA",DECLARACION,archivado,archivado,ARCHIVO,SALUD,"{""fecha"": ""2026-07-28"", ""oficina"": ""ARCHIVO"", ""descripcion"": ""EN ARCHIVO. ESPERANDO INGRESO DE DATOS BANK (ESPERANDO RECEPCION)""}",True,ficha_oficial.hitos.tuvo_sancion | ficha_oficial.sanciones,seguimiento_institucional | recinto,True,https://parlamentaria.legislatura.gob.ar/pages/expediente.aspx?id=140408,False
140392,1029-D-2026,2026-04-01T16:49:19,PEDIDO DE INFORMES SOBRE EL PRESTAMO HIPOTECARIO DEL BANCO CIUDAD A TASA SUBSIDIADA DEL 7.5% ANUNCIADO POR EL JEFE DE GOBIERNO EL 18 DE MARZO DE 2026.-,coautora,coautora,True,True,15,"NEIRA, CLAUDIA | BARROETAVEÑA, MATÍAS | BIELLI, MARÍA | CAPORICCIO, FRANCISCO | FERREÑO, CLAUDIO AMÉRICO | FREIRE, VICTORIA | GRILLO, ALEJANDRO OMAR | LAMMENS , MATÍAS | MOCHI, FEDERICO | MODARELLI, JUAN PABLO | NEGRI, CLAUDIA | PEÑAFORT, GRACIANA | ROSSEN, BÁRBARA | SALVATIERRA, ALEJANDRO | SANTORO, LEANDRO",RESOLUCION,archivado,archivado,ARCHIVO,VIVIENDA,"{""fecha"": ""2026-08-04"", ""oficina"": ""ARCHIVO"", ""descripcion"": ""EN ARCHIVO. ESPERANDO INGRESO DE DATOS BANK (ESPERANDO RECEPCION)""}",True,ficha_oficial.hitos.tuvo_sancion | ficha_oficial.sanciones,seguimiento_institucional | recinto,True,https://parlamentaria.legislatura.gob.ar/pages/expediente.aspx?id=140392,False
140360,999-D-2026,2026-04-01T10:32:19,INFORMES REFERIDOS A ROBOS DE MEDICAMENTOS Y/O DROGAS EN INSTITUCIONES DE SALUD DEPENDIENTES DEL MINISTERIO DE SALUD,coautora,coautora,True,True,2,"OCAÑA, MARÍA GRACIELA | NEGRI, CLAUDIA",RESOLUCION,archivado,archivado,ARCHIVO,SALUD,"{""fecha"": ""2026-05-13"", ""oficina"": ""ARCHIVO"", ""descripcion"": ""EXPEDIENTE EN ARCHIVO CON DATOS BANK INGRESADOS""}",True,ficha_oficial.hitos.tuvo_sancion | ficha_oficial.sanciones | actividad_recinto,seguimiento_institucional | recinto,True,https://parlamentaria.legislatura.gob.ar/pages/expediente.aspx?id=140360,False
140359,998-D-2026,2026-04-01T10:31:45,INTEGRACIÓN DE LA “COMISIÓN ESPECIAL DE SEGUIMIENTO Y EVALUACIÓN PARA EL CUMPLIMIENTO DE LA LEY N° 448 DE SALUD MENTAL”,coautora,coautora,True,True,9,"IAÑEZ, BERENICE | CAPORICCIO, FRANCISCO | FERREÑO, CLAUDIO AMÉRICO | LA BLUNDA, ANDRÉS | LAMMENS , MATÍAS | MOCHI, FEDERICO | NEGRI, CLAUDIA | PEÑAFORT, GRACIANA | SANTORO, LEANDRO",RESOLUCION,en_comision,en_comision,SALUD,SALUD,"{""fecha"": ""2026-04-07"", ""oficina"": ""SALUD"", ""descripcion"": ""EN COMISION""}",False,,seguimiento_institucional,True,https://parlamentaria.legislatura.gob.ar/pages/expediente.aspx?id=140359,False
140336,970-D-2026,2026-03-31T12:17:11,CONMEMORASE EL 44 ANIVERSARIO DEL “DÍA DEL VETERANO Y DE LOS CAÍDOS EN LA GUERRA DE MALVINAS”,coautora,coautora,True,True,17,"IAÑEZ, BERENICE | BARROETAVEÑA, MATÍAS | BIELLI, MARÍA | CAPORICCIO, FRANCISCO | FERREÑO, CLAUDIO AMÉRICO | FREIRE, VICTORIA | GEMINIANI, NOEMÍ | GRILLO, ALEJANDRO OMAR | LA BLUNDA, ANDRÉS | LAMMENS , MATÍAS | MOCHI, FEDERICO | MODARELLI, JUAN PABLO | NEGRI, CLAUDIA | NEIRA, CLAUDIA | ROSSEN, BÁRBARA | SALVATIERRA, ALEJANDRO | SANTORO, LEANDRO",DECLARACION,ingresado,en_comision,MEP,"DERECHOS HUMANOS, GARANTÍAS Y ANTIDISCRIMINACIÓN","{""fecha"": ""2026-04-10"", ""oficina"": ""MEP"", ""descripcion"": ""EXPEDIENTE EN MEP AGREGADO A UN EXPEDIENTE CABEZA""}",False,,seguimiento_institucional,True,https://parlamentaria.legislatura.gob.ar/pages/expediente.aspx?id=140336,False
140287,935-D-2026,2026-03-27T15:16:41,CREASE EL PROGRAMA DE “ACCESO EQUITATIVO A LA PRÁCTICA DEPORTIVA EN CLUBES”,coautora,coautora,True,True,18,"LAMMENS , MATÍAS | BIELLI, MARÍA | CAPORICCIO, FRANCISCO | FERRARIO, EMMANUEL | FERREÑO, CLAUDIO AMÉRICO | FREIRE, VICTORIA | GONZÁLEZ, ANDREA MARIANA | GRILLO, ALEJANDRO OMAR | IAÑEZ, BERENICE | LA BLUNDA, ANDRÉS | MOCHI, FEDERICO | MODARELLI, JUAN PABLO | NEGRI, CLAUDIA | NEIRA, CLAUDIA | PEÑAFORT, GRACIANA | SALVATIERRA, ALEJANDRO | SANTORO, LEANDRO | THOURTE, MANUELA",LEY,con_dictamen,con_dictamen,"NIÑEZ, ADOLESCENCIA Y JUVENTUD","TURISMO Y DEPORTES | NIÑEZ, ADOLESCENCIA Y JUVENTUD | PRESUPUESTO, HACIENDA, ADMINISTRACIÓN FINANCIERA Y POLÍTICA TRIBUTARIA","{""fecha"": ""2026-06-19"", ""oficina"": ""NIÑEZ, ADOLESCENCIA Y JUVENTUD"", ""descripcion"": ""EN COMISION CON DICTAMEN GENERADO""}",False,,seguimiento_institucional,True,https://parlamentaria.legislatura.gob.ar/pages/expediente.aspx?id=140287,False
140275,924-D-2026,2026-03-27T11:37:45,FORTALECIMIENTO DEL SISTEMA DE VIGILANCIA EPIDEMIOLÓGICA.-,autora,autora,True,True,2,"NEGRI, CLAUDIA | NEIRA, CLAUDIA",LEY,en_comision,en_comision,SALUD,"SALUD | PRESUPUESTO, HACIENDA, ADMINISTRACIÓN FINANCIERA Y POLÍTICA TRIBUTARIA","{""fecha"": ""2026-03-30"", ""oficina"": ""SALUD"", ""descripcion"": ""EN COMISION""}",False,,seguimiento_institucional,True,https://parlamentaria.legislatura.gob.ar/pages/expediente.aspx?id=140275,False
140274,923-D-2026,2026-03-27T11:37:06,MODIFICACIONES A LA LEY 153 - LEY BÁSICA DE SALUD.-,autora,autora,True,True,2,"NEGRI, CLAUDIA | NEIRA, CLAUDIA",LEY,en_comision,en_comision,SALUD,"SALUD | PRESUPUESTO, HACIENDA, ADMINISTRACIÓN FINANCIERA Y POLÍTICA TRIBUTARIA","{""fecha"": ""2026-03-30"", ""oficina"": ""SALUD"", ""descripcion"": ""EN COMISION""}",False,,seguimiento_institucional,True,https://parlamentaria.legislatura.gob.ar/pages/expediente.aspx?id=140274,False
140272,922-D-2026,2026-03-27T11:35:06,"CRÉASE EL PROGRAMA PARA LA PREVENCIÓN, DETECCIÓN Y MITIGACIÓN DE LA SOLEDAD NO DESEADA.-",autora,autora,True,True,2,"NEGRI, CLAUDIA | NEIRA, CLAUDIA",LEY,en_comision,en_comision,SALUD,"SALUD | POLÍTICAS DE PROMOCIÓN E INTEGRACIÓN SOCIAL | PRESUPUESTO, HACIENDA, ADMINISTRACIÓN FINANCIERA Y POLÍTICA TRIBUTARIA","{""fecha"": ""2026-03-31"", ""oficina"": ""SALUD"", ""descripcion"": ""EN COMISION""}",False,,seguimiento_institucional,True,https://parlamentaria.legislatura.gob.ar/pages/expediente.aspx?id=140272,False
140271,921-D-2026,2026-03-27T11:34:15,"ESTABLÉCENSE POLÍTICAS PÚBLICAS ORIENTADAS A LA PREVENCIÓN, DETECCIÓN, MONITOREO Y MITIGACIÓN DE LA EXPOSICIÓN AL GAS RADÓN.-",autora,autora,True,True,1,"NEGRI, CLAUDIA",LEY,en_comision,en_comision,SALUD,"SALUD | PRESUPUESTO, HACIENDA, ADMINISTRACIÓN FINANCIERA Y POLÍTICA TRIBUTARIA","{""fecha"": ""2026-03-30"", ""oficina"": ""SALUD"", ""descripcion"": ""EN COMISION""}",False,,seguimiento_institucional,True,https://parlamentaria.legislatura.gob.ar/pages/expediente.aspx?id=140271,False
140214,873-D-2026,2026-03-25T13:56:35,"REPUDIO POR LA COBERTURA DEL MURAL EN HOMENAJE AL EX PRESIDENTE DE LA NACIÓN, NÉSTOR KIRCHNER Y DE EVA DUARTE DE PERÓN EN LA MADRUGADA DEL PASADO DÍA 24 DE MARZO EN EL BARRIO PADRE CARLOS MUGICA",coautora,coautora,True,True,13,"BIELLI, MARÍA | CAPORICCIO, FRANCISCO | FREIRE, VICTORIA | GONZÁLEZ, ANDREA MARIANA | GRILLO, ALEJANDRO OMAR | LA BLUNDA, ANDRÉS | MOCHI, FEDERICO | MODARELLI, JUAN PABLO | NEGRI, CLAUDIA | NEIRA, CLAUDIA | PEÑAFORT, GRACIANA | SALVATIERRA, ALEJANDRO | VELÁZQUEZ, DELFINA",DECLARACION,en_comision,en_comision,CULTURA,CULTURA,"{""fecha"": ""2026-04-07"", ""oficina"": ""CULTURA"", ""descripcion"": ""EN COMISION""}",False,,seguimiento_institucional,True,https://parlamentaria.legislatura.gob.ar/pages/expediente.aspx?id=140214,False
140213,872-D-2026,2026-03-25T13:54:51,INFORMES RELACIONADOS A LA DECISIÓN DEL GOBIERNO DE LA CIUDAD DE TAPAR LOS MURALES EN HOMENAJE TANTO A NÉSTOR KIRCHNER CÓMO A EVA PERÓN EN EL BARRIO PADRE CARLOS MUGICA,coautora,coautora,True,True,10,"VELÁZQUEZ, DELFINA | BIELLI, MARÍA | CAPORICCIO, FRANCISCO | FREIRE, VICTORIA | GONZÁLEZ, ANDREA MARIANA | LA BLUNDA, ANDRÉS | MOCHI, FEDERICO | NEGRI, CLAUDIA | NEIRA, CLAUDIA | SALVATIERRA, ALEJANDRO",RESOLUCION,en_comision,en_comision,CULTURA,CULTURA,"{""fecha"": ""2026-04-07"", ""oficina"": ""CULTURA"", ""descripcion"": ""EN COMISION""}",False,,seguimiento_institucional,True,https://parlamentaria.legislatura.gob.ar/pages/expediente.aspx?id=140213,False
140200,859-D-2026,2026-03-20T14:55:34,"DECLÁRASE PERSONALIDAD DESTACADA EN EL ÁMBITO DE LA SALUD, AL DR. JUSTO CARBAJALES.",autora,autora,True,True,1,"NEGRI, CLAUDIA",DECLARACION,archivado,archivado,ARCHIVO,SALUD,"{""fecha"": ""2026-07-28"", ""oficina"": ""ARCHIVO"", ""descripcion"": ""EN ARCHIVO. ESPERANDO INGRESO DE DATOS BANK (ESPERANDO RECEPCION)""}",True,ficha_oficial.hitos.tuvo_sancion | ficha_oficial.sanciones,seguimiento_institucional | recinto,True,https://parlamentaria.legislatura.gob.ar/pages/expediente.aspx?id=140200,False
140199,858-D-2026,2026-03-20T14:54:32,"DECLÁRASE PERSONALIDAD DESTACADA EN EL ÁMBITO DE LA SALUD, LA DRA. ALICIA TERESA GAUNA.",autora,autora,True,True,1,"NEGRI, CLAUDIA",DECLARACION,archivado,archivado,ARCHIVO,SALUD,"{""fecha"": ""2026-07-28"", ""oficina"": ""ARCHIVO"", ""descripcion"": ""EN ARCHIVO. ESPERANDO INGRESO DE DATOS BANK (ESPERANDO RECEPCION)""}",True,ficha_oficial.hitos.tuvo_sancion | ficha_oficial.sanciones,seguimiento_institucional | recinto,True,https://parlamentaria.legislatura.gob.ar/pages/expediente.aspx?id=140199,False
140198,857-D-2026,2026-03-20T14:52:47,"DECLÁRASE PERSONALIDAD DESTACADA EN EL ÁMBITO DE LA SALUD, AL DR. MARTÍN LUIS SÍVORI",autora,autora,True,True,1,"NEGRI, CLAUDIA",DECLARACION,archivado,archivado,ARCHIVO,SALUD,"{""fecha"": ""2026-08-05"", ""oficina"": ""ARCHIVO"", ""descripcion"": ""EXPEDIENTE EN ARCHIVO CON DATOS BANK INGRESADOS""}",True,ficha_oficial.hitos.tuvo_sancion | ficha_oficial.sanciones | actividad_recinto,seguimiento_institucional | recinto,True,https://parlamentaria.legislatura.gob.ar/pages/expediente.aspx?id=140198,False
140197,856-D-2026,2026-03-20T14:02:25,DECLARANSE SITIOS DE INTERÉS CULTURAL A LOS TRES MUSEOS QUE FUNCIONAN EN EL ÁMBITO DE LA FACULTAD DE MEDICINA DE LA UNIVERSIDAD DE BUENOS AIRES,coautora,coautora,True,True,3,"OCAÑA, MARÍA GRACIELA | NEGRI, CLAUDIA | THOURTE, MANUELA",RESOLUCION,archivado,archivado,ARCHIVO,CULTURA,"{""fecha"": ""2026-08-04"", ""oficina"": ""ARCHIVO"", ""descripcion"": ""EXPEDIENTE EN ARCHIVO CON DATOS BANK INGRESADOS""}",True,ficha_oficial.hitos.tuvo_sancion | ficha_oficial.sanciones,seguimiento_institucional | recinto,True,https://parlamentaria.legislatura.gob.ar/pages/expediente.aspx?id=140197,False
140174,838-D-2026,2026-03-19T11:22:38,GESTIÓN ESTATAL DIRECTA EN LOS MEDIOS PÚBLICOS DE COMUNICACIÓN DEL GCABA,coautora,coautora,True,True,9,"SANTORO, LEANDRO | BARROETAVEÑA, MATÍAS | CAPORICCIO, FRANCISCO | FERREÑO, CLAUDIO AMÉRICO | GRILLO, ALEJANDRO OMAR | MOCHI, FEDERICO | NEGRI, CLAUDIA | NEIRA, CLAUDIA | ROSSEN, BÁRBARA",LEY,en_comision,en_comision,"COMUNICACIÓN SOCIAL, MEDIOS DE COMUNICACIÓN Y TECNOLOGÍAS DE LA COMUNICACIÓN","COMUNICACIÓN SOCIAL, MEDIOS DE COMUNICACIÓN Y TECNOLOGÍAS DE LA COMUNICACIÓN | PRESUPUESTO, HACIENDA, ADMINISTRACIÓN FINANCIERA Y POLÍTICA TRIBUTARIA","{""fecha"": ""2026-03-26"", ""oficina"": ""COMUNICACIÓN SOCIAL, MEDIOS DE COMUNICACIÓN Y TECNOLOGÍAS DE LA COMUNICACIÓN"", ""descripcion"": ""EN COMISION""}",False,,seguimiento_institucional,True,https://parlamentaria.legislatura.gob.ar/pages/expediente.aspx?id=140174,False
140164,832-D-2026,2026-03-18T15:32:31,MODIFICASE LA LEY 6365,autora,autora,True,True,6,"NEGRI, CLAUDIA | FERREÑO, CLAUDIO AMÉRICO | GONZÁLEZ, ANDREA MARIANA | LA BLUNDA, ANDRÉS | NEIRA, CLAUDIA | VELÁZQUEZ, DELFINA",LEY,sancionado,sancionado,MEP,"SALUD | MUJERES, GÉNEROS Y DIVERSIDADES | PRESUPUESTO, HACIENDA, ADMINISTRACIÓN FINANCIERA Y POLÍTICA TRIBUTARIA","{""fecha"": ""2026-09-01"", ""oficina"": ""MEP"", ""descripcion"": ""SANCIONADO. EN MEP ESPERANDO COMUNICACION CON EL PE U OTRAS ENTIDADES (ESPERANDO RECEPCION)""}",True,estado_actual | etapa_ciclo | ficha_oficial.hitos.tuvo_sancion | ficha_oficial.sanciones,seguimiento_institucional | recinto,True,https://parlamentaria.legislatura.gob.ar/pages/expediente.aspx?id=140164,True
140123,790-D-2026,2026-03-16T16:18:38,DECLARASE DE INTERÉS SANITARIO AL “1° ENCUENTRO DE INVESTIGACIÓN CLÍNICA DEL HOSPITAL RAMOS MEJÍA”,autora,autora,True,True,1,"NEGRI, CLAUDIA",DECLARACION,archivado,archivado,ARCHIVO,SALUD,"{""fecha"": ""2026-08-05"", ""oficina"": ""ARCHIVO"", ""descripcion"": ""EXPEDIENTE EN ARCHIVO CON DATOS BANK INGRESADOS""}",True,ficha_oficial.hitos.tuvo_sancion | ficha_oficial.sanciones | actividad_recinto,seguimiento_institucional | recinto,True,https://parlamentaria.legislatura.gob.ar/pages/expediente.aspx?id=140123,False
140122,789-D-2026,2026-03-16T16:07:42,CAPACITACIÓN PARA FAMILIAS EN REANIMACIÓN CARDIOPULMONAR Y DESOBSTRUCCIÓN DE VÍA AÉREA EN LACTANTES Y NIÑOS/AS,coautora,coautora,True,True,4,"BIELLI, MARÍA | GEMINIANI, NOEMÍ | MODARELLI, JUAN PABLO | NEGRI, CLAUDIA",LEY,en_comision,en_comision,SALUD,"SALUD | COMUNICACIÓN SOCIAL, MEDIOS DE COMUNICACIÓN Y TECNOLOGÍAS DE LA COMUNICACIÓN | PRESUPUESTO, HACIENDA, ADMINISTRACIÓN FINANCIERA Y POLÍTICA TRIBUTARIA","{""fecha"": ""2026-03-20"", ""oficina"": ""SALUD"", ""descripcion"": ""EN COMISION""}",False,,seguimiento_institucional,True,https://parlamentaria.legislatura.gob.ar/pages/expediente.aspx?id=140122,False
140092,763-D-2026,2026-03-13T16:41:24,INFORMES RELACIONADOS AL GIRO DE UTILIDADES NETAS DEL BANCO CIUDAD HACIA EL GCABA,coautora,coautora,True,True,17,"MODARELLI, JUAN PABLO | BARROETAVEÑA, MATÍAS | BIELLI, MARÍA | CAPORICCIO, FRANCISCO | FERREÑO, CLAUDIO AMÉRICO | FREIRE, VICTORIA | GEMINIANI, NOEMÍ | GRILLO, ALEJANDRO OMAR | LA BLUNDA, ANDRÉS | LAMMENS , MATÍAS | NEGRI, CLAUDIA | NEIRA, CLAUDIA | PEÑAFORT, GRACIANA | ROSSEN, BÁRBARA | SALVATIERRA, ALEJANDRO | SANTORO, LEANDRO | VELÁZQUEZ, DELFINA",RESOLUCION,archivado,archivado,ARCHIVO,"PRESUPUESTO, HACIENDA, ADMINISTRACIÓN FINANCIERA Y POLÍTICA TRIBUTARIA","{""fecha"": ""2026-08-04"", ""oficina"": ""ARCHIVO"", ""descripcion"": ""EN ARCHIVO. ESPERANDO INGRESO DE DATOS BANK (ESPERANDO RECEPCION)""}",True,ficha_oficial.hitos.tuvo_sancion | ficha_oficial.sanciones | actividad_recinto,seguimiento_institucional | recinto,True,https://parlamentaria.legislatura.gob.ar/pages/expediente.aspx?id=140092,False
140084,755-D-2026,2026-03-12T16:36:06,BENEPLÁCITO AL CUMPLIRSE EL 70° ANIVERSARIO DEL CLUB SOCIAL Y DEPORTIVO PAMPERO Y DISPONESE LA COLOCACIÓN DE UNA PLACA,coautora,coautora,True,True,17,"MODARELLI, JUAN PABLO | BARROETAVEÑA, MATÍAS | BIELLI, MARÍA | CAPORICCIO, FRANCISCO | FERREÑO, CLAUDIO AMÉRICO | FREIRE, VICTORIA | GEMINIANI, NOEMÍ | GONZÁLEZ, ANDREA MARIANA | GRILLO, ALEJANDRO OMAR | LA BLUNDA, ANDRÉS | MOCHI, FEDERICO | NEGRI, CLAUDIA | NEIRA, CLAUDIA | PEÑAFORT, GRACIANA | SALVATIERRA, ALEJANDRO | SANTORO, LEANDRO | VELÁZQUEZ, DELFINA",RESOLUCION,archivado,archivado,ARCHIVO,TURISMO Y DEPORTES,"{""fecha"": ""2026-07-29"", ""oficina"": ""ARCHIVO"", ""descripcion"": ""EN ARCHIVO. ESPERANDO INGRESO DE DATOS BANK (ESPERANDO RECEPCION)""}",True,ficha_oficial.hitos.tuvo_sancion | ficha_oficial.sanciones | actividad_recinto,seguimiento_institucional | recinto,True,https://parlamentaria.legislatura.gob.ar/pages/expediente.aspx?id=140084,False
140070,741-D-2026,2026-03-12T11:09:17,"REPUDIO FRENTE A LOS DICHOS DEL PRESIDENTE DE LA NACIÓN, EN REFERENCIA AL CONFLICTO BÉLICO INTERNACIONAL EN MEDIO ORIENTE",coautora,coautora,True,True,2,"SANTORO, LEANDRO | NEGRI, CLAUDIA",DECLARACION,en_comision,en_comision,ASUNTOS CONSTITUCIONALES,ASUNTOS CONSTITUCIONALES,"{""fecha"": ""2026-03-26"", ""oficina"": ""ASUNTOS CONSTITUCIONALES"", ""descripcion"": ""EN COMISION""}",False,,seguimiento_institucional,True,https://parlamentaria.legislatura.gob.ar/pages/expediente.aspx?id=140070,False
140067,738-D-2026,2026-03-11T16:29:14,INFORMES REFERIDOS A LAS ACCIONES DE DESRATIZACIÓN Y CONTROL DE PLAGAS REALIZADAS POR EL GCABA,coautora,coautora,True,True,15,"NEIRA, CLAUDIA | BARROETAVEÑA, MATÍAS | BIELLI, MARÍA | CAPORICCIO, FRANCISCO | FERREÑO, CLAUDIO AMÉRICO | GRILLO, ALEJANDRO OMAR | IAÑEZ, BERENICE | LA BLUNDA, ANDRÉS | LAMMENS , MATÍAS | MOCHI, FEDERICO | MODARELLI, JUAN PABLO | NEGRI, CLAUDIA | PEÑAFORT, GRACIANA | SANTORO, LEANDRO | VELÁZQUEZ, DELFINA",RESOLUCION,en_comision,en_comision,AMBIENTE,AMBIENTE,"{""fecha"": ""2026-04-29"", ""oficina"": ""AMBIENTE"", ""descripcion"": ""EXPEDIENTE AGREGADO A UN EXPEDIENTE-CABEZA""}",False,,seguimiento_institucional,True,https://parlamentaria.legislatura.gob.ar/pages/expediente.aspx?id=140067,False
140066,737-D-2026,2026-03-11T16:12:20,INFORMES VINCULADOS AL PLAN DENOMINADO “PUESTA EN VALOR DE ESTACIONES” DE LA RED DE SUBTERRÁNEOS DE LA CIUDAD,coautora,coautora,True,True,16,"NEIRA, CLAUDIA | BARROETAVEÑA, MATÍAS | BIELLI, MARÍA | CAPORICCIO, FRANCISCO | FERREÑO, CLAUDIO AMÉRICO | GRILLO, ALEJANDRO OMAR | IAÑEZ, BERENICE | LA BLUNDA, ANDRÉS | LAMMENS , MATÍAS | MOCHI, FEDERICO | MODARELLI, JUAN PABLO | NEGRI, CLAUDIA | PEÑAFORT, GRACIANA | ROSSEN, BÁRBARA | SANTORO, LEANDRO | VELÁZQUEZ, DELFINA",RESOLUCION,archivado,archivado,ARCHIVO,OBRAS Y SERVICIOS PÚBLICOS,"{""fecha"": ""2026-07-29"", ""oficina"": ""ARCHIVO"", ""descripcion"": ""EN ARCHIVO. ESPERANDO INGRESO DE DATOS BANK (ESPERANDO RECEPCION)""}",True,ficha_oficial.hitos.tuvo_sancion | ficha_oficial.sanciones,seguimiento_institucional | recinto,True,https://parlamentaria.legislatura.gob.ar/pages/expediente.aspx?id=140066,False
140060,733-D-2026,2026-03-11T11:50:07,REPUDIO HACIA EL ATAQUE DE ODIO SUFRIDO EN EL BARRIO DE ALMAGRO POR EL PERIODISTA LUCAS ROMÁN,coautora,coautora,True,True,17,"VELÁZQUEZ, DELFINA | BARROETAVEÑA, MATÍAS | CAPORICCIO, FRANCISCO | FREIRE, VICTORIA | GONZÁLEZ, ANDREA MARIANA | GRILLO, ALEJANDRO OMAR | IAÑEZ, BERENICE | LA BLUNDA, ANDRÉS | LAMMENS , MATÍAS | MOCHI, FEDERICO | MODARELLI, JUAN PABLO | NEGRI, CLAUDIA | NEIRA, CLAUDIA | PEÑAFORT, GRACIANA | ROSSEN, BÁRBARA | SALVATIERRA, ALEJANDRO | SANTORO, LEANDRO",DECLARACION,archivado,archivado,ARCHIVO,"DERECHOS HUMANOS, GARANTÍAS Y ANTIDISCRIMINACIÓN","{""fecha"": ""2026-08-05"", ""oficina"": ""ARCHIVO"", ""descripcion"": ""EXPEDIENTE EN ARCHIVO CON DATOS BANK INGRESADOS""}",True,ficha_oficial.hitos.tuvo_sancion | ficha_oficial.sanciones | actividad_recinto,seguimiento_institucional | recinto,True,https://parlamentaria.legislatura.gob.ar/pages/expediente.aspx?id=140060,False
140028,702-D-2026,2026-03-09T15:55:22,INFORMES REFERIDOS A PROGRAMAS ALIMENTARIOS,coautora,coautora,True,True,7,"IAÑEZ, BERENICE | BIELLI, MARÍA | CAPORICCIO, FRANCISCO | FERREÑO, CLAUDIO AMÉRICO | LAMMENS , MATÍAS | NEGRI, CLAUDIA | NEIRA, CLAUDIA",RESOLUCION,sancionado,sancionado,MEP,POLÍTICAS DE PROMOCIÓN E INTEGRACIÓN SOCIAL,"{""fecha"": ""2026-05-18"", ""oficina"": ""MEP"", ""descripcion"": ""SANCIONADO. EN MEP ESPERANDO COMUNICACION CON EL PE U OTRAS ENTIDADES (ESPERANDO RECEPCION)""}",True,estado_actual | etapa_ciclo | ficha_oficial.hitos.tuvo_sancion | ficha_oficial.sanciones,seguimiento_institucional | recinto,True,https://parlamentaria.legislatura.gob.ar/pages/expediente.aspx?id=140028,False
139990,666-D-2026,2026-03-06T11:24:03,INFORMES RELACIONADOS CON EL PROGRAMA DE EXTERNACIÓN ASISTIDA (PREASIS).-,coautora,coautora,True,True,6,"IAÑEZ, BERENICE | FERREÑO, CLAUDIO AMÉRICO | GONZÁLEZ, ANDREA MARIANA | GRILLO, ALEJANDRO OMAR | NEGRI, CLAUDIA | NEIRA, CLAUDIA",RESOLUCION,en_comision,en_comision,POLÍTICAS DE PROMOCIÓN E INTEGRACIÓN SOCIAL,POLÍTICAS DE PROMOCIÓN E INTEGRACIÓN SOCIAL,"{""fecha"": ""2026-04-21"", ""oficina"": ""POLÍTICAS DE PROMOCIÓN E INTEGRACIÓN SOCIAL"", ""descripcion"": ""EXPEDIENTE AGREGADO A UN EXPEDIENTE-CABEZA""}",False,,seguimiento_institucional,True,https://parlamentaria.legislatura.gob.ar/pages/expediente.aspx?id=139990,False
139975,652-D-2026,2026-03-05T14:18:25,REPUDIO A LA REPRESIÓN PERPETRADA POR LA POLICÍA DE LA CIUDAD CONTRA LOS TRABAJADORES DE LA EMPRESA DE NEUMÁTICOS FATE,coautora,coautora,True,True,21,"VELÁZQUEZ, DELFINA | BARROETAVEÑA, MATÍAS | BIELLI, MARÍA | CAPORICCIO, FRANCISCO | D´ATRI, ANDREA | FERREÑO, CLAUDIO AMÉRICO | FREIRE, VICTORIA | GEMINIANI, NOEMÍ | GONZÁLEZ, ANDREA MARIANA | GRILLO, ALEJANDRO OMAR | IAÑEZ, BERENICE | LA BLUNDA, ANDRÉS | LAMMENS , MATÍAS | MOCHI, FEDERICO | MODARELLI, JUAN PABLO | NEGRI, CLAUDIA | NEIRA, CLAUDIA | PEÑAFORT, GRACIANA | ROSSEN, BÁRBARA | SALVATIERRA, ALEJANDRO | SANTORO, LEANDRO",DECLARACION,en_comision,en_comision,SEGURIDAD,SEGURIDAD,"{""fecha"": ""2026-03-11"", ""oficina"": ""SEGURIDAD"", ""descripcion"": ""EN COMISION""}",False,,seguimiento_institucional,True,https://parlamentaria.legislatura.gob.ar/pages/expediente.aspx?id=139975,False
139956,638-D-2026,2026-03-05T10:10:50,INFORMES RELACIONADOS CON EL ÁREA DE PROGRAMAS SOCIOEDUCATIVOS,coautora,coautora,True,True,16,"BIELLI, MARÍA | BARROETAVEÑA, MATÍAS | CAPORICCIO, FRANCISCO | FERREÑO, CLAUDIO AMÉRICO | FREIRE, VICTORIA | GEMINIANI, NOEMÍ | GRILLO, ALEJANDRO OMAR | LA BLUNDA, ANDRÉS | LAMMENS , MATÍAS | MOCHI, FEDERICO | NEGRI, CLAUDIA | NEIRA, CLAUDIA | PEÑAFORT, GRACIANA | ROSSEN, BÁRBARA | SANTORO, LEANDRO | VELÁZQUEZ, DELFINA",RESOLUCION,archivado,archivado,ARCHIVO,"EDUCACIÓN, CIENCIA Y TECNOLOGÍA","{""fecha"": ""2026-07-29"", ""oficina"": ""ARCHIVO"", ""descripcion"": ""EN ARCHIVO. ESPERANDO INGRESO DE DATOS BANK (ESPERANDO RECEPCION)""}",True,ficha_oficial.hitos.tuvo_sancion | ficha_oficial.sanciones,seguimiento_institucional | recinto,True,https://parlamentaria.legislatura.gob.ar/pages/expediente.aspx?id=139956,False
139934,616-D-2026,2026-03-03T16:37:45,INFORMES REFERIDOS AL ANUNCIO DEL JEFE DE GOBIERNO SOBRE LA INCLUSIÓN DE SISTEMAS DE INTELIGENCIA ARTIFICIAL EN LAS PROPUESTAS PEDAGÓGICAS DE LAS ESCUELAS DE NIVEL PRIMARIO Y SECUNDARIO,coautora,coautora,True,True,6,"BIELLI, MARÍA | FREIRE, VICTORIA | GRILLO, ALEJANDRO OMAR | LA BLUNDA, ANDRÉS | MODARELLI, JUAN PABLO | NEGRI, CLAUDIA",RESOLUCION,archivado,archivado,ARCHIVO,"EDUCACIÓN, CIENCIA Y TECNOLOGÍA","{""fecha"": ""2026-07-29"", ""oficina"": ""ARCHIVO"", ""descripcion"": ""EN ARCHIVO. ESPERANDO INGRESO DE DATOS BANK (ESPERANDO RECEPCION)""}",True,ficha_oficial.hitos.tuvo_sancion | ficha_oficial.sanciones,seguimiento_institucional | recinto,True,https://parlamentaria.legislatura.gob.ar/pages/expediente.aspx?id=139934,False
139921,603-D-2026,2026-03-03T15:55:22,INFORMES REFERIDOS AL PROYECTO “ORQUESTAS PARA LA EQUIDAD”,coautora,coautora,True,True,8,"FREIRE, VICTORIA | BIELLI, MARÍA | GONZÁLEZ, ANDREA MARIANA | GRILLO, ALEJANDRO OMAR | NEGRI, CLAUDIA | NEIRA, CLAUDIA | PEÑAFORT, GRACIANA | SANTORO, LEANDRO",RESOLUCION,archivado,archivado,ARCHIVO,"EDUCACIÓN, CIENCIA Y TECNOLOGÍA","{""fecha"": ""2026-08-20"", ""oficina"": ""ARCHIVO"", ""descripcion"": ""EXPEDIENTE EN ARCHIVO CON DATOS BANK INGRESADOS""}",True,ficha_oficial.hitos.tuvo_sancion | ficha_oficial.sanciones | actividad_recinto,seguimiento_institucional | recinto,True,https://parlamentaria.legislatura.gob.ar/pages/expediente.aspx?id=139921,False
139912,594-D-2026,2026-03-03T14:39:01,DECLÁRASE DE INTERÉS CULTURAL Y SOCIAL AL INSTITUTO NACIONAL DE INVESTIGACIONES HISTÓRICAS JUAN MANUEL DE ROSAS,coautora,coautora,True,True,5,"IAÑEZ, BERENICE | CAPORICCIO, FRANCISCO | FERREÑO, CLAUDIO AMÉRICO | NEGRI, CLAUDIA | NEIRA, CLAUDIA",DECLARACION,archivado,archivado,ARCHIVO,CULTURA,"{""fecha"": ""2026-08-04"", ""oficina"": ""ARCHIVO"", ""descripcion"": ""EXPEDIENTE EN ARCHIVO CON DATOS BANK INGRESADOS""}",True,ficha_oficial.hitos.tuvo_sancion | ficha_oficial.sanciones,seguimiento_institucional | recinto,True,https://parlamentaria.legislatura.gob.ar/pages/expediente.aspx?id=139912,False
139907,589-D-2026,2026-03-03T14:18:04,REPARACIÓN PARA FAMILIARES DE TRABAJADORAS Y TRABAJADORES FALLECIDOS POR EXPOSICIÓN AL ASBESTO,coautora,coautora,True,True,11,"PEÑAFORT, GRACIANA | BIELLI, MARÍA | FERREÑO, CLAUDIO AMÉRICO | GEMINIANI, NOEMÍ | GRILLO, ALEJANDRO OMAR | LA BLUNDA, ANDRÉS | MOCHI, FEDERICO | MODARELLI, JUAN PABLO | NEGRI, CLAUDIA | ROSSEN, BÁRBARA | VELÁZQUEZ, DELFINA",LEY,en_comision,en_comision,OBRAS Y SERVICIOS PÚBLICOS,"OBRAS Y SERVICIOS PÚBLICOS | PRESUPUESTO, HACIENDA, ADMINISTRACIÓN FINANCIERA Y POLÍTICA TRIBUTARIA","{""fecha"": ""2026-03-10"", ""oficina"": ""OBRAS Y SERVICIOS PÚBLICOS"", ""descripcion"": ""EN COMISION""}",False,,seguimiento_institucional,True,https://parlamentaria.legislatura.gob.ar/pages/expediente.aspx?id=139907,False
139812,489-D-2026,2026-03-02T14:35:55,INFORMES REFERIDOS AL OPERATIVO DESPLEGADO POR LA POLICÍA DE LA CIUDAD EN VILLA 20 EL DÍA 25 DE DICIEMBRE DEL 2025.-,coautora,coautora,True,True,20,"SALVATIERRA, ALEJANDRO | BARROETAVEÑA, MATÍAS | BIELLI, MARÍA | CAPORICCIO, FRANCISCO | FERREÑO, CLAUDIO AMÉRICO | FREIRE, VICTORIA | GEMINIANI, NOEMÍ | GONZÁLEZ, ANDREA MARIANA | GRILLO, ALEJANDRO OMAR | IAÑEZ, BERENICE | LA BLUNDA, ANDRÉS | LAMMENS , MATÍAS | MOCHI, FEDERICO | MODARELLI, JUAN PABLO | NEGRI, CLAUDIA | NEIRA, CLAUDIA | PEÑAFORT, GRACIANA | ROSSEN, BÁRBARA | SANTORO, LEANDRO | VELÁZQUEZ, DELFINA",RESOLUCION,sancionado,sancionado,MEP,SEGURIDAD,"{""fecha"": ""2026-09-01"", ""oficina"": ""MEP"", ""descripcion"": ""SANCIONADO. EN MEP ESPERANDO COMUNICACION CON EL PE U OTRAS ENTIDADES (ESPERANDO RECEPCION)""}",True,estado_actual | etapa_ciclo | ficha_oficial.hitos.tuvo_sancion | ficha_oficial.sanciones | actividad_recinto,seguimiento_institucional | recinto,True,https://parlamentaria.legislatura.gob.ar/pages/expediente.aspx?id=139812,False
139803,472-D-2026,2026-03-02T14:09:46,INFORMES REFERIDOS A LA SITUACIÓN DE LAS OBRAS EN EJECUCIÓN Y A REALIZARSE SOBRE EL SISTEMA PÚBLICO DE SALUD.-,coautora,coautora,True,True,6,"BARROETAVEÑA, MATÍAS | CAPORICCIO, FRANCISCO | GEMINIANI, NOEMÍ | GONZÁLEZ, ANDREA MARIANA | NEGRI, CLAUDIA | PEÑAFORT, GRACIANA",RESOLUCION,archivado,archivado,ARCHIVO,SALUD,"{""fecha"": ""2026-07-29"", ""oficina"": ""ARCHIVO"", ""descripcion"": ""EN ARCHIVO. ESPERANDO INGRESO DE DATOS BANK (ESPERANDO RECEPCION)""}",True,ficha_oficial.hitos.tuvo_sancion | ficha_oficial.sanciones,seguimiento_institucional | recinto,True,https://parlamentaria.legislatura.gob.ar/pages/expediente.aspx?id=139803,False
139771,440-D-2026,2026-03-02T12:58:31,MODIFÍCANSE LAS LEYES 5688 Y 1689. AGENCIA DE MONITOREO CIUDADANO.-,coautora,coautora,True,True,7,"CAPORICCIO, FRANCISCO | FREIRE, VICTORIA | MOCHI, FEDERICO | NEGRI, CLAUDIA | NEIRA, CLAUDIA | PEÑAFORT, GRACIANA | SALVATIERRA, ALEJANDRO",LEY,en_comision,en_comision,SEGURIDAD,"SEGURIDAD | LEGISLACION DEL TRABAJO Y POLÍTICAS DE EMPLEO | PRESUPUESTO, HACIENDA, ADMINISTRACIÓN FINANCIERA Y POLÍTICA TRIBUTARIA","{""fecha"": ""2026-03-11"", ""oficina"": ""SEGURIDAD"", ""descripcion"": ""EN COMISION""}",False,,seguimiento_institucional,True,https://parlamentaria.legislatura.gob.ar/pages/expediente.aspx?id=139771,False
139769,455-D-2026,2026-03-02T12:54:59,RÉGIMEN DE PROTECCIÓN INTEGRAL Y ASISTENCIA SOCIO- SANITARIA PARA PERSONAS CON TUBERCULOSIS (TBC).-,autora,autora,True,True,9,"NEGRI, CLAUDIA | BIELLI, MARÍA | FERREÑO, CLAUDIO AMÉRICO | FREIRE, VICTORIA | GONZÁLEZ, ANDREA MARIANA | MOCHI, FEDERICO | NEIRA, CLAUDIA | SALVATIERRA, ALEJANDRO | VELÁZQUEZ, DELFINA",LEY,en_comision,en_comision,SALUD,"SALUD | PRESUPUESTO, HACIENDA, ADMINISTRACIÓN FINANCIERA Y POLÍTICA TRIBUTARIA","{""fecha"": ""2026-03-09"", ""oficina"": ""SALUD"", ""descripcion"": ""EN COMISION""}",False,,seguimiento_institucional,True,https://parlamentaria.legislatura.gob.ar/pages/expediente.aspx?id=139769,False
139768,438-D-2026,2026-03-02T12:53:50,REPUDIO ANTE LA DECISIÓN DEL PODER EJECUTIVO NACIONAL DE POSTERGAR INDEFINIDAMENTE LA APLICACIÓN DE LA ACTUALIZACIÓN METODOLÓGICA DEL ÍNDICE DE PRECIOS AL CONSUMIDOR (IPC).-,coautora,coautora,True,True,8,"CAPORICCIO, FRANCISCO | GRILLO, ALEJANDRO OMAR | MOCHI, FEDERICO | NEGRI, CLAUDIA | NEIRA, CLAUDIA | ROSSEN, BÁRBARA | SALVATIERRA, ALEJANDRO | SANTORO, LEANDRO",DECLARACION,en_comision,en_comision,Asuntos Metropolitanos y Relaciones Interjurisdiccionales,Asuntos Metropolitanos y Relaciones Interjurisdiccionales,"{""fecha"": ""2026-03-10"", ""oficina"": ""Asuntos Metropolitanos y Relaciones Interjurisdiccionales"", ""descripcion"": ""EN COMISION""}",False,,seguimiento_institucional,True,https://parlamentaria.legislatura.gob.ar/pages/expediente.aspx?id=139768,False
139766,436-D-2026,2026-03-02T12:51:47,CRÉASE EL PROGRAMA DE ATENCIÓN INTEGRAL DE LA MENOPAUSIA Y EL CLIMATERIO.-,autora,autora,True,True,9,"NEGRI, CLAUDIA | BIELLI, MARÍA | FERREÑO, CLAUDIO AMÉRICO | FREIRE, VICTORIA | GONZÁLEZ, ANDREA MARIANA | LA BLUNDA, ANDRÉS | NEIRA, CLAUDIA | ROSSEN, BÁRBARA | VELÁZQUEZ, DELFINA",LEY,con_dictamen,con_dictamen,"PRESUPUESTO, HACIENDA, ADMINISTRACIÓN FINANCIERA Y POLÍTICA TRIBUTARIA","SALUD | PRESUPUESTO, HACIENDA, ADMINISTRACIÓN FINANCIERA Y POLÍTICA TRIBUTARIA","{""fecha"": ""2026-07-16"", ""oficina"": ""PRESUPUESTO, HACIENDA, ADMINISTRACIÓN FINANCIERA Y POLÍTICA TRIBUTARIA"", ""descripcion"": ""EN COMISION CON DICTAMEN GENERADO (ESPERANDO RECEPCION)""}",False,,seguimiento_institucional,True,https://parlamentaria.legislatura.gob.ar/pages/expediente.aspx?id=139766,False
139764,454-D-2026,2026-03-02T12:46:42,CRÉASE LA RED DE LECHE HUMANA.-,autora,autora,True,True,7,"NEGRI, CLAUDIA | BIELLI, MARÍA | FERREÑO, CLAUDIO AMÉRICO | FREIRE, VICTORIA | GONZÁLEZ, ANDREA MARIANA | NEIRA, CLAUDIA | ROSSEN, BÁRBARA",LEY,en_comision,en_comision,SALUD,"SALUD | PRESUPUESTO, HACIENDA, ADMINISTRACIÓN FINANCIERA Y POLÍTICA TRIBUTARIA","{""fecha"": ""2026-03-09"", ""oficina"": ""SALUD"", ""descripcion"": ""EN COMISION""}",False,,seguimiento_institucional,True,https://parlamentaria.legislatura.gob.ar/pages/expediente.aspx?id=139764,False
139762,449-D-2026,2026-03-02T12:44:45,DECLÁRASE DE INTERÉS AMBIENTAL DE LA CIUDAD AUTÓNOMA DE BUENOS AIRES LA LABOR REALIZADA POR LA “HUERTA URBANA AGROECOLÓGICA ‘ANITA BROCCOLI’”.-,autora,autora,True,True,6,"NEGRI, CLAUDIA | FERREÑO, CLAUDIO AMÉRICO | FREIRE, VICTORIA | GRILLO, ALEJANDRO OMAR | NEIRA, CLAUDIA | ROSSEN, BÁRBARA",DECLARACION,archivado,archivado,ARCHIVO,AMBIENTE,"{""fecha"": ""2026-07-28"", ""oficina"": ""ARCHIVO"", ""descripcion"": ""EN ARCHIVO. ESPERANDO INGRESO DE DATOS BANK (ESPERANDO RECEPCION)""}",True,ficha_oficial.hitos.tuvo_sancion | ficha_oficial.sanciones,seguimiento_institucional | recinto,True,https://parlamentaria.legislatura.gob.ar/pages/expediente.aspx?id=139762,False
139759,435-D-2026,2026-03-02T12:33:09,MODIFÍCASE LA LEY 5622.-,autora,autora,True,True,5,"NEGRI, CLAUDIA | FERREÑO, CLAUDIO AMÉRICO | LA BLUNDA, ANDRÉS | MOCHI, FEDERICO | NEIRA, CLAUDIA",LEY,en_comision,en_comision,SALUD,"SALUD | PRESUPUESTO, HACIENDA, ADMINISTRACIÓN FINANCIERA Y POLÍTICA TRIBUTARIA","{""fecha"": ""2026-03-09"", ""oficina"": ""SALUD"", ""descripcion"": ""EN COMISION""}",False,,seguimiento_institucional,True,https://parlamentaria.legislatura.gob.ar/pages/expediente.aspx?id=139759,False
139757,432-D-2026,2026-03-02T12:26:14,INFORMES EN RELACIÓN CON EL CIERRE DEL INSTITUTO FORMAR FUTURO.-,autora,autora,True,True,5,"NEGRI, CLAUDIA | CAPORICCIO, FRANCISCO | FERREÑO, CLAUDIO AMÉRICO | MOCHI, FEDERICO | PEÑAFORT, GRACIANA",RESOLUCION,sancionado,sancionado,MEP,"EDUCACIÓN, CIENCIA Y TECNOLOGÍA","{""fecha"": ""2026-09-02"", ""oficina"": ""MEP"", ""descripcion"": ""SANCIONADO. EN MEP ESPERANDO COMUNICACION CON EL PE U OTRAS ENTIDADES (ESPERANDO RECEPCION)""}",True,estado_actual | etapa_ciclo | ficha_oficial.hitos.tuvo_sancion | ficha_oficial.sanciones,seguimiento_institucional | recinto,True,https://parlamentaria.legislatura.gob.ar/pages/expediente.aspx?id=139757,False
139756,430-D-2026,2026-03-02T12:24:35,"INFORMES RESPECTO DE LA SITUACIÓN DE NIÑAS, NIÑOS Y ADOLESCENTES QUE INGRESAN A HOSPITALES PÚBLICOS POR DISPOSICIÓN U OFICIO JUDICIAL DEL CONSEJO DE LOS DERECHOS DE NIÑAS, NIÑOS Y ADOLESCENTES.-",autora,autora,True,True,14,"NEGRI, CLAUDIA | BARROETAVEÑA, MATÍAS | CAPORICCIO, FRANCISCO | FERREÑO, CLAUDIO AMÉRICO | FREIRE, VICTORIA | GONZÁLEZ, ANDREA MARIANA | GRILLO, ALEJANDRO OMAR | MOCHI, FEDERICO | NEIRA, CLAUDIA | PEÑAFORT, GRACIANA | ROSSEN, BÁRBARA | SALVATIERRA, ALEJANDRO | SANTORO, LEANDRO | VELÁZQUEZ, DELFINA",RESOLUCION,archivado,archivado,ARCHIVO,"NIÑEZ, ADOLESCENCIA Y JUVENTUD","{""fecha"": ""2026-08-20"", ""oficina"": ""ARCHIVO"", ""descripcion"": ""EXPEDIENTE EN ARCHIVO CON DATOS BANK INGRESADOS""}",True,ficha_oficial.hitos.tuvo_sancion | ficha_oficial.sanciones | actividad_recinto,seguimiento_institucional | recinto,True,https://parlamentaria.legislatura.gob.ar/pages/expediente.aspx?id=139756,False
139754,428-D-2026,2026-03-02T12:19:27,REPUDIO A LA POSTURA DE LA DELEGACIÓN DE NUESTRO PAÍS EN LA ÚLTIMA ASAMBLEA GENERAL DE LA ONU.-,autora,autora,True,True,11,"NEGRI, CLAUDIA | BARROETAVEÑA, MATÍAS | CAPORICCIO, FRANCISCO | FERREÑO, CLAUDIO AMÉRICO | GEMINIANI, NOEMÍ | GONZÁLEZ, ANDREA MARIANA | GRILLO, ALEJANDRO OMAR | NEIRA, CLAUDIA | ROSSEN, BÁRBARA | SANTORO, LEANDRO | VELÁZQUEZ, DELFINA",DECLARACION,en_comision,en_comision,Asuntos Metropolitanos y Relaciones Interjurisdiccionales,Asuntos Metropolitanos y Relaciones Interjurisdiccionales,"{""fecha"": ""2026-03-10"", ""oficina"": ""Asuntos Metropolitanos y Relaciones Interjurisdiccionales"", ""descripcion"": ""EN COMISION""}",False,,seguimiento_institucional,True,https://parlamentaria.legislatura.gob.ar/pages/expediente.aspx?id=139754,False
139746,392-D-2026,2026-03-02T11:55:02,"INFORMES REFERIDOS AL PREDIO DE LA AV. CONGRESO 3817/81, DR. RÓMULO S. NAÓN 2960/80, ESTOMBA 2923/25/41 Y QUESADA 3810/34/50, DEL BARRIO DE COGHLAN, COMUNA 12.-",coautora,coautora,True,True,7,"FERREÑO, CLAUDIO AMÉRICO | CAPORICCIO, FRANCISCO | GRILLO, ALEJANDRO OMAR | IAÑEZ, BERENICE | NEGRI, CLAUDIA | ROSSEN, BÁRBARA | SALVATIERRA, ALEJANDRO",RESOLUCION,sancionado,sancionado,MEP,AMBIENTE,"{""fecha"": ""2026-09-02"", ""oficina"": ""MEP"", ""descripcion"": ""SANCIONADO. EN MEP ESPERANDO COMUNICACION CON EL PE U OTRAS ENTIDADES (ESPERANDO RECEPCION)""}",True,estado_actual | etapa_ciclo | ficha_oficial.hitos.tuvo_sancion | ficha_oficial.sanciones,seguimiento_institucional | recinto,True,https://parlamentaria.legislatura.gob.ar/pages/expediente.aspx?id=139746,False
139740,386-D-2026,2026-03-02T11:48:25,"DENOMÍNASE ""PASEO DIEGO ARMANDO MARADONA"" A UN TRAMO DE LA AVENIDA BOYACÁ Y SU CONTINUIDAD CON LA CALLE PUNTA ARENAS.-",coautora,coautora,True,True,7,"FERREÑO, CLAUDIO AMÉRICO | BIELLI, MARÍA | IAÑEZ, BERENICE | LA BLUNDA, ANDRÉS | NEGRI, CLAUDIA | SALVATIERRA, ALEJANDRO | VELÁZQUEZ, DELFINA",LEY,en_comision,en_comision,CULTURA,CULTURA,"{""fecha"": ""2026-03-05"", ""oficina"": ""CULTURA"", ""descripcion"": ""EN COMISION""}",False,,seguimiento_institucional,True,https://parlamentaria.legislatura.gob.ar/pages/expediente.aspx?id=139740,False
139735,390-D-2026,2026-03-02T11:40:36,INFORMES REFERIDOS AL CONVENIO DE PERMISO DE USO PRECARIO Y ONEROSO OTORGADO A LA EMPRESA TRIXMA S.R.L. SOBRE UN SECTOR DEL POLIDEPORTIVO SANTOJANNI.-,coautora,coautora,True,True,6,"FERREÑO, CLAUDIO AMÉRICO | IAÑEZ, BERENICE | LA BLUNDA, ANDRÉS | NEGRI, CLAUDIA | NEIRA, CLAUDIA | ROSSEN, BÁRBARA",RESOLUCION,sancionado,sancionado,MEP,TURISMO Y DEPORTES,"{""fecha"": ""2026-09-02"", ""oficina"": ""MEP"", ""descripcion"": ""SANCIONADO. EN MEP ESPERANDO COMUNICACION CON EL PE U OTRAS ENTIDADES (ESPERANDO RECEPCION)""}",True,estado_actual | etapa_ciclo | ficha_oficial.hitos.tuvo_sancion | ficha_oficial.sanciones,seguimiento_institucional | recinto,True,https://parlamentaria.legislatura.gob.ar/pages/expediente.aspx?id=139735,False
139734,385-D-2026,2026-03-02T11:37:34,INFORMES REFERIDOS A LA IMPLEMENTACIÓN Y CUMPLIMIENTO DE LA LEY 1877 DE ORDENAMIENTO Y SOTERRAMIENTO DE TENDIDOS DE REDES HFC.-,coautora,coautora,True,True,5,"FERREÑO, CLAUDIO AMÉRICO | CAPORICCIO, FRANCISCO | IAÑEZ, BERENICE | NEGRI, CLAUDIA | ROSSEN, BÁRBARA",RESOLUCION,archivado,archivado,ARCHIVO,OBRAS Y SERVICIOS PÚBLICOS,"{""fecha"": ""2026-07-29"", ""oficina"": ""ARCHIVO"", ""descripcion"": ""EN ARCHIVO. ESPERANDO INGRESO DE DATOS BANK (ESPERANDO RECEPCION)""}",True,ficha_oficial.hitos.tuvo_sancion | ficha_oficial.sanciones,seguimiento_institucional | recinto,True,https://parlamentaria.legislatura.gob.ar/pages/expediente.aspx?id=139734,False
139733,384-D-2026,2026-03-02T11:29:57,DECLÁRASE HUÉSPED DE HONOR AL SR. ROBERT ANTHONY PLANT.-,coautora,coautora,True,True,15,"FERREÑO, CLAUDIO AMÉRICO | BIELLI, MARÍA | CAPORICCIO, FRANCISCO | GONZÁLEZ, ANDREA MARIANA | GRILLO, ALEJANDRO OMAR | IAÑEZ, BERENICE | LA BLUNDA, ANDRÉS | MOCHI, FEDERICO | MODARELLI, JUAN PABLO | NEGRI, CLAUDIA | NEIRA, CLAUDIA | ROSSEN, BÁRBARA | SALVATIERRA, ALEJANDRO | SANTORO, LEANDRO | VELÁZQUEZ, DELFINA",DECLARACION,archivado,archivado,ARCHIVO,CULTURA,"{""fecha"": ""2026-08-05"", ""oficina"": ""ARCHIVO"", ""descripcion"": ""EXPEDIENTE EN ARCHIVO CON DATOS BANK INGRESADOS""}",True,ficha_oficial.hitos.tuvo_sancion | ficha_oficial.sanciones | actividad_recinto,seguimiento_institucional | recinto,True,https://parlamentaria.legislatura.gob.ar/pages/expediente.aspx?id=139733,False
139731,382-D-2026,2026-03-02T11:25:54,INFORMES REFERIDOS AL FUNCIONAMIENTO DE LA DIRECCIÓN GENERAL DE VIOLENCIA DE GÉNERO.-,coautora,coautora,True,True,4,"FERREÑO, CLAUDIO AMÉRICO | IAÑEZ, BERENICE | NEGRI, CLAUDIA | VELÁZQUEZ, DELFINA",RESOLUCION,sancionado,sancionado,MEP,"MUJERES, GÉNEROS Y DIVERSIDADES","{""fecha"": ""2026-06-22"", ""oficina"": ""MEP"", ""descripcion"": ""SANCIONADO. EN MEP ESPERANDO COMUNICACION CON EL PE U OTRAS ENTIDADES (ESPERANDO RECEPCION)""}",True,estado_actual | etapa_ciclo | ficha_oficial.hitos.tuvo_sancion | ficha_oficial.sanciones,seguimiento_institucional | recinto,True,https://parlamentaria.legislatura.gob.ar/pages/expediente.aspx?id=139731,False
139730,381-D-2026,2026-03-02T11:24:51,"CONMEMÓRASE EL 50° ANIVERSARIO DEL ASESINATO DE LOS SACERDOTES PALOTINOS ALFREDO LEADEN, PEDRO DUFFAU Y ALFREDO KELLY Y LOS SEMINARISTAS SALVADOR BARBEITO Y EMILIO BARLETTI PERPETRADOS EL 4 DE JULIO DE 1976.-",coautora,coautora,True,True,6,"FERREÑO, CLAUDIO AMÉRICO | BIELLI, MARÍA | IAÑEZ, BERENICE | LA BLUNDA, ANDRÉS | MODARELLI, JUAN PABLO | NEGRI, CLAUDIA",DECLARACION,sancionado,sancionado,MEP,"DERECHOS HUMANOS, GARANTÍAS Y ANTIDISCRIMINACIÓN","{""fecha"": ""2026-09-01"", ""oficina"": ""MEP"", ""descripcion"": ""SANCIONADO. EN MEP ESPERANDO COMUNICACION CON EL PE U OTRAS ENTIDADES (ESPERANDO RECEPCION)""}",True,estado_actual | etapa_ciclo | ficha_oficial.hitos.tuvo_sancion | ficha_oficial.sanciones,seguimiento_institucional | recinto,True,https://parlamentaria.legislatura.gob.ar/pages/expediente.aspx?id=139730,False
139727,398-D-2026,2026-03-02T11:22:29,CONMEMÓRASE EL CENTENARIO ANIVERSARIO DE LA FUNDACIÓN DEL CLUB OESTE. DISPÓNESE LA COLOCACIÓN DE UNA PLACA.-,coautora,coautora,True,True,5,"FERREÑO, CLAUDIO AMÉRICO | GRILLO, ALEJANDRO OMAR | IAÑEZ, BERENICE | LA BLUNDA, ANDRÉS | NEGRI, CLAUDIA",DECLARACION,archivado,archivado,ARCHIVO,TURISMO Y DEPORTES,"{""fecha"": ""2026-07-28"", ""oficina"": ""ARCHIVO"", ""descripcion"": ""EN ARCHIVO. ESPERANDO INGRESO DE DATOS BANK (ESPERANDO RECEPCION)""}",True,ficha_oficial.hitos.tuvo_sancion | ficha_oficial.sanciones,seguimiento_institucional | recinto,True,https://parlamentaria.legislatura.gob.ar/pages/expediente.aspx?id=139727,False
139726,538-D-2026,2026-03-02T11:19:40,"CONMEMÓRASE EL 75° ANIVERSARIO DEL EJERCICIO DEL VOTO FEMENINO EN LA REPÚBLICA ARGENTINA, EL 11 DE NOVIEMBRE DEL CORRIENTE AÑO.-",coautora,coautora,True,True,8,"FERREÑO, CLAUDIO AMÉRICO | BIELLI, MARÍA | CAPORICCIO, FRANCISCO | IAÑEZ, BERENICE | MODARELLI, JUAN PABLO | NEGRI, CLAUDIA | ROSSEN, BÁRBARA | VELÁZQUEZ, DELFINA",DECLARACION,en_comision,en_comision,"MUJERES, GÉNEROS Y DIVERSIDADES","MUJERES, GÉNEROS Y DIVERSIDADES","{""fecha"": ""2026-03-10"", ""oficina"": ""MUJERES, GÉNEROS Y DIVERSIDADES"", ""descripcion"": ""EN COMISION""}",False,,seguimiento_institucional,True,https://parlamentaria.legislatura.gob.ar/pages/expediente.aspx?id=139726,False
139725,378-D-2026,2026-03-02T11:18:42,"RECUERDO CON PESAR POR EL SEPTUAGÉSIMO ANIVERSARIO DEL DICTADO DEL DECRETO-LEY 4161, EL 5 DE MARZO DE 1956, MEDIANTE EL CUAL SE DISPUSO LA PROSCRIPCIÓN DEL PERONISMO.-",coautora,coautora,True,True,8,"FERREÑO, CLAUDIO AMÉRICO | BIELLI, MARÍA | CAPORICCIO, FRANCISCO | IAÑEZ, BERENICE | LA BLUNDA, ANDRÉS | MOCHI, FEDERICO | MODARELLI, JUAN PABLO | NEGRI, CLAUDIA",DECLARACION,archivado,archivado,ARCHIVO,CULTURA,"{""fecha"": ""2026-08-05"", ""oficina"": ""ARCHIVO"", ""descripcion"": ""EXPEDIENTE EN ARCHIVO CON DATOS BANK INGRESADOS""}",True,ficha_oficial.hitos.tuvo_sancion | ficha_oficial.sanciones | actividad_recinto,seguimiento_institucional | recinto,True,https://parlamentaria.legislatura.gob.ar/pages/expediente.aspx?id=139725,False
139722,377-D-2026,2026-03-02T11:13:25,MODIFÍCANSE LOS ARTÍCULOS 286 Y OTROS DEL REGLAMENTO DE LA LEGISLATURA DE LA CIUDAD AUTÓNOMA DE BUENOS AIRES.-,coautora,coautora,True,True,7,"FERREÑO, CLAUDIO AMÉRICO | BIELLI, MARÍA | FREIRE, VICTORIA | IAÑEZ, BERENICE | LA BLUNDA, ANDRÉS | NEGRI, CLAUDIA | NEIRA, CLAUDIA",RESOLUCION,en_comision,en_comision,JUNTA DE INTERPRETACIÓN Y REGLAMENTO,JUNTA DE INTERPRETACIÓN Y REGLAMENTO,"{""fecha"": ""2026-03-09"", ""oficina"": ""JUNTA DE INTERPRETACIÓN Y REGLAMENTO"", ""descripcion"": ""EN COMISION""}",False,,seguimiento_institucional,True,https://parlamentaria.legislatura.gob.ar/pages/expediente.aspx?id=139722,False
139721,410-D-2026,2026-03-02T11:11:19,CONMEMÓRASE EL 205° ANIVERSARIO DE LA FUNDACIÓN DE LA UNIVERSIDAD DE BUENOS AIRES.-,coautora,coautora,True,True,18,"MOCHI, FEDERICO | ALIFRACO, EDGARDO NESTOR | CAPORICCIO, FRANCISCO | CRUCITTA, ALDANA BELÉN | FERRARIO, EMMANUEL | FERREÑO, CLAUDIO AMÉRICO | LAMMENS , MATÍAS | LOUPIAS, FRANCISCO | MOLLARD, MARÍA FERNANDA | NAGATA, SEBASTIÁN | NEGRI, CLAUDIA | NEIRA, CLAUDIA | OCAÑA, MARÍA GRACIELA | RODRÍGUEZ LARRETA, HORACIO | ROSSEN, BÁRBARA | SANTORO, LEANDRO | TAGLIAFERRI, GUADALUPE | THOURTE, MANUELA",RESOLUCION,archivado,archivado,ARCHIVO,"EDUCACIÓN, CIENCIA Y TECNOLOGÍA","{""fecha"": ""2026-07-29"", ""oficina"": ""ARCHIVO"", ""descripcion"": ""EN ARCHIVO. ESPERANDO INGRESO DE DATOS BANK (ESPERANDO RECEPCION)""}",True,ficha_oficial.hitos.tuvo_sancion | ficha_oficial.sanciones,seguimiento_institucional | recinto,True,https://parlamentaria.legislatura.gob.ar/pages/expediente.aspx?id=139721,False
139717,375-D-2026,2026-03-02T10:54:17,PESAR POR EL ANIVERSARIO DEL FALLECIMIENTO DE SU SANTIDAD PAPA FRANCISCO (JORGE MARIO BERGOGLIO).-,coautora,coautora,True,True,12,"FERREÑO, CLAUDIO AMÉRICO | BIELLI, MARÍA | CAPORICCIO, FRANCISCO | GONZÁLEZ, ANDREA MARIANA | GRILLO, ALEJANDRO OMAR | IAÑEZ, BERENICE | LA BLUNDA, ANDRÉS | MOCHI, FEDERICO | MODARELLI, JUAN PABLO | NEGRI, CLAUDIA | ROSSEN, BÁRBARA | VELÁZQUEZ, DELFINA",DECLARACION,archivado,archivado,ARCHIVO,CULTURA,"{""fecha"": ""2026-08-05"", ""oficina"": ""ARCHIVO"", ""descripcion"": ""EXPEDIENTE EN ARCHIVO CON DATOS BANK INGRESADOS""}",True,ficha_oficial.hitos.tuvo_sancion | ficha_oficial.sanciones | actividad_recinto,seguimiento_institucional | recinto,True,https://parlamentaria.legislatura.gob.ar/pages/expediente.aspx?id=139717,False
139684,387-D-2026,2026-03-02T10:36:04,CONTRIBUCIÓN PARA CLUBES DE BARRIO INSCRIPTOS EN EL REGISTRO ÚNICO DE INSTITUCIONES DEPORTIVAS (RUID).-,coautora,coautora,True,True,12,"GRILLO, ALEJANDRO OMAR | BARROETAVEÑA, MATÍAS | CAPORICCIO, FRANCISCO | FERREÑO, CLAUDIO AMÉRICO | LA BLUNDA, ANDRÉS | LAMMENS , MATÍAS | MOCHI, FEDERICO | MODARELLI, JUAN PABLO | NEGRI, CLAUDIA | NEIRA, CLAUDIA | PEÑAFORT, GRACIANA | SALVATIERRA, ALEJANDRO",LEY,con_dictamen,con_dictamen,"PRESUPUESTO, HACIENDA, ADMINISTRACIÓN FINANCIERA Y POLÍTICA TRIBUTARIA","TURISMO Y DEPORTES | PRESUPUESTO, HACIENDA, ADMINISTRACIÓN FINANCIERA Y POLÍTICA TRIBUTARIA","{""fecha"": ""2026-06-16"", ""oficina"": ""PRESUPUESTO, HACIENDA, ADMINISTRACIÓN FINANCIERA Y POLÍTICA TRIBUTARIA"", ""descripcion"": ""EN COMISION CON DICTAMEN GENERADO (ESPERANDO RECEPCION)""}",False,,seguimiento_institucional,True,https://parlamentaria.legislatura.gob.ar/pages/expediente.aspx?id=139684,False
139667,353-D-2026,2026-03-02T10:30:30,PROMOCIÓN DE ENTORNOS ALIMENTARIOS SALUDABLES.-,coautora,coautora,True,True,3,"GRILLO, ALEJANDRO OMAR | FERREÑO, CLAUDIO AMÉRICO | NEGRI, CLAUDIA",LEY,en_comision,en_comision,DEFENSA DE CONSUMIDORES Y USUARIOS,DEFENSA DE CONSUMIDORES Y USUARIOS | SALUD | DESARROLLO ECONÓMICO Y MERCOSUR,"{""fecha"": ""2026-03-31"", ""oficina"": ""DEFENSA DE CONSUMIDORES Y USUARIOS"", ""descripcion"": ""EN COMISION""}",False,,seguimiento_institucional,True,https://parlamentaria.legislatura.gob.ar/pages/expediente.aspx?id=139667,False
139666,352-D-2026,2026-03-02T10:30:20,"MODIFÍCASE EL ARTÍCULO 78 DEL ANEXO A DE LA LEY 1472, CÓDIGO CONTRAVENCIONAL. PREVENCIÓN Y CASTIGO DEL PHISHING Y OTRAS CONDUCTAS ENGAÑOSAS POR MEDIOS DIGITALES.-",coautora,coautora,True,True,7,"MOCHI, FEDERICO | BIELLI, MARÍA | CAPORICCIO, FRANCISCO | FERREÑO, CLAUDIO AMÉRICO | NEGRI, CLAUDIA | NEIRA, CLAUDIA | VELÁZQUEZ, DELFINA",LEY,en_comision,en_comision,"EDUCACIÓN, CIENCIA Y TECNOLOGÍA","EDUCACIÓN, CIENCIA Y TECNOLOGÍA | NIÑEZ, ADOLESCENCIA Y JUVENTUD | COMUNICACIÓN SOCIAL, MEDIOS DE COMUNICACIÓN Y TECNOLOGÍAS DE LA COMUNICACIÓN | JUSTICIA | ASUNTOS CONSTITUCIONALES","{""fecha"": ""2026-05-20"", ""oficina"": ""EDUCACIÓN, CIENCIA Y TECNOLOGÍA"", ""descripcion"": ""EN COMISION""}",False,,agenda | seguimiento_institucional | recinto,True,https://parlamentaria.legislatura.gob.ar/pages/expediente.aspx?id=139666,False
139658,344-D-2026,2026-03-02T10:28:47,CONMEMÓRASE EL VIGÉSIMO ANIVERSARIO DEL FALLECIMIENTO DE SAÚL UBALDINI.-,coautora,coautora,True,True,9,"FERREÑO, CLAUDIO AMÉRICO | BIELLI, MARÍA | CAPORICCIO, FRANCISCO | LA BLUNDA, ANDRÉS | MOCHI, FEDERICO | MODARELLI, JUAN PABLO | NEGRI, CLAUDIA | SALVATIERRA, ALEJANDRO | VELÁZQUEZ, DELFINA",DECLARACION,en_comision,en_comision,CULTURA,CULTURA,"{""fecha"": ""2026-03-04"", ""oficina"": ""CULTURA"", ""descripcion"": ""EN COMISION""}",False,,seguimiento_institucional,True,https://parlamentaria.legislatura.gob.ar/pages/expediente.aspx?id=139658,False
139654,366-D-2026,2026-03-02T10:28:00,INFORMES CON RELACIÓN AL CUMPLIMIENTO DE LA LEY 6377 - PROMOCIÓN Y DIFUSIÓN DE LAS PRACTICAS DE AGRICULTURA URBANA.-,coautora,coautora,True,True,7,"GRILLO, ALEJANDRO OMAR | BIELLI, MARÍA | FERREÑO, CLAUDIO AMÉRICO | FREIRE, VICTORIA | GONZÁLEZ, ANDREA MARIANA | NEGRI, CLAUDIA | ROSSEN, BÁRBARA",RESOLUCION,sancionado,sancionado,MEP,AMBIENTE,"{""fecha"": ""2026-09-02"", ""oficina"": ""MEP"", ""descripcion"": ""SANCIONADO. EN MEP ESPERANDO COMUNICACION CON EL PE U OTRAS ENTIDADES (ESPERANDO RECEPCION)""}",True,estado_actual | etapa_ciclo | ficha_oficial.hitos.tuvo_sancion | ficha_oficial.sanciones,seguimiento_institucional | recinto,True,https://parlamentaria.legislatura.gob.ar/pages/expediente.aspx?id=139654,False
139635,328-D-2026,2026-03-02T10:24:49,CONMEMÓRASE CON PROFUNDO PESAR EL SEPTUAGÉSIMO ANIVERSARIO DE LOS FUSILAMIENTOS DE JOSÉ LEÓN SUÁREZ.-,coautora,coautora,True,True,9,"FERREÑO, CLAUDIO AMÉRICO | BIELLI, MARÍA | CAPORICCIO, FRANCISCO | IAÑEZ, BERENICE | LA BLUNDA, ANDRÉS | MOCHI, FEDERICO | MODARELLI, JUAN PABLO | NEGRI, CLAUDIA | VELÁZQUEZ, DELFINA",DECLARACION,archivado,archivado,ARCHIVO,"DERECHOS HUMANOS, GARANTÍAS Y ANTIDISCRIMINACIÓN","{""fecha"": ""2026-07-29"", ""oficina"": ""ARCHIVO"", ""descripcion"": ""EN ARCHIVO. ESPERANDO INGRESO DE DATOS BANK (ESPERANDO RECEPCION)""}",True,ficha_oficial.hitos.tuvo_sancion | ficha_oficial.sanciones,seguimiento_institucional | recinto,True,https://parlamentaria.legislatura.gob.ar/pages/expediente.aspx?id=139635,False
139623,321-D-2026,2026-03-02T10:22:41,DECLÁRASE DE UTILIDAD PÚBLICA Y SUJETOS A EXPROPIACIÓN EL INMUEBLE SITO EN LA CALLE CORONEL SALVADORES 1126 Y OTROS PARA SER DESTINADOS AL FUNCIONAMIENTO DE LA COOPERATIVA DE TRABAJO PLÁSTICOS SALVADORES LIMITADA.-,coautora,coautora,True,True,7,"IAÑEZ, BERENICE | FERREÑO, CLAUDIO AMÉRICO | GRILLO, ALEJANDRO OMAR | LAMMENS , MATÍAS | MODARELLI, JUAN PABLO | NEGRI, CLAUDIA | NEIRA, CLAUDIA",LEY,en_comision,en_comision,DESARROLLO ECONÓMICO Y MERCOSUR,"DESARROLLO ECONÓMICO Y MERCOSUR | PRESUPUESTO, HACIENDA, ADMINISTRACIÓN FINANCIERA Y POLÍTICA TRIBUTARIA","{""fecha"": ""2026-03-05"", ""oficina"": ""DESARROLLO ECONÓMICO Y MERCOSUR"", ""descripcion"": ""EN COMISION""}",False,,seguimiento_institucional,True,https://parlamentaria.legislatura.gob.ar/pages/expediente.aspx?id=139623,False
139600,536-D-2026,2026-03-02T10:19:19,"CRÉASE EL ""PROGRAMA DE INCLUSIÓN LABORAL PARA PERSONAS EN SITUACIÓN DE CALLE"".-",coautora,coautora,True,True,8,"IAÑEZ, BERENICE | BARROETAVEÑA, MATÍAS | FERREÑO, CLAUDIO AMÉRICO | GRILLO, ALEJANDRO OMAR | LAMMENS , MATÍAS | MOCHI, FEDERICO | NEGRI, CLAUDIA | NEIRA, CLAUDIA",LEY,en_comision,en_comision,POLÍTICAS DE PROMOCIÓN E INTEGRACIÓN SOCIAL,"POLÍTICAS DE PROMOCIÓN E INTEGRACIÓN SOCIAL | DESARROLLO ECONÓMICO Y MERCOSUR | PRESUPUESTO, HACIENDA, ADMINISTRACIÓN FINANCIERA Y POLÍTICA TRIBUTARIA","{""fecha"": ""2026-03-09"", ""oficina"": ""POLÍTICAS DE PROMOCIÓN E INTEGRACIÓN SOCIAL"", ""descripcion"": ""EN COMISION""}",False,,seguimiento_institucional,True,https://parlamentaria.legislatura.gob.ar/pages/expediente.aspx?id=139600,False
139596,294-D-2026,2026-03-02T10:18:44,PESAR POR EL FALLECIMIENTO DEL DR. MIGUEL “PANCHO” TALENTO.-,coautora,coautora,True,True,18,"MOCHI, FEDERICO | BARROETAVEÑA, MATÍAS | BIELLI, MARÍA | CAPORICCIO, FRANCISCO | FERREÑO, CLAUDIO AMÉRICO | FREIRE, VICTORIA | GEMINIANI, NOEMÍ | GONZÁLEZ, ANDREA MARIANA | GRILLO, ALEJANDRO OMAR | LA BLUNDA, ANDRÉS | LAMMENS , MATÍAS | MODARELLI, JUAN PABLO | NEGRI, CLAUDIA | NEIRA, CLAUDIA | PEÑAFORT, GRACIANA | ROSSEN, BÁRBARA | SANTORO, LEANDRO | VELÁZQUEZ, DELFINA",DECLARACION,archivado,archivado,ARCHIVO,CULTURA,"{""fecha"": ""2026-07-28"", ""oficina"": ""ARCHIVO"", ""descripcion"": ""EN ARCHIVO. ESPERANDO INGRESO DE DATOS BANK (ESPERANDO RECEPCION)""}",True,ficha_oficial.hitos.tuvo_sancion | ficha_oficial.sanciones | actividad_recinto,seguimiento_institucional | recinto,True,https://parlamentaria.legislatura.gob.ar/pages/expediente.aspx?id=139596,False
139563,636-D-2026,2026-03-02T10:14:12,"DECLÁRASE EN EMERGENCIA HABITACIONAL, AMBIENTAL Y SOCIAL EL ASENTAMIENTO CONOCIDO COMO ""LA VEREDITA""",coautora,coautora,True,True,10,"IAÑEZ, BERENICE | BARROETAVEÑA, MATÍAS | BIELLI, MARÍA | FREIRE, VICTORIA | GRILLO, ALEJANDRO OMAR | MODARELLI, JUAN PABLO | NEGRI, CLAUDIA | NEIRA, CLAUDIA | SALVATIERRA, ALEJANDRO | VELÁZQUEZ, DELFINA",LEY,en_comision,en_comision,VIVIENDA,"VIVIENDA | PRESUPUESTO, HACIENDA, ADMINISTRACIÓN FINANCIERA Y POLÍTICA TRIBUTARIA","{""fecha"": ""2026-03-11"", ""oficina"": ""VIVIENDA"", ""descripcion"": ""EN COMISION""}",False,,seguimiento_institucional,True,https://parlamentaria.legislatura.gob.ar/pages/expediente.aspx?id=139563,False
139533,246-D-2026,2026-03-02T10:11:53,INFORMES REFERIDOS A LAS CONDICIONES DE TRABAJO DE LAS/OS PROMOTORAS/ES DE SALUD.-,coautora,coautora,True,True,16,"GONZÁLEZ, ANDREA MARIANA | BIELLI, MARÍA | CAPORICCIO, FRANCISCO | FREIRE, VICTORIA | GRILLO, ALEJANDRO OMAR | IAÑEZ, BERENICE | LA BLUNDA, ANDRÉS | MOCHI, FEDERICO | MODARELLI, JUAN PABLO | NEGRI, CLAUDIA | NEIRA, CLAUDIA | PEÑAFORT, GRACIANA | ROSSEN, BÁRBARA | SALVATIERRA, ALEJANDRO | SANTORO, LEANDRO | VELÁZQUEZ, DELFINA",RESOLUCION,en_comision,en_comision,SALUD,SALUD,"{""fecha"": ""2026-03-04"", ""oficina"": ""SALUD"", ""descripcion"": ""EN COMISION""}",False,,seguimiento_institucional,True,https://parlamentaria.legislatura.gob.ar/pages/expediente.aspx?id=139533,False
139524,236-D-2026,2026-03-02T10:11:06,ESTACIONES DE ESPERA Y DESCANSO PARA REPARTIDORES Y MENSAJEROS DE LA CIUDAD.-,coautora,coautora,True,True,6,"MOCHI, FEDERICO | CAPORICCIO, FRANCISCO | FERREÑO, CLAUDIO AMÉRICO | GONZÁLEZ, ANDREA MARIANA | NEGRI, CLAUDIA | SALVATIERRA, ALEJANDRO",LEY,en_comision,en_comision,PROTECCIÓN Y USO DEL ESPACIO PÚBLICO,"PROTECCIÓN Y USO DEL ESPACIO PÚBLICO | TRÁNSITO Y TRANSPORTE | PRESUPUESTO, HACIENDA, ADMINISTRACIÓN FINANCIERA Y POLÍTICA TRIBUTARIA","{""fecha"": ""2026-03-05"", ""oficina"": ""PROTECCIÓN Y USO DEL ESPACIO PÚBLICO"", ""descripcion"": ""EN COMISION""}",False,,seguimiento_institucional,True,https://parlamentaria.legislatura.gob.ar/pages/expediente.aspx?id=139524,False
139494,203-D-2026,2026-03-02T10:08:04,CRÉASE LA RED PÚBLICA DE ESTACIONAMIENTO GRATUITO DE BICICLETAS Y MONOPATINES.-,coautora,coautora,True,True,7,"VELÁZQUEZ, DELFINA | BIELLI, MARÍA | GRILLO, ALEJANDRO OMAR | MODARELLI, JUAN PABLO | NEGRI, CLAUDIA | NEIRA, CLAUDIA | ROSSEN, BÁRBARA",LEY,en_comision,en_comision,TRÁNSITO Y TRANSPORTE,"TRÁNSITO Y TRANSPORTE | PROTECCIÓN Y USO DEL ESPACIO PÚBLICO | PRESUPUESTO, HACIENDA, ADMINISTRACIÓN FINANCIERA Y POLÍTICA TRIBUTARIA","{""fecha"": ""2026-03-04"", ""oficina"": ""TRÁNSITO Y TRANSPORTE"", ""descripcion"": ""EN COMISION""}",False,,seguimiento_institucional,True,https://parlamentaria.legislatura.gob.ar/pages/expediente.aspx?id=139494,False
139488,535-D-2026,2026-03-02T10:07:36,LEY DE EMERGENCIA HABITACIONAL DE LA POBLACIÓN TRAVESTI Y TRANS.-,coautora,coautora,True,True,10,"FREIRE, VICTORIA | BIELLI, MARÍA | GONZÁLEZ, ANDREA MARIANA | GRILLO, ALEJANDRO OMAR | IAÑEZ, BERENICE | LAMMENS , MATÍAS | NEGRI, CLAUDIA | NEIRA, CLAUDIA | PEÑAFORT, GRACIANA | VELÁZQUEZ, DELFINA",LEY,en_comision,en_comision,VIVIENDA,"VIVIENDA | MUJERES, GÉNEROS Y DIVERSIDADES | PRESUPUESTO, HACIENDA, ADMINISTRACIÓN FINANCIERA Y POLÍTICA TRIBUTARIA","{""fecha"": ""2026-03-06"", ""oficina"": ""VIVIENDA"", ""descripcion"": ""EN COMISION""}",False,,seguimiento_institucional,True,https://parlamentaria.legislatura.gob.ar/pages/expediente.aspx?id=139488,False
139479,180-D-2026,2026-03-02T10:06:42,CONMEMÓRASE EL 50° ANIVERSARIO DE LA “NOCHE DE LOS LÁPICES”.-,coautora,coautora,True,True,10,"VELÁZQUEZ, DELFINA | BIELLI, MARÍA | CAPORICCIO, FRANCISCO | FREIRE, VICTORIA | GRILLO, ALEJANDRO OMAR | LA BLUNDA, ANDRÉS | LAMMENS , MATÍAS | MODARELLI, JUAN PABLO | NEGRI, CLAUDIA | SALVATIERRA, ALEJANDRO",DECLARACION,en_comision,en_comision,"DERECHOS HUMANOS, GARANTÍAS Y ANTIDISCRIMINACIÓN","DERECHOS HUMANOS, GARANTÍAS Y ANTIDISCRIMINACIÓN","{""fecha"": ""2026-03-09"", ""oficina"": ""DERECHOS HUMANOS, GARANTÍAS Y ANTIDISCRIMINACIÓN"", ""descripcion"": ""EN COMISION""}",False,,seguimiento_institucional,True,https://parlamentaria.legislatura.gob.ar/pages/expediente.aspx?id=139479,False
139452,111-D-2026,2026-03-02T10:03:21,"ADHESIÓN DE LA CIUDAD AUTÓNOMA DE BUENOS AIRES A LA LEY DE PROMOCIÓN DEL ACCESO AL EMPLEO FORMAL PARA PERSONAS TRAVESTIS, TRANSEXUALES Y TRANSGÉNEROS “DIANA SACAYÁN - LOHANA BERKINS”",coautora,coautora,True,True,12,"VELÁZQUEZ, DELFINA | BARROETAVEÑA, MATÍAS | BIELLI, MARÍA | FERREÑO, CLAUDIO AMÉRICO | FREIRE, VICTORIA | GONZÁLEZ, ANDREA MARIANA | GRILLO, ALEJANDRO OMAR | IAÑEZ, BERENICE | LA BLUNDA, ANDRÉS | MODARELLI, JUAN PABLO | NEGRI, CLAUDIA | NEIRA, CLAUDIA",LEY,en_comision,en_comision,LEGISLACION DEL TRABAJO Y POLÍTICAS DE EMPLEO,"LEGISLACION DEL TRABAJO Y POLÍTICAS DE EMPLEO | MUJERES, GÉNEROS Y DIVERSIDADES | PRESUPUESTO, HACIENDA, ADMINISTRACIÓN FINANCIERA Y POLÍTICA TRIBUTARIA","{""fecha"": ""2026-03-26"", ""oficina"": ""LEGISLACION DEL TRABAJO Y POLÍTICAS DE EMPLEO"", ""descripcion"": ""EN COMISION""}",False,,seguimiento_institucional,True,https://parlamentaria.legislatura.gob.ar/pages/expediente.aspx?id=139452,False
139380,76-D-2026,2026-03-02T09:51:19,DESAFÉCTASE DEL DISTRITO DE ZONIFICACIÓN URBANIZACIÓN FUTURA-UF DEL CÓDIGO URBANÍSTICO AL COMPLEJO PENITENCIARIO FEDERAL - CÁRCEL DE VILLA DEVOTO.-,coautora,coautora,True,True,5,"ROSSEN, BÁRBARA | IAÑEZ, BERENICE | MOCHI, FEDERICO | NEGRI, CLAUDIA | VELÁZQUEZ, DELFINA",LEY,en_comision,en_comision,PLANEAMIENTO URBANO,PLANEAMIENTO URBANO,"{""fecha"": ""2026-03-03"", ""oficina"": ""PLANEAMIENTO URBANO"", ""descripcion"": ""EN COMISION""}",False,,seguimiento_institucional,True,https://parlamentaria.legislatura.gob.ar/pages/expediente.aspx?id=139380,False
139356,81-D-2026,2026-03-02T09:41:26,INFORMES RELACIONADOS AL RESULTADO DE LA DESIGNACIÓN DE VACANTES PARA EL CICLO LECTIVO 2026.-,coautora,coautora,True,True,14,"BIELLI, MARÍA | BARROETAVEÑA, MATÍAS | FERREÑO, CLAUDIO AMÉRICO | FREIRE, VICTORIA | GONZÁLEZ, ANDREA MARIANA | GRILLO, ALEJANDRO OMAR | IAÑEZ, BERENICE | LA BLUNDA, ANDRÉS | LAMMENS , MATÍAS | MODARELLI, JUAN PABLO | NEGRI, CLAUDIA | NEIRA, CLAUDIA | PEÑAFORT, GRACIANA | VELÁZQUEZ, DELFINA",RESOLUCION,archivado,archivado,ARCHIVO,"EDUCACIÓN, CIENCIA Y TECNOLOGÍA","{""fecha"": ""2026-07-29"", ""oficina"": ""ARCHIVO"", ""descripcion"": ""EN ARCHIVO. ESPERANDO INGRESO DE DATOS BANK (ESPERANDO RECEPCION)""}",True,ficha_oficial.hitos.tuvo_sancion | ficha_oficial.sanciones,seguimiento_institucional | recinto,True,https://parlamentaria.legislatura.gob.ar/pages/expediente.aspx?id=139356,False
139352,77-D-2026,2026-03-02T09:38:53,INFORMES RELACIONADOS AL RÉGIMEN DE BECAS ESTUDIANTILES (LEY 2917).-,coautora,coautora,True,True,17,"BIELLI, MARÍA | BARROETAVEÑA, MATÍAS | CAPORICCIO, FRANCISCO | FERREÑO, CLAUDIO AMÉRICO | FREIRE, VICTORIA | GEMINIANI, NOEMÍ | GONZÁLEZ, ANDREA MARIANA | GRILLO, ALEJANDRO OMAR | LA BLUNDA, ANDRÉS | MOCHI, FEDERICO | MODARELLI, JUAN PABLO | NEGRI, CLAUDIA | NEIRA, CLAUDIA | PEÑAFORT, GRACIANA | ROSSEN, BÁRBARA | SANTORO, LEANDRO | VELÁZQUEZ, DELFINA",DECLARACION,archivado,archivado,ARCHIVO,"EDUCACIÓN, CIENCIA Y TECNOLOGÍA","{""fecha"": ""2026-07-29"", ""oficina"": ""ARCHIVO"", ""descripcion"": ""EN ARCHIVO. ESPERANDO INGRESO DE DATOS BANK (ESPERANDO RECEPCION)""}",True,ficha_oficial.hitos.tuvo_sancion | ficha_oficial.sanciones,seguimiento_institucional | recinto,True,https://parlamentaria.legislatura.gob.ar/pages/expediente.aspx?id=139352,False
139350,86-D-2026,2026-03-02T09:37:07,REPUDIO ANTE EL CESE DE CINCUENTA TRABAJADORES DEL PROGRAMA SOCIOEDUCATIVO MAESTRO + MAESTRO.-,coautora,coautora,True,True,18,"BIELLI, MARÍA | BARROETAVEÑA, MATÍAS | CAPORICCIO, FRANCISCO | FREIRE, VICTORIA | GEMINIANI, NOEMÍ | GONZÁLEZ, ANDREA MARIANA | GRILLO, ALEJANDRO OMAR | LA BLUNDA, ANDRÉS | LAMMENS , MATÍAS | MOCHI, FEDERICO | MODARELLI, JUAN PABLO | NEGRI, CLAUDIA | NEIRA, CLAUDIA | PEÑAFORT, GRACIANA | ROSSEN, BÁRBARA | SALVATIERRA, ALEJANDRO | SANTORO, LEANDRO | VELÁZQUEZ, DELFINA",DECLARACION,en_comision,en_comision,"EDUCACIÓN, CIENCIA Y TECNOLOGÍA","EDUCACIÓN, CIENCIA Y TECNOLOGÍA","{""fecha"": ""2026-03-03"", ""oficina"": ""EDUCACIÓN, CIENCIA Y TECNOLOGÍA"", ""descripcion"": ""EN COMISION""}",False,,seguimiento_institucional,True,https://parlamentaria.legislatura.gob.ar/pages/expediente.aspx?id=139350,False
139345,62-D-2026,2026-03-02T09:33:11,MODIFICACIONES A LA LEY 2110 - EDUCACION SEXUAL.-,coautora,coautora,True,True,14,"BIELLI, MARÍA | BARROETAVEÑA, MATÍAS | FERREÑO, CLAUDIO AMÉRICO | FREIRE, VICTORIA | GRILLO, ALEJANDRO OMAR | IAÑEZ, BERENICE | LA BLUNDA, ANDRÉS | LAMMENS , MATÍAS | MOCHI, FEDERICO | MODARELLI, JUAN PABLO | NEGRI, CLAUDIA | NEIRA, CLAUDIA | PEÑAFORT, GRACIANA | VELÁZQUEZ, DELFINA",LEY,en_comision,en_comision,"EDUCACIÓN, CIENCIA Y TECNOLOGÍA","EDUCACIÓN, CIENCIA Y TECNOLOGÍA | PRESUPUESTO, HACIENDA, ADMINISTRACIÓN FINANCIERA Y POLÍTICA TRIBUTARIA","{""fecha"": ""2026-03-03"", ""oficina"": ""EDUCACIÓN, CIENCIA Y TECNOLOGÍA"", ""descripcion"": ""EN COMISION""}",False,,seguimiento_institucional,True,https://parlamentaria.legislatura.gob.ar/pages/expediente.aspx?id=139345,False
139339,32-D-2026,2026-03-02T09:29:00,CRÉASE EL PROGRAMA DENOMINADO “LA CIUDAD ES ESCUELA”.-,coautora,coautora,True,True,11,"BIELLI, MARÍA | BARROETAVEÑA, MATÍAS | FERREÑO, CLAUDIO AMÉRICO | FREIRE, VICTORIA | GRILLO, ALEJANDRO OMAR | IAÑEZ, BERENICE | LAMMENS , MATÍAS | MODARELLI, JUAN PABLO | NEGRI, CLAUDIA | NEIRA, CLAUDIA | VELÁZQUEZ, DELFINA",LEY,en_comision,en_comision,"EDUCACIÓN, CIENCIA Y TECNOLOGÍA","EDUCACIÓN, CIENCIA Y TECNOLOGÍA | PRESUPUESTO, HACIENDA, ADMINISTRACIÓN FINANCIERA Y POLÍTICA TRIBUTARIA","{""fecha"": ""2026-03-03"", ""oficina"": ""EDUCACIÓN, CIENCIA Y TECNOLOGÍA"", ""descripcion"": ""EN COMISION""}",False,,seguimiento_institucional,True,https://parlamentaria.legislatura.gob.ar/pages/expediente.aspx?id=139339,False
139336,14-D-2026,2026-03-02T09:25:23,CRÉASE EL FONDO ARTÍSTICO PARA INSTITUCIONES DE EDUCACIÓN ARTÍSTICA Y ENSEÑANZA ARTÍSTICA DE GESTIÓN ESTATAL.-,coautora,coautora,True,True,10,"BIELLI, MARÍA | FERREÑO, CLAUDIO AMÉRICO | FREIRE, VICTORIA | GRILLO, ALEJANDRO OMAR | LAMMENS , MATÍAS | MOCHI, FEDERICO | MODARELLI, JUAN PABLO | NEGRI, CLAUDIA | NEIRA, CLAUDIA | VELÁZQUEZ, DELFINA",LEY,en_comision,en_comision,"EDUCACIÓN, CIENCIA Y TECNOLOGÍA","EDUCACIÓN, CIENCIA Y TECNOLOGÍA | CULTURA | PRESUPUESTO, HACIENDA, ADMINISTRACIÓN FINANCIERA Y POLÍTICA TRIBUTARIA","{""fecha"": ""2026-03-02"", ""oficina"": ""EDUCACIÓN, CIENCIA Y TECNOLOGÍA"", ""descripcion"": ""EN COMISION""}",False,,seguimiento_institucional,True,https://parlamentaria.legislatura.gob.ar/pages/expediente.aspx?id=139336,False
139334,9-D-2026,2026-03-02T09:23:13,"LEY INTEGRAL DE PROTECCIÓN, PREVENCIÓN Y ASISTENCIA DE LA CIBERLUDOPATÍA DE NIÑAS, NIÑOS Y ADOLESCENTES.-",coautora,coautora,True,True,14,"BIELLI, MARÍA | FERREÑO, CLAUDIO AMÉRICO | FREIRE, VICTORIA | GONZÁLEZ, ANDREA MARIANA | GRILLO, ALEJANDRO OMAR | IAÑEZ, BERENICE | LA BLUNDA, ANDRÉS | LAMMENS , MATÍAS | MOCHI, FEDERICO | MODARELLI, JUAN PABLO | NEGRI, CLAUDIA | NEIRA, CLAUDIA | SALVATIERRA, ALEJANDRO | VELÁZQUEZ, DELFINA",LEY,en_comision,en_comision,DESARROLLO ECONÓMICO Y MERCOSUR,"DESARROLLO ECONÓMICO Y MERCOSUR | SALUD | NIÑEZ, ADOLESCENCIA Y JUVENTUD | JUSTICIA | PRESUPUESTO, HACIENDA, ADMINISTRACIÓN FINANCIERA Y POLÍTICA TRIBUTARIA","{""fecha"": ""2026-03-05"", ""oficina"": ""DESARROLLO ECONÓMICO Y MERCOSUR"", ""descripcion"": ""EN COMISION""}",False,,seguimiento_institucional,True,https://parlamentaria.legislatura.gob.ar/pages/expediente.aspx?id=139334,False
139330,1-D-2026,2026-02-27T18:49:26,CONMEMÓRASE EL 32° ANIVERSARIO DEL ATENTADO TERRORISTA A LA ASOCIACIÓN MUTUAL ISRAELITA ARGENTINA (AMIA). RÍNDESE HOMENAJE A LAS VÍCTIMAS DEL HECHO.-,coautora,coautora,True,True,4,"NEIRA, CLAUDIA | FERREÑO, CLAUDIO AMÉRICO | LA BLUNDA, ANDRÉS | NEGRI, CLAUDIA",DECLARACION,archivado,archivado,ARCHIVO,"DERECHOS HUMANOS, GARANTÍAS Y ANTIDISCRIMINACIÓN","{""fecha"": ""2026-08-05"", ""oficina"": ""ARCHIVO"", ""descripcion"": ""EXPEDIENTE EN ARCHIVO CON DATOS BANK INGRESADOS""}",True,ficha_oficial.hitos.tuvo_sancion | ficha_oficial.sanciones,seguimiento_institucional | recinto,True,https://parlamentaria.legislatura.gob.ar/pages/expediente.aspx?id=139330,False
139329,5-D-2026,2026-02-27T18:48:44,"PESAR AL CUMPLIRSE EL 34º ANIVERSARIO DEL ATENTADO A LA EMBAJADA DE ISRAEL Y CONMEMORA EL ""DÍA DE LA MEMORIA Y SOLIDARIDAD CON LAS VÍCTIMAS DEL ATENTADO CONTRA LA EMBAJADA DE ISRAEL”.-",coautora,coautora,True,True,4,"NEIRA, CLAUDIA | FERREÑO, CLAUDIO AMÉRICO | LA BLUNDA, ANDRÉS | NEGRI, CLAUDIA",DECLARACION,archivado,archivado,ARCHIVO,"DERECHOS HUMANOS, GARANTÍAS Y ANTIDISCRIMINACIÓN","{""fecha"": ""2026-08-05"", ""oficina"": ""ARCHIVO"", ""descripcion"": ""EXPEDIENTE EN ARCHIVO CON DATOS BANK INGRESADOS""}",True,ficha_oficial.hitos.tuvo_sancion | ficha_oficial.sanciones | actividad_recinto,seguimiento_institucional | recinto,True,https://parlamentaria.legislatura.gob.ar/pages/expediente.aspx?id=139329,False
139328,16-D-2026,2026-02-27T18:43:12,ESTABLÉCESE EL OTORGAMIENTO DE UN PLUS DIFERENCIAL POR JERARQUIZACIÓN Y UN PLUS DIFERENCIAL POR ESTABLECIMIENTO PARA LOS DOCENTES QUE OCUPEN CARGOS DE CONDUCCIÓN.-,coautora,coautora,True,True,11,"NEIRA, CLAUDIA | BARROETAVEÑA, MATÍAS | BIELLI, MARÍA | CAPORICCIO, FRANCISCO | FERREÑO, CLAUDIO AMÉRICO | FREIRE, VICTORIA | GRILLO, ALEJANDRO OMAR | IAÑEZ, BERENICE | MOCHI, FEDERICO | MODARELLI, JUAN PABLO | NEGRI, CLAUDIA",LEY,en_comision,en_comision,"EDUCACIÓN, CIENCIA Y TECNOLOGÍA","EDUCACIÓN, CIENCIA Y TECNOLOGÍA | LEGISLACION DEL TRABAJO Y POLÍTICAS DE EMPLEO | PRESUPUESTO, HACIENDA, ADMINISTRACIÓN FINANCIERA Y POLÍTICA TRIBUTARIA","{""fecha"": ""2026-03-02"", ""oficina"": ""EDUCACIÓN, CIENCIA Y TECNOLOGÍA"", ""descripcion"": ""EN COMISION""}",False,,seguimiento_institucional,True,https://parlamentaria.legislatura.gob.ar/pages/expediente.aspx?id=139328,False
139327,21-D-2026,2026-02-27T18:42:17,INFORMES REFERIDOS A LOS DISPOSITIVOS DE VIGILANCIA INSTALADOS EN COMISARÍAS Y ALCAIDÍAS.-,coautora,coautora,True,True,5,"NEIRA, CLAUDIA | CAPORICCIO, FRANCISCO | FERREÑO, CLAUDIO AMÉRICO | NEGRI, CLAUDIA | SALVATIERRA, ALEJANDRO",RESOLUCION,en_comision,en_comision,SEGURIDAD,SEGURIDAD,"{""fecha"": ""2026-03-11"", ""oficina"": ""SEGURIDAD"", ""descripcion"": ""EN COMISION""}",False,,seguimiento_institucional,True,https://parlamentaria.legislatura.gob.ar/pages/expediente.aspx?id=139327,False
139326,28-D-2026,2026-02-27T18:41:40,GESTIONES A FIN DE ELABORAR LOS INSTRUMENTOS NECESARIOS PARA LA SANCIÓN DEL CÓDIGO AMBIENTAL.-,coautora,coautora,True,True,3,"NEIRA, CLAUDIA | FERREÑO, CLAUDIO AMÉRICO | NEGRI, CLAUDIA",DECLARACION,en_comision,en_comision,AMBIENTE,AMBIENTE,"{""fecha"": ""2026-03-03"", ""oficina"": ""AMBIENTE"", ""descripcion"": ""EN COMISION""}",False,,seguimiento_institucional,True,https://parlamentaria.legislatura.gob.ar/pages/expediente.aspx?id=139326,False
139325,31-D-2026,2026-02-27T18:41:15,PREOCUPACIÓN ANTE LA POSTERGADA REVISIÓN Y ACTUALIZACIÓN DEL PLAN URBANO AMBIENTAL – LEY N°2930.-,coautora,coautora,True,True,6,"NEIRA, CLAUDIA | FERREÑO, CLAUDIO AMÉRICO | FREIRE, VICTORIA | GONZÁLEZ, ANDREA MARIANA | NEGRI, CLAUDIA | ROSSEN, BÁRBARA",DECLARACION,en_comision,en_comision,PLANEAMIENTO URBANO,PLANEAMIENTO URBANO,"{""fecha"": ""2026-03-03"", ""oficina"": ""PLANEAMIENTO URBANO"", ""descripcion"": ""EN COMISION""}",False,,seguimiento_institucional,True,https://parlamentaria.legislatura.gob.ar/pages/expediente.aspx?id=139325,False
139324,38-D-2026,2026-02-27T18:40:44,"INSTASE AL CONSEJO ASESOR DEL PLAN URBANO AMBIENTAL A DAR CUMPLIMIENTO ESTRICTO Y TRANSPARENTE DE LAS FUNCIONES, OBJETIVOS Y PLAZOS ESTABLECIDOS EN LA LEY 71.-",coautora,coautora,True,True,5,"NEIRA, CLAUDIA | FERREÑO, CLAUDIO AMÉRICO | FREIRE, VICTORIA | GONZÁLEZ, ANDREA MARIANA | NEGRI, CLAUDIA",DECLARACION,en_comision,en_comision,PLANEAMIENTO URBANO,PLANEAMIENTO URBANO,"{""fecha"": ""2026-03-03"", ""oficina"": ""PLANEAMIENTO URBANO"", ""descripcion"": ""EN COMISION""}",False,,seguimiento_institucional,True,https://parlamentaria.legislatura.gob.ar/pages/expediente.aspx?id=139324,False
139323,47-D-2026,2026-02-27T18:40:15,"VERÍASE CON AGRADO QUE EL P.E. EN EL MARCO DE LA ACTUALIZACIÓN DEL PLAN URBANO AMBIENTAL (PUA), PROMUEVA EL DEBATE Y ELABORACIÓN DE UN CÓDIGO DE ESPACIO PÚBLICO Y PAISAJE URBANO.-",coautora,coautora,True,True,4,"NEIRA, CLAUDIA | BARROETAVEÑA, MATÍAS | FERREÑO, CLAUDIO AMÉRICO | NEGRI, CLAUDIA",DECLARACION,en_comision,en_comision,PLANEAMIENTO URBANO,PLANEAMIENTO URBANO,"{""fecha"": ""2026-03-03"", ""oficina"": ""PLANEAMIENTO URBANO"", ""descripcion"": ""EN COMISION""}",False,,seguimiento_institucional,True,https://parlamentaria.legislatura.gob.ar/pages/expediente.aspx?id=139323,False
139322,54-D-2026,2026-02-27T18:39:47,INFORMES VINCULADOS A LA “PLANIFICACIÓN Y MODELOS DE GESTIÓN” DE LOS DISTINTOS PREDIOS / ESCENARIOS DE URBANIZACIÓN DESTINADOS A DESARROLLOS INMOBILIARIOS.-,coautora,coautora,True,True,6,"NEIRA, CLAUDIA | BARROETAVEÑA, MATÍAS | BIELLI, MARÍA | FREIRE, VICTORIA | NEGRI, CLAUDIA | SALVATIERRA, ALEJANDRO",RESOLUCION,en_comision,en_comision,PLANEAMIENTO URBANO,PLANEAMIENTO URBANO,"{""fecha"": ""2026-03-03"", ""oficina"": ""PLANEAMIENTO URBANO"", ""descripcion"": ""EN COMISION""}",False,,seguimiento_institucional,True,https://parlamentaria.legislatura.gob.ar/pages/expediente.aspx?id=139322,False
139321,67-D-2026,2026-02-27T18:38:52,MODIFÍCASE LA LEY 5847.-,coautora,coautora,True,True,3,"NEIRA, CLAUDIA | IAÑEZ, BERENICE | NEGRI, CLAUDIA",LEY,en_comision,en_comision,TURISMO Y DEPORTES,TURISMO Y DEPORTES | SEGURIDAD,"{""fecha"": ""2026-04-10"", ""oficina"": ""TURISMO Y DEPORTES"", ""descripcion"": ""EXPEDIENTE AGREGADO A UN EXPEDIENTE-CABEZA""}",False,,seguimiento_institucional,True,https://parlamentaria.legislatura.gob.ar/pages/expediente.aspx?id=139321,False
139316,91-D-2026,2026-02-27T18:36:26,SOLICÍTASE AL P.E. QUE ARBITRE LAS MEDIDAS NECESARIAS PARA PERFECCIONAR Y ACTUALIZAR EL PLANO BA-147-(HTTPS://GESTIONCOLABORATIVA.BUENOSAIRES. GOB.AR/PRESTACIONES).-,coautora,coautora,True,True,4,"NEIRA, CLAUDIA | FERREÑO, CLAUDIO AMÉRICO | NEGRI, CLAUDIA | ROSSEN, BÁRBARA",DECLARACION,en_comision,en_comision,VIVIENDA,VIVIENDA,"{""fecha"": ""2026-03-06"", ""oficina"": ""VIVIENDA"", ""descripcion"": ""EN COMISION""}",False,,seguimiento_institucional,True,https://parlamentaria.legislatura.gob.ar/pages/expediente.aspx?id=139316,False
139314,99-D-2026,2026-02-27T18:34:38,"PREOCUPACIÓN POR LOS IMPACTOS AMBIENTALES, FÍSICOS Y ECONÓMICOS NEGATIVOS EN EL ENTORNO DEL PASO BAJO NIVEL NAZCA Y LAS VÍAS DEL FERROCARRIL SAN MARTÍN.-",coautora,coautora,True,True,3,"NEIRA, CLAUDIA | FERREÑO, CLAUDIO AMÉRICO | NEGRI, CLAUDIA",DECLARACION,en_comision,en_comision,TRÁNSITO Y TRANSPORTE,TRÁNSITO Y TRANSPORTE,"{""fecha"": ""2026-03-04"", ""oficina"": ""TRÁNSITO Y TRANSPORTE"", ""descripcion"": ""EN COMISION""}",False,,seguimiento_institucional,True,https://parlamentaria.legislatura.gob.ar/pages/expediente.aspx?id=139314,False
139313,102-D-2026,2026-02-27T18:34:06,MODIFÍCASE EL APARTADO II DEL ARTÍCULO 3 DE LA LEY 83 - NOMENCLATURA URBANA.-,coautora,coautora,True,True,3,"NEIRA, CLAUDIA | FERREÑO, CLAUDIO AMÉRICO | NEGRI, CLAUDIA",LEY,en_comision,en_comision,CULTURA,CULTURA,"{""fecha"": ""2026-03-03"", ""oficina"": ""CULTURA"", ""descripcion"": ""EN COMISION""}",False,,seguimiento_institucional,True,https://parlamentaria.legislatura.gob.ar/pages/expediente.aspx?id=139313,False
139309,130-D-2026,2026-02-27T18:30:30,VERÍASE CON AGRADO QUE EL PODER EJECUTIVO EVALÚE LA VIABILIDAD TÉCNICA Y AVANCE EN CREACIÓN DE NUEVOS ESPACIOS PÚBLICOS VERDES Y RECREATIVOS EN LA COMUNA 11.-,coautora,coautora,True,True,5,"NEIRA, CLAUDIA | FERREÑO, CLAUDIO AMÉRICO | GONZÁLEZ, ANDREA MARIANA | NEGRI, CLAUDIA | VELÁZQUEZ, DELFINA",DECLARACION,en_comision,en_comision,PLANEAMIENTO URBANO,PLANEAMIENTO URBANO,"{""fecha"": ""2026-03-03"", ""oficina"": ""PLANEAMIENTO URBANO"", ""descripcion"": ""EN COMISION""}",False,,seguimiento_institucional,True,https://parlamentaria.legislatura.gob.ar/pages/expediente.aspx?id=139309,False
139307,141-D-2026,2026-02-27T18:29:14,"VERÍASE CON AGRADO QUE EL P.E., EN EL MARCO DE LA LICITACIÓN PÚBLICA N.º 7162-0388-LPU25 “SERVICIO DE CONSULTORÍA PARA LA GESTIÓN ESTRATÉGICA DE RESIDUOS SÓLIDOS URBANOS”, PRESENTE ANTE LA COMISIÓN DE AMBIENTE DE ESTA LEGISLATURA LOS INFORMES Y RECOMENDACIONES CORRESPONDIENTES A CADA UNA DE LAS ETAPAS PREVISTAS EN EL PLIEGO DE ESPECIFICACIONES TÉCNICAS DE DICHA LICITACIÓN.-",coautora,coautora,True,True,7,"NEIRA, CLAUDIA | BIELLI, MARÍA | FERREÑO, CLAUDIO AMÉRICO | GONZÁLEZ, ANDREA MARIANA | GRILLO, ALEJANDRO OMAR | NEGRI, CLAUDIA | VELÁZQUEZ, DELFINA",DECLARACION,sancionado,sancionado,MEP,AMBIENTE,"{""fecha"": ""2026-09-02"", ""oficina"": ""MEP"", ""descripcion"": ""SANCIONADO. EN MEP ESPERANDO COMUNICACION CON EL PE U OTRAS ENTIDADES (ESPERANDO RECEPCION)""}",True,estado_actual | etapa_ciclo | ficha_oficial.hitos.tuvo_sancion | ficha_oficial.sanciones,seguimiento_institucional | recinto,True,https://parlamentaria.legislatura.gob.ar/pages/expediente.aspx?id=139307,False
139306,142-D-2026,2026-02-27T18:28:21,CRÉASE LA MESA DE TRABAJO: “REFORMA TRIBUTARIA DE LA CIUDAD AUTÓNOMA DE BUENOS AIRES”.-,coautora,coautora,True,True,6,"NEIRA, CLAUDIA | BIELLI, MARÍA | CAPORICCIO, FRANCISCO | FERREÑO, CLAUDIO AMÉRICO | FREIRE, VICTORIA | NEGRI, CLAUDIA",LEY,en_comision,en_comision,"PRESUPUESTO, HACIENDA, ADMINISTRACIÓN FINANCIERA Y POLÍTICA TRIBUTARIA","PRESUPUESTO, HACIENDA, ADMINISTRACIÓN FINANCIERA Y POLÍTICA TRIBUTARIA","{""fecha"": ""2026-05-18"", ""oficina"": ""PRESUPUESTO, HACIENDA, ADMINISTRACIÓN FINANCIERA Y POLÍTICA TRIBUTARIA"", ""descripcion"": ""EN COMISION""}",False,,seguimiento_institucional | recinto,True,https://parlamentaria.legislatura.gob.ar/pages/expediente.aspx?id=139306,False
139305,146-D-2026,2026-02-27T18:27:31,CRÉASE LA OFICINA DE PRESUPUESTO DE LA LEGISLATURA DE LA CIUDAD AUTÓNOMA DE BUENOS AIRES COMO UN ORGANISMO DESCONCENTRADO QUE FUNCIONA EN LA LEGISLATURA.-,coautora,coautora,True,True,6,"NEIRA, CLAUDIA | BARROETAVEÑA, MATÍAS | FERREÑO, CLAUDIO AMÉRICO | GRILLO, ALEJANDRO OMAR | NEGRI, CLAUDIA | OCAÑA, MARÍA GRACIELA",LEY,en_comision,en_comision,"PRESUPUESTO, HACIENDA, ADMINISTRACIÓN FINANCIERA Y POLÍTICA TRIBUTARIA","PRESUPUESTO, HACIENDA, ADMINISTRACIÓN FINANCIERA Y POLÍTICA TRIBUTARIA | ASUNTOS CONSTITUCIONALES","{""fecha"": ""2026-03-03"", ""oficina"": ""PRESUPUESTO, HACIENDA, ADMINISTRACIÓN FINANCIERA Y POLÍTICA TRIBUTARIA"", ""descripcion"": ""EN COMISION (ESPERANDO RECEPCION)""}",False,,seguimiento_institucional,True,https://parlamentaria.legislatura.gob.ar/pages/expediente.aspx?id=139305,False
139304,148-D-2026,2026-02-27T18:25:50,MODIFÍCASE EL ARTÍCULO 303 DE LA LEY 6926 - CÓDIGO FISCAL 2026.-,coautora,coautora,True,True,11,"NEIRA, CLAUDIA | BARROETAVEÑA, MATÍAS | BIELLI, MARÍA | FERREÑO, CLAUDIO AMÉRICO | FREIRE, VICTORIA | GRILLO, ALEJANDRO OMAR | LA BLUNDA, ANDRÉS | LAMMENS , MATÍAS | NEGRI, CLAUDIA | PEÑAFORT, GRACIANA | VELÁZQUEZ, DELFINA",LEY,en_comision,en_comision,"PRESUPUESTO, HACIENDA, ADMINISTRACIÓN FINANCIERA Y POLÍTICA TRIBUTARIA","PRESUPUESTO, HACIENDA, ADMINISTRACIÓN FINANCIERA Y POLÍTICA TRIBUTARIA","{""fecha"": ""2026-03-03"", ""oficina"": ""PRESUPUESTO, HACIENDA, ADMINISTRACIÓN FINANCIERA Y POLÍTICA TRIBUTARIA"", ""descripcion"": ""EN COMISION (ESPERANDO RECEPCION)""}",False,,seguimiento_institucional,True,https://parlamentaria.legislatura.gob.ar/pages/expediente.aspx?id=139304,False
139303,151-D-2026,2026-02-27T18:23:45,MODIFÍCASE LAS LEYES 6926 Y 6927.-,coautora,coautora,True,True,3,"NEIRA, CLAUDIA | FERREÑO, CLAUDIO AMÉRICO | NEGRI, CLAUDIA",LEY,en_comision,en_comision,"PRESUPUESTO, HACIENDA, ADMINISTRACIÓN FINANCIERA Y POLÍTICA TRIBUTARIA","PRESUPUESTO, HACIENDA, ADMINISTRACIÓN FINANCIERA Y POLÍTICA TRIBUTARIA","{""fecha"": ""2026-03-03"", ""oficina"": ""PRESUPUESTO, HACIENDA, ADMINISTRACIÓN FINANCIERA Y POLÍTICA TRIBUTARIA"", ""descripcion"": ""EN COMISION (ESPERANDO RECEPCION)""}",False,,seguimiento_institucional,True,https://parlamentaria.legislatura.gob.ar/pages/expediente.aspx?id=139303,False
139302,157-D-2026,2026-02-27T18:23:18,INFORMES REFERIDOS A LA LEY DE INTEGRACIÓN PRODUCTIVA (LEY 6545).-,coautora,coautora,True,True,4,"NEIRA, CLAUDIA | FERREÑO, CLAUDIO AMÉRICO | NEGRI, CLAUDIA | SALVATIERRA, ALEJANDRO",RESOLUCION,sancionado,sancionado,MEP,DESARROLLO ECONÓMICO Y MERCOSUR,"{""fecha"": ""2026-06-22"", ""oficina"": ""MEP"", ""descripcion"": ""SANCIONADO. EN MEP ESPERANDO COMUNICACION CON EL PE U OTRAS ENTIDADES (ESPERANDO RECEPCION)""}",True,estado_actual | etapa_ciclo | ficha_oficial.hitos.tuvo_sancion | ficha_oficial.sanciones,seguimiento_institucional | recinto,True,https://parlamentaria.legislatura.gob.ar/pages/expediente.aspx?id=139302,False
139301,159-D-2026,2026-02-27T18:22:39,ÍNSTASE AL P.E. A GARANTIZAR LA JURISDICCIÓN PRESUPUESTARIA PROPIA DE CADA UNA DE LAS COMUNAS DEL EJERCICIO 2027.-,coautora,coautora,True,True,3,"NEIRA, CLAUDIA | FERREÑO, CLAUDIO AMÉRICO | NEGRI, CLAUDIA",DECLARACION,en_comision,en_comision,"PRESUPUESTO, HACIENDA, ADMINISTRACIÓN FINANCIERA Y POLÍTICA TRIBUTARIA","PRESUPUESTO, HACIENDA, ADMINISTRACIÓN FINANCIERA Y POLÍTICA TRIBUTARIA","{""fecha"": ""2026-03-03"", ""oficina"": ""PRESUPUESTO, HACIENDA, ADMINISTRACIÓN FINANCIERA Y POLÍTICA TRIBUTARIA"", ""descripcion"": ""EN COMISION (ESPERANDO RECEPCION)""}",False,,seguimiento_institucional,True,https://parlamentaria.legislatura.gob.ar/pages/expediente.aspx?id=139301,False
139299,164-D-2026,2026-02-27T18:21:27,MODIFICACIONES AL CÓDIGO PROCESAL PENAL DE LA CIUDAD.-,coautora,coautora,True,True,3,"NEIRA, CLAUDIA | FERREÑO, CLAUDIO AMÉRICO | NEGRI, CLAUDIA",LEY,en_comision,en_comision,JUSTICIA,JUSTICIA | ASUNTOS CONSTITUCIONALES,"{""fecha"": ""2026-03-04"", ""oficina"": ""JUSTICIA"", ""descripcion"": ""EN COMISION""}",False,,seguimiento_institucional,True,https://parlamentaria.legislatura.gob.ar/pages/expediente.aspx?id=139299,False
139298,166-D-2026,2026-02-27T18:19:34,GESTIONES ANTE EL BANCO DE LA CIUDAD DE BUENOS AIRES A FIN DE LOCALIZAR UNA NUEVA SUCURSAL BANCARIA EN EL BARRIO VILLA RIACHUELO.-,coautora,coautora,True,True,5,"NEIRA, CLAUDIA | BARROETAVEÑA, MATÍAS | FERREÑO, CLAUDIO AMÉRICO | MODARELLI, JUAN PABLO | NEGRI, CLAUDIA",DECLARACION,en_comision,en_comision,"PRESUPUESTO, HACIENDA, ADMINISTRACIÓN FINANCIERA Y POLÍTICA TRIBUTARIA","PRESUPUESTO, HACIENDA, ADMINISTRACIÓN FINANCIERA Y POLÍTICA TRIBUTARIA","{""fecha"": ""2026-03-03"", ""oficina"": ""PRESUPUESTO, HACIENDA, ADMINISTRACIÓN FINANCIERA Y POLÍTICA TRIBUTARIA"", ""descripcion"": ""EN COMISION (ESPERANDO RECEPCION)""}",False,,seguimiento_institucional,True,https://parlamentaria.legislatura.gob.ar/pages/expediente.aspx?id=139298,False
139296,125-D-2026,2026-02-27T18:17:23,MODIFÍCASE LA ORDENANZA 52257.-,coautora,coautora,True,True,4,"NEIRA, CLAUDIA | FERREÑO, CLAUDIO AMÉRICO | NEGRI, CLAUDIA | ROSSEN, BÁRBARA",LEY,en_comision,en_comision,PLANEAMIENTO URBANO,PLANEAMIENTO URBANO,"{""fecha"": ""2026-03-03"", ""oficina"": ""PLANEAMIENTO URBANO"", ""descripcion"": ""EN COMISION""}",False,,seguimiento_institucional,True,https://parlamentaria.legislatura.gob.ar/pages/expediente.aspx?id=139296,False
139295,174-D-2026,2026-02-27T18:16:52,DECLÁRASE DE INTERÉS CULTURAL EL DOCUMENTAL “EN CUMPLIMIENTO DEL DEBER” DIRIGIDO POR JORGE GAGGERO.-,coautora,coautora,True,True,3,"NEIRA, CLAUDIA | FERREÑO, CLAUDIO AMÉRICO | NEGRI, CLAUDIA",DECLARACION,en_comision,en_comision,SEGURIDAD,SEGURIDAD,"{""fecha"": ""2026-03-11"", ""oficina"": ""SEGURIDAD"", ""descripcion"": ""EN COMISION""}",False,,seguimiento_institucional,True,https://parlamentaria.legislatura.gob.ar/pages/expediente.aspx?id=139295,False
139294,176-D-2026,2026-02-27T18:12:34,"ESTABLÉCESE LA TASA DEL 0 % PARA EL PAGO DEL IMPUESTO SOBRE LOS INGRESOS BRUTOS CORRESPONDIENTE A LOS ANTICIPOS DE LOS MESES COMPRENDIDOS ENTRE ENERO Y DICIEMBRE DEL AÑO 2024, AMBOS INCLUSIVE, PARA LOS CONTRIBUYENTES Y/O RESPONSABLES QUE DESARROLLEN DIVERSAS ACTIVIDADES.-",coautora,coautora,True,True,3,"NEIRA, CLAUDIA | FERREÑO, CLAUDIO AMÉRICO | NEGRI, CLAUDIA",LEY,en_comision,en_comision,"PRESUPUESTO, HACIENDA, ADMINISTRACIÓN FINANCIERA Y POLÍTICA TRIBUTARIA","PRESUPUESTO, HACIENDA, ADMINISTRACIÓN FINANCIERA Y POLÍTICA TRIBUTARIA","{""fecha"": ""2026-03-03"", ""oficina"": ""PRESUPUESTO, HACIENDA, ADMINISTRACIÓN FINANCIERA Y POLÍTICA TRIBUTARIA"", ""descripcion"": ""EN COMISION (ESPERANDO RECEPCION)""}",False,,seguimiento_institucional,True,https://parlamentaria.legislatura.gob.ar/pages/expediente.aspx?id=139294,False
139292,178-D-2026,2026-02-27T17:44:35,"DECLÁRASE DE INTERÉS PARA LA COMUNICACIÓN SOCIAL EL LIBRO “BRADEN O PERÓN, EL LIBRO AZUL Y EL LIBRO AZUL Y BLANCO. LOS DOCUMENTOS QUE MARCARON LA CAMPAÑA MÁS IMPORTANTE DE LA HISTORIA ARGENTINA”.-",coautora,coautora,True,True,3,"NEIRA, CLAUDIA | FERREÑO, CLAUDIO AMÉRICO | NEGRI, CLAUDIA",DECLARACION,sancionado,sancionado,MEP,"COMUNICACIÓN SOCIAL, MEDIOS DE COMUNICACIÓN Y TECNOLOGÍAS DE LA COMUNICACIÓN","{""fecha"": ""2026-09-01"", ""oficina"": ""MEP"", ""descripcion"": ""SANCIONADO. EN MEP ESPERANDO COMUNICACION CON EL PE U OTRAS ENTIDADES (ESPERANDO RECEPCION)""}",True,estado_actual | etapa_ciclo | ficha_oficial.hitos.tuvo_sancion | ficha_oficial.sanciones,seguimiento_institucional | recinto,True,https://parlamentaria.legislatura.gob.ar/pages/expediente.aspx?id=139292,False
139291,179-D-2026,2026-02-27T17:43:40,"IMPLEMÉNTESE, A TRAVÉS DEL BANCO CIUDAD DE BUENOS AIRES LA APERTURA DE CAJAS DE AHORRO, A FIN DE ABONAR HABERES, SUELDOS U HONORARIOS, A TODAS AQUELLAS PERSONAS QUE CUMPLEN FUNCIONES EN LOS PODERES LEGISLATIVO, EJECUTIVO Y JUDICIAL Y OTROS.-",coautora,coautora,True,True,3,"NEIRA, CLAUDIA | BIELLI, MARÍA | NEGRI, CLAUDIA",LEY,en_comision,en_comision,"PRESUPUESTO, HACIENDA, ADMINISTRACIÓN FINANCIERA Y POLÍTICA TRIBUTARIA","PRESUPUESTO, HACIENDA, ADMINISTRACIÓN FINANCIERA Y POLÍTICA TRIBUTARIA","{""fecha"": ""2026-03-03"", ""oficina"": ""PRESUPUESTO, HACIENDA, ADMINISTRACIÓN FINANCIERA Y POLÍTICA TRIBUTARIA"", ""descripcion"": ""EN COMISION (ESPERANDO RECEPCION)""}",False,,seguimiento_institucional,True,https://parlamentaria.legislatura.gob.ar/pages/expediente.aspx?id=139291,False
139290,181-D-2026,2026-02-27T17:42:58,MODIFÍCASE LA LEY 5688.-,coautora,coautora,True,True,3,"NEIRA, CLAUDIA | FERREÑO, CLAUDIO AMÉRICO | NEGRI, CLAUDIA",LEY,en_comision,en_comision,SEGURIDAD,SEGURIDAD,"{""fecha"": ""2026-03-11"", ""oficina"": ""SEGURIDAD"", ""descripcion"": ""EN COMISION""}",False,,seguimiento_institucional,True,https://parlamentaria.legislatura.gob.ar/pages/expediente.aspx?id=139290,False
139288,188-D-2026,2026-02-27T17:41:24,ESTABLÉCESE MEDIDAS DE ACCIÓN POSITIVA ORIENTADAS A LOGRAR LA EFECTIVA INCLUSIÓN LABORAL DE LAS PERSONAS QUE HAN SIDO VÍCTIMAS DEL DELITO DE TRATA Y/O EXPLOTACIÓN DE PERSONAS.-,coautora,coautora,True,True,4,"NEIRA, CLAUDIA | CAPORICCIO, FRANCISCO | FERREÑO, CLAUDIO AMÉRICO | NEGRI, CLAUDIA",LEY,en_comision,en_comision,"DERECHOS HUMANOS, GARANTÍAS Y ANTIDISCRIMINACIÓN","DERECHOS HUMANOS, GARANTÍAS Y ANTIDISCRIMINACIÓN | LEGISLACION DEL TRABAJO Y POLÍTICAS DE EMPLEO | PRESUPUESTO, HACIENDA, ADMINISTRACIÓN FINANCIERA Y POLÍTICA TRIBUTARIA","{""fecha"": ""2026-03-09"", ""oficina"": ""DERECHOS HUMANOS, GARANTÍAS Y ANTIDISCRIMINACIÓN"", ""descripcion"": ""EN COMISION""}",False,,seguimiento_institucional,True,https://parlamentaria.legislatura.gob.ar/pages/expediente.aspx?id=139288,False
139287,190-D-2026,2026-02-27T17:40:22,"DISPÓNESE LA COLOCACIÓN EN TODOS LOS EDIFICIOS PÚBLICOS, ESTABLECIMIENTOS EDUCATIVOS (PÚBLICOS Y PRIVADOS), ESTACIONES DE METROBUS, ESTACIONES DE SUBTE Y TERMINALES DE PASAJEROS, UNA IMAGEN GRÁFICA A MODO DE CARTELERÍA CON INFORMACIÓN SOBRE LA LÍNEA GRATUITA 145.-",coautora,coautora,True,True,4,"NEIRA, CLAUDIA | CAPORICCIO, FRANCISCO | FERREÑO, CLAUDIO AMÉRICO | NEGRI, CLAUDIA",LEY,en_comision,en_comision,"DERECHOS HUMANOS, GARANTÍAS Y ANTIDISCRIMINACIÓN","DERECHOS HUMANOS, GARANTÍAS Y ANTIDISCRIMINACIÓN | COMUNICACIÓN SOCIAL, MEDIOS DE COMUNICACIÓN Y TECNOLOGÍAS DE LA COMUNICACIÓN","{""fecha"": ""2026-03-09"", ""oficina"": ""DERECHOS HUMANOS, GARANTÍAS Y ANTIDISCRIMINACIÓN"", ""descripcion"": ""EN COMISION""}",False,,seguimiento_institucional,True,https://parlamentaria.legislatura.gob.ar/pages/expediente.aspx?id=139287,False
139270,43-D-2026,2026-02-27T16:43:21,INFORMES REFERIDOS A LA PROLIFERACIÓN DE ROEDORES EN EL ESPACIO PÚBLICO.-,coautora,coautora,True,True,4,"LA BLUNDA, ANDRÉS | IAÑEZ, BERENICE | NEGRI, CLAUDIA | ROSSEN, BÁRBARA",RESOLUCION,archivado,archivado,ARCHIVO,AMBIENTE,"{""fecha"": ""2026-08-04"", ""oficina"": ""ARCHIVO"", ""descripcion"": ""EN ARCHIVO. ESPERANDO INGRESO DE DATOS BANK (ESPERANDO RECEPCION)""}",True,ficha_oficial.hitos.tuvo_sancion | ficha_oficial.sanciones,seguimiento_institucional | recinto,True,https://parlamentaria.legislatura.gob.ar/pages/expediente.aspx?id=139270,False
139267,116-D-2026,2026-02-27T16:38:21,"INFORMES VINCULADOS A LA LICITACIÓN DE SERVICIOS INTEGRALES DE ALOJAMIENTO Y CUIDADOS PARA PERSONAS MAYORES, Y A LOS HOGARES DE RESIDENCIA PERMANENTE.-",coautora,coautora,True,True,10,"LA BLUNDA, ANDRÉS | BIELLI, MARÍA | CAPORICCIO, FRANCISCO | GONZÁLEZ, ANDREA MARIANA | IAÑEZ, BERENICE | NEGRI, CLAUDIA | NEIRA, CLAUDIA | PEÑAFORT, GRACIANA | ROSSEN, BÁRBARA | VELÁZQUEZ, DELFINA",RESOLUCION,archivado,archivado,ARCHIVO,PERSONAS MAYORES,"{""fecha"": ""2026-08-04"", ""oficina"": ""ARCHIVO"", ""descripcion"": ""EN ARCHIVO. ESPERANDO INGRESO DE DATOS BANK (ESPERANDO RECEPCION)""}",True,ficha_oficial.hitos.tuvo_sancion | ficha_oficial.sanciones | actividad_recinto,seguimiento_institucional | recinto,True,https://parlamentaria.legislatura.gob.ar/pages/expediente.aspx?id=139267,False
139266,29-D-2026,2026-02-27T16:35:36,"CRÉASE EL PARQUE METROPOLITANO DEL SUR, SU CORRESPONDIENTE PLAN DE MANEJO Y EL PROYECTO URBANO AMBIENTAL INTEGRADOR.-",coautora,coautora,True,True,9,"LA BLUNDA, ANDRÉS | FERREÑO, CLAUDIO AMÉRICO | IAÑEZ, BERENICE | MODARELLI, JUAN PABLO | NEGRI, CLAUDIA | NEIRA, CLAUDIA | ROSSEN, BÁRBARA | SALVATIERRA, ALEJANDRO | VELÁZQUEZ, DELFINA",LEY,en_comision,en_comision,PLANEAMIENTO URBANO,"PLANEAMIENTO URBANO | AMBIENTE | PROTECCIÓN Y USO DEL ESPACIO PÚBLICO | PRESUPUESTO, HACIENDA, ADMINISTRACIÓN FINANCIERA Y POLÍTICA TRIBUTARIA","{""fecha"": ""2026-03-03"", ""oficina"": ""PLANEAMIENTO URBANO"", ""descripcion"": ""EN COMISION""}",False,,seguimiento_institucional,True,https://parlamentaria.legislatura.gob.ar/pages/expediente.aspx?id=139266,False
139246,3250-D-2025,2026-02-24T16:03:23,INFORMES REFERIDOS A LA SITUACIÓN DE LAS OBRAS EN EJECUCIÓN Y A REALIZARSE SOBRE EL SISTEMA PÚBLICO DE SALUD,coautora,coautora,True,True,6,"BARROETAVEÑA, MATÍAS | CAPORICCIO, FRANCISCO | GEMINIANI, NOEMÍ | GONZÁLEZ, ANDREA MARIANA | NEGRI, CLAUDIA | PEÑAFORT, GRACIANA",RESOLUCION,archivado,archivado,ARCHIVO,SALUD,"{""fecha"": ""2026-08-10"", ""oficina"": ""ARCHIVO"", ""descripcion"": ""EN ARCHIVO. ESPERANDO INGRESO DE DATOS BANK (ESPERANDO RECEPCION)""}",False,,seguimiento_institucional,True,https://parlamentaria.legislatura.gob.ar/pages/expediente.aspx?id=139246,False
139245,3249-D-2025,2026-02-23T11:09:21,INFORMES RELACIONADOS AL RÉGIMEN DE BECAS ESTUDIANTILES- LEY 2917,coautora,coautora,True,True,16,"BIELLI, MARÍA | BARROETAVEÑA, MATÍAS | CAPORICCIO, FRANCISCO | FERREÑO, CLAUDIO AMÉRICO | FREIRE, VICTORIA | GONZÁLEZ, ANDREA MARIANA | GRILLO, ALEJANDRO OMAR | LA BLUNDA, ANDRÉS | MOCHI, FEDERICO | MODARELLI, JUAN PABLO | NEGRI, CLAUDIA | NEIRA, CLAUDIA | PEÑAFORT, GRACIANA | ROSSEN, BÁRBARA | SANTORO, LEANDRO | VELÁZQUEZ, DELFINA",RESOLUCION,archivado,archivado,ARCHIVO,"EDUCACIÓN, CIENCIA Y TECNOLOGÍA","{""fecha"": ""2026-08-21"", ""oficina"": ""ARCHIVO"", ""descripcion"": ""EXPEDIENTE EN ARCHIVO CON DATOS BANK INGRESADOS""}",False,,seguimiento_institucional,True,https://parlamentaria.legislatura.gob.ar/pages/expediente.aspx?id=139245,False
139244,3248-D-2025,2026-02-23T10:31:02,REPUDIO ANTE EL CESE DE CINCUENTA TRABAJADORES DEL PROGRAMA SOCIOEDUCATIVO MAESTRO + MAESTRO,coautora,coautora,True,True,17,"BIELLI, MARÍA | BARROETAVEÑA, MATÍAS | CAPORICCIO, FRANCISCO | FREIRE, VICTORIA | GEMINIANI, NOEMÍ | GONZÁLEZ, ANDREA MARIANA | GRILLO, ALEJANDRO OMAR | LA BLUNDA, ANDRÉS | MOCHI, FEDERICO | MODARELLI, JUAN PABLO | NEGRI, CLAUDIA | NEIRA, CLAUDIA | PEÑAFORT, GRACIANA | ROSSEN, BÁRBARA | SALVATIERRA, ALEJANDRO | SANTORO, LEANDRO | VELÁZQUEZ, DELFINA",DECLARACION,archivado,archivado,ARCHIVO,"EDUCACIÓN, CIENCIA Y TECNOLOGÍA","{""fecha"": ""2026-07-15"", ""oficina"": ""ARCHIVO"", ""descripcion"": ""EN ARCHIVO. ESPERANDO INGRESO DE DATOS BANK (ESPERANDO RECEPCION)""}",False,,seguimiento_institucional,True,https://parlamentaria.legislatura.gob.ar/pages/expediente.aspx?id=139244,False
139238,3242-D-2025,2026-02-11T14:58:30,INFORMES EN RELACIÓN CON EL CIERRE DEL INSTITUTO FORMAR FUTURO.,autora,autora,True,True,3,"NEGRI, CLAUDIA | CAPORICCIO, FRANCISCO | MOCHI, FEDERICO",RESOLUCION,archivado,archivado,ARCHIVO,"EDUCACIÓN, CIENCIA Y TECNOLOGÍA","{""fecha"": ""2026-08-21"", ""oficina"": ""ARCHIVO"", ""descripcion"": ""EXPEDIENTE EN ARCHIVO CON DATOS BANK INGRESADOS""}",False,,seguimiento_institucional,True,https://parlamentaria.legislatura.gob.ar/pages/expediente.aspx?id=139238,False
139235,3239-D-2025,2026-02-11T10:23:51,PESAR POR EL FALLECIMIENTO DEL DR. MIGUEL “PANCHO” TALENTO,coautora,coautora,True,True,17,"MOCHI, FEDERICO | BARROETAVEÑA, MATÍAS | BIELLI, MARÍA | CAPORICCIO, FRANCISCO | FERREÑO, CLAUDIO AMÉRICO | FREIRE, VICTORIA | GEMINIANI, NOEMÍ | GONZÁLEZ, ANDREA MARIANA | GRILLO, ALEJANDRO OMAR | LA BLUNDA, ANDRÉS | LAMMENS , MATÍAS | MODARELLI, JUAN PABLO | NEGRI, CLAUDIA | NEIRA, CLAUDIA | PEÑAFORT, GRACIANA | ROSSEN, BÁRBARA | SANTORO, LEANDRO",DECLARACION,archivado,archivado,ARCHIVO,CULTURA,"{""fecha"": ""2026-08-26"", ""oficina"": ""ARCHIVO"", ""descripcion"": ""EN ARCHIVO. ESPERANDO INGRESO DE DATOS BANK (ESPERANDO RECEPCION)""}",False,,seguimiento_institucional,True,https://parlamentaria.legislatura.gob.ar/pages/expediente.aspx?id=139235,False
139234,3238-D-2025,2026-02-09T15:22:19,PREOCUPACION Y REPUDIO ANTE LA DECISION DEL PODER EJECUTIVO NACIONAL DE POSTEGAR INDEFINIDAMENTE LA APLICACION DE LA ACTUALIZACION METODOLOGICA DEL INDICE DE PRECIOS AL CONSUMIDOR (IPC).-,coautora,coautora,True,True,8,"CAPORICCIO, FRANCISCO | GRILLO, ALEJANDRO OMAR | MOCHI, FEDERICO | NEGRI, CLAUDIA | NEIRA, CLAUDIA | ROSSEN, BÁRBARA | SALVATIERRA, ALEJANDRO | SANTORO, LEANDRO",DECLARACION,archivado,archivado,ARCHIVO,Asuntos Metropolitanos y Relaciones Interjurisdiccionales,"{""fecha"": ""2026-06-03"", ""oficina"": ""ARCHIVO"", ""descripcion"": ""EXPEDIENTE EN ARCHIVO CON DATOS BANK INGRESADOS""}",False,,seguimiento_institucional,True,https://parlamentaria.legislatura.gob.ar/pages/expediente.aspx?id=139234,False
139233,3237-D-2025,2026-02-09T13:16:13,INFORMES REFERIDOS A LAS CONDICIONES DE TRABAJO DE LAS/OS PROMOTORAS/ES DE SALUD.,coautora,coautora,True,True,15,"GONZÁLEZ, ANDREA MARIANA | BIELLI, MARÍA | CAPORICCIO, FRANCISCO | FREIRE, VICTORIA | GRILLO, ALEJANDRO OMAR | LA BLUNDA, ANDRÉS | MOCHI, FEDERICO | MODARELLI, JUAN PABLO | NEGRI, CLAUDIA | NEIRA, CLAUDIA | PEÑAFORT, GRACIANA | ROSSEN, BÁRBARA | SALVATIERRA, ALEJANDRO | SANTORO, LEANDRO | VELÁZQUEZ, DELFINA",RESOLUCION,archivado,archivado,ARCHIVO,SALUD,"{""fecha"": ""2026-08-31"", ""oficina"": ""ARCHIVO"", ""descripcion"": ""EXPEDIENTE EN ARCHIVO CON DATOS BANK INGRESADOS""}",False,,seguimiento_institucional,True,https://parlamentaria.legislatura.gob.ar/pages/expediente.aspx?id=139233,False
139220,3227-D-2025,2026-01-30T11:08:54,"PESAR POR EL FALLECIMIENTO DE ROBERTO “BETO” PIANELLI, SECRETARIO GENERAL DE LA ASOCIACIÓN GREMIAL DE TRABAJADORES DEL SUBTE Y PREMETRO.-",coautora,coautora,True,True,20,"IAÑEZ, BERENICE | BARROETAVEÑA, MATÍAS | BIELLI, MARÍA | CAPORICCIO, FRANCISCO | FERREÑO, CLAUDIO AMÉRICO | FREIRE, VICTORIA | GEMINIANI, NOEMÍ | GONZÁLEZ, ANDREA MARIANA | GRILLO, ALEJANDRO OMAR | LA BLUNDA, ANDRÉS | LAMMENS , MATÍAS | MOCHI, FEDERICO | MODARELLI, JUAN PABLO | NEGRI, CLAUDIA | NEIRA, CLAUDIA | PEÑAFORT, GRACIANA | ROSSEN, BÁRBARA | SALVATIERRA, ALEJANDRO | SANTORO, LEANDRO | VELÁZQUEZ, DELFINA",DECLARACION,archivado,archivado,ARCHIVO,CULTURA,"{""fecha"": ""2026-09-01"", ""oficina"": ""ARCHIVO"", ""descripcion"": ""EN ARCHIVO. ESPERANDO INGRESO DE DATOS BANK (ESPERANDO RECEPCION)""}",False,,seguimiento_institucional,True,https://parlamentaria.legislatura.gob.ar/pages/expediente.aspx?id=139220,False
139217,3224-D-2025,2026-01-29T15:00:22,"INFORMES REFERIDOS A LA SITUACIÓN DE NIÑAS, NIÑOS Y ADOLESCENTES QUE INGRESAN A HOSPITALES PÚBLICOS POR DISPOSICIÓN U OFICIO JUDICIAL DEL CONSEJO DE LOS DERECHOS DE NIÑAS, NIÑOS Y ADOLESCENTES (CDNNYA).-",autora,autora,True,True,13,"NEGRI, CLAUDIA | BARROETAVEÑA, MATÍAS | CAPORICCIO, FRANCISCO | FERREÑO, CLAUDIO AMÉRICO | FREIRE, VICTORIA | GONZÁLEZ, ANDREA MARIANA | GRILLO, ALEJANDRO OMAR | MOCHI, FEDERICO | NEIRA, CLAUDIA | PEÑAFORT, GRACIANA | ROSSEN, BÁRBARA | SANTORO, LEANDRO | VELÁZQUEZ, DELFINA",RESOLUCION,archivado,archivado,ARCHIVO,"NIÑEZ, ADOLESCENCIA Y JUVENTUD","{""fecha"": ""2026-06-09"", ""oficina"": ""ARCHIVO"", ""descripcion"": ""EXPEDIENTE EN ARCHIVO CON DATOS BANK INGRESADOS""}",False,,seguimiento_institucional,True,https://parlamentaria.legislatura.gob.ar/pages/expediente.aspx?id=139217,False
139215,3222-D-2025,2026-01-26T14:45:21,"INFORMES RELACIONADOS CON EL FALLECIMIENTO DE UNA PERSONA EN SITUACIÓN DE CALLE, EN LA INTERSECCIÓN DE TEODORO GARCIA Y CABILDO.-",coautora,coautora,True,True,12,"VELÁZQUEZ, DELFINA | BIELLI, MARÍA | CAPORICCIO, FRANCISCO | FERREÑO, CLAUDIO AMÉRICO | FREIRE, VICTORIA | GONZÁLEZ, ANDREA MARIANA | GRILLO, ALEJANDRO OMAR | LA BLUNDA, ANDRÉS | NEGRI, CLAUDIA | PEÑAFORT, GRACIANA | ROSSEN, BÁRBARA | SANTORO, LEANDRO",RESOLUCION,archivado,archivado,ARCHIVO,POLÍTICAS DE PROMOCIÓN E INTEGRACIÓN SOCIAL,"{""fecha"": ""2026-06-09"", ""oficina"": ""ARCHIVO"", ""descripcion"": ""EXPEDIENTE EN ARCHIVO CON DATOS BANK INGRESADOS""}",False,,seguimiento_institucional,True,https://parlamentaria.legislatura.gob.ar/pages/expediente.aspx?id=139215,False
