long,lat,calle_nombre,calle_altura,direccion,barrio,comuna,codigo_postal,codigo_postal_argentino
-58.4701834189609,-34.6013248278239,12 DE OCTUBRE,1780,12 DE OCTUBRE 1780,Paternal,Comuna 15,1416,C1416FID
-58.4701983039166,-34.6013645724253,12 DE OCTUBRE,1790,12 DE OCTUBRE 1790,Paternal,Comuna 15,1416,C1416FID
-58.4618755799596,-34.5857278102103,14 DE JULIO,698,14 DE JULIO 698,Villa Ortuzar,Comuna 15,1427,C1427CJN
-58.3993179113845,-34.6336832241074,15 DE NOVIEMBRE DE 1889,2574,15 DE NOVIEMBRE DE 1889 2574,Parque Patricios,Comuna 4,1261,C1261AAP
-58.4104702620878,-34.624380338548,24 DE NOVIEMBRE,1193,24 DE NOVIEMBRE 1193,San Cristobal,Comuna 3,1224,C1224AAM
-58.4091265625896,-34.6375286279292,24 DE NOVIEMBRE,2291,24 DE NOVIEMBRE 2291,Parque Patricios,Comuna 4,1242,C1242AAU
-58.4403957342057,-34.5979827197719,ACEVEDO,421,ACEVEDO 421,Villa Crespo,Comuna 15,1414,C1414DJI
-58.4307312480221,-34.6154748657331,,17,"ACEVEDO, EDUARDO 17",,,,
-58.4720451939207,-34.5819533926656,"ACHA, MARIANO, GRAL.",1143,"ACHA, MARIANO, GRAL. 1143",Villa Ortuzar,Comuna 15,1427,C1427DBE
-58.4720993754764,-34.5796450903636,"ACHA, MARIANO, GRAL.",1359,"ACHA, MARIANO, GRAL. 1359",Villa Ortuzar,Comuna 15,1430,C1430DUA
-58.4820869774404,-34.6341056630116,,14,"ACOSTA, MARIANO AV. 14",,,,
-58.4678560248226,-34.645482309155,"ACOSTA, MARIANO AV.",1387,"ACOSTA, MARIANO AV. 1387",Parque Avellaneda,Comuna 9,1407,C1407KCA
-58.4215396496135,-34.5962443722688,"ACUÑA DE FIGUEROA, FRANCISCO",1312,"ACUÑA DE FIGUEROA, FRANCISCO 1312",Palermo,Comuna 14,1180,C1180AAZ
-58.4219987653437,-34.5987662129524,"ACUÑA DE FIGUEROA, FRANCISCO",1050,"ACUÑA DE FIGUEROA, FRANCISCO 1050",Almagro,Comuna 5,1180,C1180AAT
-58.4226491557091,-34.6032831270785,"ACUÑA DE FIGUEROA, FRANCISCO",682,"ACUÑA DE FIGUEROA, FRANCISCO 682",Almagro,Comuna 5,1180,C1180AAL
-58.4074558177562,-34.5919159373474,AGUERO,1576,AGUERO 1576,Recoleta,Comuna 2,1425,C1425EHJ
-58.4064021941031,-34.591034341979,AGUERO,1684,AGUERO 1684,Recoleta,Comuna 2,1425,C1425EHL
-58.4085765969425,-34.5935626528996,AGUERO,1369,AGUERO 1369,Recoleta,Comuna 2,1425,C1425EHE
-58.4073473220226,-34.5918057659735,AGUERO,1586,AGUERO 1586,Recoleta,Comuna 2,1425,C1425EHJ
-58.4073473220226,-34.5918057659735,AGUERO,1590,AGUERO 1590,Recoleta,Comuna 2,1425,C1425EHJ
-58.4064135880314,-34.591042757709,AGUERO,1682,AGUERO 1682,Recoleta,Comuna 2,1425,C1425EHL
-58.4466147696128,-34.5684811893,AGUILAR,2328,AGUILAR 2328,Palermo,Comuna 14,1426,C1426DSH
-58.4467551065552,-34.5686415373881,AGUILAR,2340,AGUILAR 2340,Palermo,Comuna 14,1426,C1426DSH
-58.4472425088379,-34.569195887589,AGUILAR,2418,AGUILAR 2418,Colegiales,Comuna 13,1426,C1426DSJ
-58.4408839062389,-34.5919916137349,AGUIRRE,1109,AGUIRRE 1109,Villa Crespo,Comuna 15,1414,C1414ASW
-58.4356444515189,-34.5975848100548,AGUIRRE,511,AGUIRRE 511,Villa Crespo,Comuna 15,1414,C1414ASK
-58.5099755748625,-34.6392304056866,,8,ALBARIÑO 8,,,,
-58.5100433275149,-34.6393207748858,,9,ALBARIÑO 9,,,,
-58.4925491498327,-34.643654767458,"ALBERDI, JUAN BAUTISTA AV.",4724,"ALBERDI, JUAN BAUTISTA AV. 4724",Parque Avellaneda,Comuna 9,1407,C1407HAO
-58.502576777566,-34.6515028905568,"ALBERDI, JUAN BAUTISTA AV.",5827,"ALBERDI, JUAN BAUTISTA AV. 5827",Mataderos,Comuna 9,1440,C1440AAJ
-58.503579107998,-34.6524435573549,"ALBERDI, JUAN BAUTISTA AV.",5933,"ALBERDI, JUAN BAUTISTA AV. 5933",Mataderos,Comuna 9,1440,C1440AAK
-58.4003956390534,-34.6233181790732,ALBERTI,1192,ALBERTI 1192,San Cristobal,Comuna 3,1223,C1223AAN
-58.400274292745,-34.6247743957819,ALBERTI,1292,ALBERTI 1292,San Cristobal,Comuna 3,1247,C1247AAB
-58.4000430253921,-34.6272230497209,ALBERTI,1500,ALBERTI 1500,San Cristobal,Comuna 3,1247,C1247AAF
-58.3999010235407,-34.6282420207204,ALBERTI,1590,ALBERTI 1590,San Cristobal,Comuna 3,1247,C1247AAH
-58.3995632971301,-34.6295680352856,ALBERTI,1692,ALBERTI 1692,Parque Patricios,Comuna 4,1247,C1247AAJ
-58.4015481657565,-34.6117215730987,ALBERTI,174,ALBERTI 174,Balvanera,Comuna 3,1082,C1082AAD
-58.3975768757547,-34.6354387721698,ALBERTI,2195,ALBERTI 2195,Parque Patricios,Comuna 4,1247,C1247AAS
-58.401410152711,-34.6131351282893,ALBERTI,292,ALBERTI 292,Balvanera,Comuna 3,1082,C1082AAF
-58.4011386931428,-34.6163284208497,ALBERTI,590,ALBERTI 590,Balvanera,Comuna 3,1223,C1223AAB
-58.4016482979954,-34.6107749639832,,86,ALBERTI 86,,,,
-58.4008427377485,-34.6195886738873,ALBERTI,894,ALBERTI 894,San Cristobal,Comuna 3,1223,C1223AAH
-58.5108524226599,-34.6253238236845,ALCARAZ,5327,ALCARAZ 5327,Villa Luro,Comuna 10,1407,C1407GIY
-58.5057781091591,-34.6200992809903,ALLENDE,2177,ALLENDE 2177,Monte Castro,Comuna 10,1407,C1407CQE
-58.5165369839032,-34.6093122395402,ALLENDE,3468,ALLENDE 3468,Villa Devoto,Comuna 11,1417,C1417BMZ
-58.3830195823406,-34.6109311081968,"ALSINA, ADOLFO",1178,"ALSINA, ADOLFO 1178",Monserrat,Comuna 1,1088,C1088AAF
-58.3859991739239,-34.611112678584,"ALSINA, ADOLFO",1390,"ALSINA, ADOLFO 1390",Monserrat,Comuna 1,1088,C1088AAJ
-58.3913872137714,-34.611498312099,"ALSINA, ADOLFO",1778,"ALSINA, ADOLFO 1778",Monserrat,Comuna 1,1088,C1088AAR
-58.3946135860598,-34.6116435358116,"ALSINA, ADOLFO",1995,"ALSINA, ADOLFO 1995",Balvanera,Comuna 3,1090,C1090AAC
-58.396043721765,-34.6118154650331,"ALSINA, ADOLFO",2094,"ALSINA, ADOLFO 2094",Balvanera,Comuna 3,1090,C1090AAF
-58.3970398786854,-34.6118776268248,"ALSINA, ADOLFO",2174,"ALSINA, ADOLFO 2174",Balvanera,Comuna 3,1090,C1090AAH
-58.4001484413382,-34.612033056865,"ALSINA, ADOLFO",2389,"ALSINA, ADOLFO 2389",Balvanera,Comuna 3,1090,C1090AAK
-58.4041686294669,-34.6123767980205,"ALSINA, ADOLFO",2698,"ALSINA, ADOLFO 2698",Balvanera,Comuna 3,1090,C1090AAR
-58.4047606173568,-34.6123360578162,"ALSINA, ADOLFO",2731,"ALSINA, ADOLFO 2731",Balvanera,Comuna 3,1090,C1090AAS
-58.4065616537957,-34.6125165588415,"ALSINA, ADOLFO",2886,"ALSINA, ADOLFO 2886",Balvanera,Comuna 3,1207,C1207AAB
-58.4693803228839,-34.6021647802027,ALVAREZ JONTE,1825,ALVAREZ JONTE 1825,Paternal,Comuna 15,1416,C1416EXD
-58.4694534129084,-34.6022167055884,ALVAREZ JONTE,1833,ALVAREZ JONTE 1833,Paternal,Comuna 15,1416,C1416EXD
-58.4927250743869,-34.6129494276087,ALVAREZ JONTE AV.,3611,ALVAREZ JONTE AV. 3611,Villa Del Parque,Comuna 11,1407,C1407GOD
-58.4959023551701,-34.6145095763727,ALVAREZ JONTE AV.,3933,ALVAREZ JONTE AV. 3933,Monte Castro,Comuna 10,1407,C1407GOG
-58.4971205763401,-34.6151546315748,ALVAREZ JONTE AV.,4015,ALVAREZ JONTE AV. 4015,Monte Castro,Comuna 10,1407,C1407GOH
-58.4982594376399,-34.6157599639957,ALVAREZ JONTE AV.,4121,ALVAREZ JONTE AV. 4121,Monte Castro,Comuna 10,1407,C1407GOI
-58.4993751105862,-34.6163526391722,ALVAREZ JONTE AV.,4221,ALVAREZ JONTE AV. 4221,Monte Castro,Comuna 10,1407,C1407GOJ
-58.5004186341095,-34.6169019635202,ALVAREZ JONTE AV.,4313,ALVAREZ JONTE AV. 4313,Monte Castro,Comuna 10,1407,C1407GOK
-58.5119655299592,-34.6245031551563,ALVAREZ JONTE AV.,5319,ALVAREZ JONTE AV. 5319,Monte Castro,Comuna 10,1407,C1407GPH
-58.5118485368428,-34.6243994791408,ALVAREZ JONTE AV.,5315,ALVAREZ JONTE AV. 5315,Monte Castro,Comuna 10,1407,C1407GPH
-58.5129168154334,-34.6253342313377,ALVAREZ JONTE AV.,5419,ALVAREZ JONTE AV. 5419,Monte Castro,Comuna 10,1407,C1407GPI
-58.462795310241,-34.6070439755145,"ALVAREZ, DONATO, TTE. GRAL.",1735,"ALVAREZ, DONATO, TTE. GRAL. 1735",Villa Gral. Mitre,Comuna 11,1416,C1416BTG
-58.4629391333312,-34.607047329583,"ALVAREZ, DONATO, TTE. GRAL.",1758,"ALVAREZ, DONATO, TTE. GRAL. 1758",Villa Gral. Mitre,Comuna 11,1416,C1416BTT
-58.4648775261788,-34.6031474557061,"ALVAREZ, DONATO, TTE. GRAL. AV.",2088,"ALVAREZ, DONATO, TTE. GRAL. AV. 2088",Villa Gral. Mitre,Comuna 11,1416,C1416BTW
-58.4650611419384,-34.6026109893813,"ALVAREZ, DONATO, TTE. GRAL. AV.",2121,"ALVAREZ, DONATO, TTE. GRAL. AV. 2121",Paternal,Comuna 15,1416,C1416BTK
-58.4205293244031,-34.5901971152539,"ALVAREZ, JULIAN",1892,"ALVAREZ, JULIAN 1892",Palermo,Comuna 14,1414,C1414DSL
-58.4363885960766,-34.6008939098688,"ALVAREZ, JULIAN",385,"ALVAREZ, JULIAN 385",Villa Crespo,Comuna 15,1414,C1414DRG
-58.3858224898243,-34.5969357438085,"ALVEAR, MARCELO T. DE",1305,"ALVEAR, MARCELO T. DE 1305",Retiro,Comuna 1,1058,C1058AAU
-58.3869337370607,-34.5970850841152,"ALVEAR, MARCELO T. DE",1400,"ALVEAR, MARCELO T. DE 1400",Retiro,Comuna 1,1058,C1058AAV
-58.3871734327522,-34.5970212681019,"ALVEAR, MARCELO T. DE",1403,"ALVEAR, MARCELO T. DE 1403",Recoleta,Comuna 2,1060,C1060AAA
-58.3899843650288,-34.597158307372,"ALVEAR, MARCELO T. DE",1611,"ALVEAR, MARCELO T. DE 1611",Recoleta,Comuna 2,1060,C1060AAE
-58.3929427887947,-34.597273086228,"ALVEAR, MARCELO T. DE",1780,"ALVEAR, MARCELO T. DE 1780",Recoleta,Comuna 2,1060,C1060AAH
-58.3934758682506,-34.5971972169509,"ALVEAR, MARCELO T. DE",1807,"ALVEAR, MARCELO T. DE 1807",Recoleta,Comuna 2,1122,C1122AAA
-58.3996616222883,-34.5968452419692,"ALVEAR, MARCELO T. DE",2259,"ALVEAR, MARCELO T. DE 2259",Recoleta,Comuna 2,1122,C1122AAI
-58.40060750857,-34.596613817128,"ALVEAR, MARCELO T. DE",2325,"ALVEAR, MARCELO T. DE 2325",Recoleta,Comuna 2,1122,C1122AAK
-58.4354842518324,-34.6174982725001,,34,"AMBROSETTI, JUAN B. 34",,,,
-58.4388535579498,-34.6090198898975,"AMBROSETTI, JUAN B.",790,"AMBROSETTI, JUAN B. 790",Caballito,Comuna 6,1405,C1405BIL
-58.4608519644352,-34.5605473466943,AMENABAR,2380,AMENABAR 2380,Belgrano,Comuna 13,1428,C1428CQL
-58.4466223410232,-34.5722070896111,AMENABAR,719,AMENABAR 719,Colegiales,Comuna 13,1426,C1426AJK
-58.4113451270466,-34.5886602543393,ANASAGASTI,2084,ANASAGASTI 2084,Palermo,Comuna 14,1425,C1425DOB
-58.411137637061,-34.58853459472,ANASAGASTI,2097,ANASAGASTI 2097,Palermo,Comuna 14,1425,C1425DOA
-58.4065708934812,-34.595253367237,"ANCHORENA, TOMAS MANUEL DE, DR.",1205,"ANCHORENA, TOMAS MANUEL DE, DR. 1205",Recoleta,Comuna 2,1425,C1425ELC
-58.4113231058887,-34.6063397243511,"ANCHORENA, TOMAS MANUEL DE, DR.",310,"ANCHORENA, TOMAS MANUEL DE, DR. 310",Balvanera,Comuna 3,1170,C1170ACF
-58.4106016550921,-34.60480319439,"ANCHORENA, TOMAS MANUEL DE, DR.",439,"ANCHORENA, TOMAS MANUEL DE, DR. 439",Balvanera,Comuna 3,1170,C1170ACG
-58.4082895440358,-34.5985487443418,"ANCHORENA, TOMAS MANUEL DE, DR.",879,"ANCHORENA, TOMAS MANUEL DE, DR. 879",Balvanera,Comuna 3,1170,C1170ACO
-58.405887632144,-34.5940804459401,"ANCHORENA, TOMAS MANUEL DE, DR.",1321,"ANCHORENA, TOMAS MANUEL DE, DR. 1321",Recoleta,Comuna 2,1425,C1425ELE
-58.4048542549955,-34.5931729015813,"ANCHORENA, TOMAS MANUEL DE, DR.",1407,"ANCHORENA, TOMAS MANUEL DE, DR. 1407",Recoleta,Comuna 2,1425,C1425ELG
-58.4112371756196,-34.6063856571693,"ANCHORENA, TOMAS MANUEL DE, DR.",311,"ANCHORENA, TOMAS MANUEL DE, DR. 311",Balvanera,Comuna 3,1170,C1170ACE
-58.4106272064667,-34.6048678657442,"ANCHORENA, TOMAS MANUEL DE, DR.",429,"ANCHORENA, TOMAS MANUEL DE, DR. 429",Balvanera,Comuna 3,1170,C1170ACG
-58.4093166864528,-34.6013584996992,"ANCHORENA, TOMAS MANUEL DE, DR.",665,"ANCHORENA, TOMAS MANUEL DE, DR. 665",Balvanera,Comuna 3,1170,C1170ACK
-58.4090820000535,-34.6007049689126,"ANCHORENA, TOMAS MANUEL DE, DR.",713,"ANCHORENA, TOMAS MANUEL DE, DR. 713",Balvanera,Comuna 3,1170,C1170ACM
-58.4085437760039,-34.5992533450876,"ANCHORENA, TOMAS MANUEL DE, DR.",825,"ANCHORENA, TOMAS MANUEL DE, DR. 825",Balvanera,Comuna 3,1170,C1170ACO
-58.4083030960872,-34.5985863063057,"ANCHORENA, TOMAS MANUEL DE, DR.",875,"ANCHORENA, TOMAS MANUEL DE, DR. 875",Balvanera,Comuna 3,1170,C1170ACO
-58.5111846076101,-34.6586828360648,ANDALGALA,1917,ANDALGALA 1917,Mataderos,Comuna 9,1440,C1440ENM
-58.4934296298452,-34.5718088272883,ANDONAEGUI,2991,ANDONAEGUI 2991,Villa Urquiza,Comuna 12,1431,C1431DWK
-58.3906019268773,-34.6281370569692,ANTEQUERA,1765,ANTEQUERA 1765,Constitucion,Comuna 1,1134,C1134AAA
-58.4771100065429,-34.6749490256306,AQUINO,5659,AQUINO 5659,Villa Lugano,Comuna 8,1439,C1439ADW
-58.4723680448339,-34.6251905515243,"ARANGUREN, JUAN F., DR.",2907,"ARANGUREN, JUAN F., DR. 2907",Flores,Comuna 7,1406,C1406FXC
-58.4762513142268,-34.6262311783509,"ARANGUREN, JUAN F., DR.",3209,"ARANGUREN, JUAN F., DR. 3209",Floresta,Comuna 10,1406,C1406FXI
-58.4770289741122,-34.6265121951511,"ARANGUREN, JUAN F., DR.",3300,"ARANGUREN, JUAN F., DR. 3300",Floresta,Comuna 10,1406,C1406FXJ
-58.4784794414475,-34.6268115138605,"ARANGUREN, JUAN F., DR.",3417,"ARANGUREN, JUAN F., DR. 3417",Floresta,Comuna 10,1407,C1407ELC
-58.4387536006246,-34.6129048311179,"ARANGUREN, JUAN F., DR.",511,"ARANGUREN, JUAN F., DR. 511",Caballito,Comuna 6,1405,C1405CRK
-58.4288923584765,-34.5947333539808,ARAOZ,1113,ARAOZ 1113,Palermo,Comuna 14,1414,C1414DPW
-58.4163831776307,-34.5865693779995,ARAOZ,2420,ARAOZ 2420,Palermo,Comuna 14,1425,C1425DGL
-58.4146614400325,-34.5856185777295,ARAOZ,2515,ARAOZ 2515,Palermo,Comuna 14,1425,C1425DGM
-58.43729558458,-34.6000020521874,ARAOZ,372,ARAOZ 372,Villa Crespo,Comuna 15,1414,C1414DPH
-58.3581619115273,-34.6370949577119,"ARAOZ DE LAMADRID, GREGORIO, GRAL.",420,"ARAOZ DE LAMADRID, GREGORIO, GRAL. 420",Boca,Comuna 4,1166,C1166AAH
-58.5073302381884,-34.6388943776986,,9,ARAUJO 9,,,,
-58.4347595894319,-34.5686061988944,ARCE,725,ARCE 725,Palermo,Comuna 14,1426,C1426BSK
-58.3912672469982,-34.5949399098837,ARENALES,1665,ARENALES 1665,Recoleta,Comuna 2,1061,C1061AAS
-58.3922705513887,-34.5948652937427,ARENALES,1719,ARENALES 1719,Recoleta,Comuna 2,1061,C1061AAU
-58.3943010143199,-34.5947802211436,ARENALES,1886,ARENALES 1886,Recoleta,Comuna 2,1124,C1124AAB
-58.3991916692322,-34.5942370628084,ARENALES,2286,ARENALES 2286,Recoleta,Comuna 2,1124,C1124AAJ
-58.4001200232939,-34.5939773695404,ARENALES,2350,ARENALES 2350,Recoleta,Comuna 2,1124,C1124AAL
-58.4066273307592,-34.5905874545977,ARENALES,2950,ARENALES 2950,Recoleta,Comuna 2,1425,C1425BEJ
-58.431991397256,-34.5730738359214,AREVALO,2785,AREVALO 2785,Palermo,Comuna 14,1426,C1426DJA
-58.4310935300888,-34.5718664348364,AREVALO,2912,AREVALO 2912,Palermo,Comuna 14,1426,C1426DJF
-58.475637415394,-34.6216440413,ARGERICH,1020,ARGERICH 1020,Flores,Comuna 7,1406,C1406AMR
-58.4770449009876,-34.6192805570739,ARGERICH,1300,ARGERICH 1300,Villa Santa Rita,Comuna 11,1416,C1416AXD
-58.4726847856294,-34.6277839058909,ARGERICH,403,ARGERICH 403,Flores,Comuna 7,1406,C1406AME
-58.4730741789381,-34.6271514310386,ARGERICH,494,ARGERICH 494,Flores,Comuna 7,1406,C1406AMF
-58.4743982747991,-34.6241097570513,ARGERICH,749,ARGERICH 749,Flores,Comuna 7,1406,C1406AMK
-58.4729851632617,-34.5422131070506,ARIAS,2398,ARIAS 2398,Nu\u00f1ez,Comuna 13,1429,C1429DXN
-58.4735423869268,-34.5423358915362,ARIAS,2423,ARIAS 2423,Saavedra,Comuna 12,1429,C1429DXO
-58.4193827479096,-34.5843602389463,ARMENIA,2411,ARMENIA 2411,Palermo,Comuna 14,1425,C1425FBI
-58.4505705063962,-34.5665683072372,"ARREDONDO, VIRREY",2375,"ARREDONDO, VIRREY 2375",Belgrano,Comuna 13,1426,C1426DZC
-58.4510048344177,-34.5671181580269,"ARREDONDO, VIRREY",2405,"ARREDONDO, VIRREY 2405",Colegiales,Comuna 13,1426,C1426DZE
-58.4511022102235,-34.5672424102703,"ARREDONDO, VIRREY",2425,"ARREDONDO, VIRREY 2425",Colegiales,Comuna 13,1426,C1426DZE
-58.4865611211733,-34.6060042277055,ARREGUI,2920,ARREGUI 2920,Villa Del Parque,Comuna 11,1417,C1417GMN
-58.5140747537447,-34.6227840153804,ARREGUI,5308,ARREGUI 5308,Monte Castro,Comuna 10,1408,C1408AVB
-58.4516909880881,-34.5561207281437,ARRIBEÑOS,2301,ARRIBEÑOS 2301,Belgrano,Comuna 13,1428,C1428APE
-58.4028587752745,-34.6369847949248,,24,ARRIOLA 24,,,,
-58.3786352387149,-34.5927028350872,ARROYO,804,ARROYO 804,Retiro,Comuna 1,1007,C1007AAB
-58.4725046404303,-34.6134224268559,"ARTIGAS, JOSE GERVASIO, GRAL.",1525,"ARTIGAS, JOSE GERVASIO, GRAL. 1525",Villa Gral. Mitre,Comuna 11,1416,C1416AKK
-58.4981737619008,-34.5829938285939,"ARTIGAS, JOSE GERVASIO, GRAL.",4742,"ARTIGAS, JOSE GERVASIO, GRAL. 4742",Villa Pueyrredon,Comuna 12,1419,C1419ECZ
-58.4858749129952,-34.5978338878931,"ARTIGAS, JOSE GERVASIO, GRAL.",3131,"ARTIGAS, JOSE GERVASIO, GRAL. 3131",Villa Del Parque,Comuna 11,1417,C1417DKG
-58.4865098917426,-34.5973076373343,"ARTIGAS, JOSE GERVASIO, GRAL.",3156,"ARTIGAS, JOSE GERVASIO, GRAL. 3156",Agronomia,Comuna 15,1417,C1417DKH
-58.3687499456136,-34.6334258051836,ARZOBISPO ESPINOSA,1101,ARZOBISPO ESPINOSA 1101,Boca,Comuna 4,1165,C1165AAC
-58.3698623280557,-34.6336277634587,ARZOBISPO ESPINOSA,1180,ARZOBISPO ESPINOSA 1180,Boca,Comuna 4,1165,C1165AAD
-58.364666775132,-34.6304327726205,ARZOBISPO ESPINOSA,411,ARZOBISPO ESPINOSA 411,Boca,Comuna 4,1157,C1157AAI
-58.4399526130877,-34.6355586092643,ASAMBLEA AV.,1076,ASAMBLEA AV. 1076,Parque Chacabuco,Comuna 7,1406,C1406HVN
-58.4408197020402,-34.6357290963611,ASAMBLEA AV.,1130,ASAMBLEA AV. 1130,Parque Chacabuco,Comuna 7,1406,C1406HVO
-58.4384967806682,-34.635265790687,ASAMBLEA AV.,978,ASAMBLEA AV. 978,Parque Chacabuco,Comuna 7,1424,C1424COX
-58.5014255193765,-34.594826130255,ASUNCION,3239,ASUNCION 3239,Agronomia,Comuna 15,1419,C1419HGA
-58.5278123305676,-34.6116169072508,ASUNCION,5280,ASUNCION 5280,Villa Devoto,Comuna 11,1419,C1419HHT
-58.4076004960249,-34.5906817598413,AUSTRIA,1721,AUSTRIA 1721,Recoleta,Comuna 2,1425,C1425EGA
-58.4075868718116,-34.5906717070931,AUSTRIA,1723,AUSTRIA 1723,Recoleta,Comuna 2,1425,C1425EGA
-58.3995120885438,-34.5847752606424,AUSTRIA,2531,AUSTRIA 2531,Recoleta,Comuna 2,1425,C1425EGQ
-58.4077750307314,-34.590681979144,AUSTRIA,1724,AUSTRIA 1724,Recoleta,Comuna 2,1425,C1425EGB
-58.4012755041443,-34.5860678846805,AUSTRIA,2391,AUSTRIA 2391,Recoleta,Comuna 2,1425,C1425EGM
-58.3995120885438,-34.5847752606424,AUSTRIA,2529,AUSTRIA 2529,Recoleta,Comuna 2,1425,C1425EGQ
-58.4899549284448,-34.6331132638743,AVELLANEDA,4588,AVELLANEDA 4588,Velez Sarsfield,Comuna 10,1407,C1407EJZ
-58.4371483437777,-34.6138510230431,AVELLANEDA,474,AVELLANEDA 474,Caballito,Comuna 6,1405,C1405CNR
-58.475115157885,-34.6274476172884,AVELLANEDA AV.,3186,AVELLANEDA AV. 3186,Flores,Comuna 7,1406,C1406FZQ
-58.4775688736529,-34.6278936029044,AVELLANEDA AV.,3399,AVELLANEDA AV. 3399,Floresta,Comuna 10,1407,C1407EJA
-58.4784589820114,-34.6282843243909,AVELLANEDA AV.,3488,AVELLANEDA AV. 3488,Floresta,Comuna 10,1407,C1407EJO
-58.479600733212,-34.6285662254274,AVELLANEDA AV.,3586,AVELLANEDA AV. 3586,Floresta,Comuna 10,1407,C1407EJP
-58.4698874676433,-34.6259321566788,AVELLANEDA AV.,2780,AVELLANEDA AV. 2780,Flores,Comuna 7,1406,C1406FYZ
-58.4711796699524,-34.6261603171884,AVELLANEDA AV.,2879,AVELLANEDA AV. 2879,Flores,Comuna 7,1406,C1406FZA
-58.4712666928067,-34.6263583518762,AVELLANEDA AV.,2886,AVELLANEDA AV. 2886,Flores,Comuna 7,1406,C1406FZN
-58.4729566115772,-34.6267143719573,AVELLANEDA AV.,2991,AVELLANEDA AV. 2991,Flores,Comuna 7,1406,C1406FZB
-58.4728871056002,-34.6268622922115,AVELLANEDA AV.,2992,AVELLANEDA AV. 2992,Flores,Comuna 7,1406,C1406FZO
-58.4735329301738,-34.6270326689382,AVELLANEDA AV.,3024,AVELLANEDA AV. 3024,Flores,Comuna 7,1406,C1406FZP
-58.4739778145435,-34.627064661252,AVELLANEDA AV.,3069,AVELLANEDA AV. 3069,Flores,Comuna 7,1406,C1406FZC
-58.4752036724269,-34.6273001220157,AVELLANEDA AV.,3179,AVELLANEDA AV. 3179,Flores,Comuna 7,1406,C1406FZD
-58.475115157885,-34.6274476172884,AVELLANEDA AV.,3184,AVELLANEDA AV. 3184,Flores,Comuna 7,1406,C1406FZQ
-58.4762311446262,-34.6275592716162,AVELLANEDA AV.,3265,AVELLANEDA AV. 3265,Floresta,Comuna 10,1406,C1406FZE
-58.4762645980259,-34.6277376211967,AVELLANEDA AV.,3276,AVELLANEDA AV. 3276,Floresta,Comuna 10,1406,C1406FZR
-58.4773131178022,-34.6279963067989,AVELLANEDA AV.,3366,AVELLANEDA AV. 3366,Floresta,Comuna 10,1407,C1407EJN
-58.4773939747059,-34.6278501395885,AVELLANEDA AV.,3379,AVELLANEDA AV. 3379,Floresta,Comuna 10,1407,C1407EJA
-58.4784814042373,-34.6281171226168,AVELLANEDA AV.,3475,AVELLANEDA AV. 3475,Floresta,Comuna 10,1407,C1407EJB
-58.4784589820114,-34.6282843243909,AVELLANEDA AV.,3484,AVELLANEDA AV. 3484,Floresta,Comuna 10,1407,C1407EJO
-58.4794420092615,-34.6285267868338,AVELLANEDA AV.,3578,AVELLANEDA AV. 3578,Floresta,Comuna 10,1407,C1407EJP
-58.4795897690023,-34.6283943333857,AVELLANEDA AV.,3581,AVELLANEDA AV. 3581,Floresta,Comuna 10,1407,C1407EJC
-58.4805765110326,-34.6288091484674,AVELLANEDA AV.,3674,AVELLANEDA AV. 3674,Floresta,Comuna 10,1407,C1407EJQ
-58.4806733095168,-34.6286631714768,AVELLANEDA AV.,3685,AVELLANEDA AV. 3685,Floresta,Comuna 10,1407,C1407EJD
-58.4819673759562,-34.6289884672323,AVELLANEDA AV.,3769,AVELLANEDA AV. 3769,Floresta,Comuna 10,1407,C1407EJE
-58.4834265462495,-34.6293525202076,AVELLANEDA AV.,3885,AVELLANEDA AV. 3885,Floresta,Comuna 10,1407,C1407EJF
-58.3960679501995,-34.5970506798581,AYACUCHO,1011,AYACUCHO 1011,Recoleta,Comuna 2,1111,C1111AAE
-58.3960670232705,-34.5969391545967,AYACUCHO,1021,AYACUCHO 1021,Recoleta,Comuna 2,1111,C1111AAE
-58.3960668283351,-34.5969157034439,AYACUCHO,1023,AYACUCHO 1023,Recoleta,Comuna 2,1111,C1111AAE
-58.3937368254251,-34.5917117829,AYACUCHO,1505,AYACUCHO 1505,Recoleta,Comuna 2,1112,C1112AAA
-58.3937163006048,-34.5916937487294,AYACUCHO,1507,AYACUCHO 1507,Recoleta,Comuna 2,1112,C1112AAA
-58.3960682454545,-34.5971764809289,AYACUCHO,1007,AYACUCHO 1007,Recoleta,Comuna 2,1111,C1111AAE
-58.3949167949652,-34.6079513332948,AYACUCHO,111,AYACUCHO 111,Balvanera,Comuna 3,1025,C1025AAC
-58.396026111015,-34.5955083523371,AYACUCHO,1115,AYACUCHO 1115,Recoleta,Comuna 2,1111,C1111AAG
-58.3959964621619,-34.5953643566808,AYACUCHO,1123,AYACUCHO 1123,Recoleta,Comuna 2,1111,C1111AAG
-58.395814830565,-34.5944548242172,AYACUCHO,1205,AYACUCHO 1205,Recoleta,Comuna 2,1111,C1111AAI
-58.3936512525714,-34.5916365928433,AYACUCHO,1523,AYACUCHO 1523,Recoleta,Comuna 2,1112,C1112AAA
-58.3910928266005,-34.5892620828709,AYACUCHO,1792,AYACUCHO 1792,Recoleta,Comuna 2,1112,C1112AAF
-58.3901903732061,-34.5884599108285,AYACUCHO,1884,AYACUCHO 1884,Recoleta,Comuna 2,1112,C1112AAH
-58.3892495860344,-34.5876871609507,AYACUCHO,1994,AYACUCHO 1994,Recoleta,Comuna 2,1112,C1112AAJ
-58.3950737911004,-34.6071483900265,AYACUCHO,200,AYACUCHO 200,Balvanera,Comuna 3,1025,C1025AAD
-58.3950075929359,-34.6067957345402,AYACUCHO,211,AYACUCHO 211,Balvanera,Comuna 3,1025,C1025AAE
-58.3951184284604,-34.6056904975395,AYACUCHO,307,AYACUCHO 307,Balvanera,Comuna 3,1025,C1025AAG
-58.3953251772869,-34.6045915683425,AYACUCHO,400,AYACUCHO 400,Balvanera,Comuna 3,1025,C1025AAH
-58.3952627774752,-34.6043573328939,AYACUCHO,407,AYACUCHO 407,Balvanera,Comuna 3,1026,C1026AAA
-58.3948329915929,-34.6091822465773,,5,AYACUCHO 5,,,,
-58.3954047494388,-34.603035154153,AYACUCHO,503,AYACUCHO 503,Balvanera,Comuna 3,1026,C1026AAC
-58.3955269756631,-34.601813535328,AYACUCHO,603,AYACUCHO 603,Balvanera,Comuna 3,1026,C1026AAE
-58.3955492872337,-34.6020492063158,AYACUCHO,610,AYACUCHO 610,Balvanera,Comuna 3,1026,C1026AAF
-58.3957223962601,-34.6008062508953,AYACUCHO,702,AYACUCHO 702,Balvanera,Comuna 3,1026,C1026AAH
-58.3956324563574,-34.6008201350932,AYACUCHO,703,AYACUCHO 703,Balvanera,Comuna 3,1026,C1026AAG
-58.3958764608535,-34.5994827487373,AYACUCHO,810,AYACUCHO 810,Recoleta,Comuna 2,1111,C1111AAB
-58.3948329915929,-34.6091822465773,,9,AYACUCHO 9,,,,
-58.395961945711,-34.5984838777428,AYACUCHO,912,AYACUCHO 912,Recoleta,Comuna 2,1111,C1111AAD
-58.4007127639937,-34.6070285051683,AZCUENAGA,230,AZCUENAGA 230,Balvanera,Comuna 3,1029,C1029AAF
-58.4007162173878,-34.6069793008209,AZCUENAGA,232,AZCUENAGA 232,Balvanera,Comuna 3,1029,C1029AAF
-58.4007348991867,-34.6067130604551,AZCUENAGA,252,AZCUENAGA 252,Balvanera,Comuna 3,1029,C1029AAF
-58.4007348991867,-34.6067130604551,AZCUENAGA,254,AZCUENAGA 254,Balvanera,Comuna 3,1029,C1029AAF
-58.4008144912299,-34.6056064564962,AZCUENAGA,342,AZCUENAGA 342,Balvanera,Comuna 3,1029,C1029AAH
-58.4008236970295,-34.605491921239,AZCUENAGA,350,AZCUENAGA 350,Balvanera,Comuna 3,1029,C1029AAH
-58.400846317463,-34.6052105115182,AZCUENAGA,366,AZCUENAGA 366,Balvanera,Comuna 3,1029,C1029AAH
-58.4005475474822,-34.6094186909095,,42,AZCUENAGA 42,,,,
-58.4005475474822,-34.6094186909095,,44,AZCUENAGA 44,,,,
-58.4005475474822,-34.6094186909095,,46,AZCUENAGA 46,,,,
-58.4005475474822,-34.6094186909095,,48,AZCUENAGA 48,,,,
-58.3998217011538,-34.5952160286956,AZCUENAGA,1092,AZCUENAGA 1092,Recoleta,Comuna 2,1115,C1115AAF
-58.3996200270254,-34.5943142069766,AZCUENAGA,1190,AZCUENAGA 1190,Recoleta,Comuna 2,1115,C1115AAH
-58.3995036856149,-34.5940197731356,AZCUENAGA,1212,AZCUENAGA 1212,Recoleta,Comuna 2,1115,C1115AAJ
-58.3988347816866,-34.5925693524706,AZCUENAGA,1398,AZCUENAGA 1398,Recoleta,Comuna 2,1115,C1115AAL
-58.3967263998703,-34.5895447827489,AZCUENAGA,1700,AZCUENAGA 1700,Recoleta,Comuna 2,1128,C1128AAB
-58.396278282471,-34.5889960702613,AZCUENAGA,1798,AZCUENAGA 1798,Recoleta,Comuna 2,1128,C1128AAD
-58.4006596444794,-34.6077416393767,AZCUENAGA,180,AZCUENAGA 180,Balvanera,Comuna 3,1029,C1029AAD
-58.3957484929878,-34.5883504979667,AZCUENAGA,1824,AZCUENAGA 1824,Recoleta,Comuna 2,1128,C1128AAF
-58.3953410521629,-34.5878539519146,AZCUENAGA,1900,AZCUENAGA 1900,Recoleta,Comuna 2,1128,C1128AAF
-58.3948170938421,-34.5872064153363,AZCUENAGA,1936,AZCUENAGA 1936,Recoleta,Comuna 2,1128,C1128AAH
-58.3945327701303,-34.5868735895062,AZCUENAGA,1998,AZCUENAGA 1998,Recoleta,Comuna 2,1128,C1128AAH
-58.400871800484,-34.6049013856889,AZCUENAGA,396,AZCUENAGA 396,Balvanera,Comuna 3,1029,C1029AAH
-58.4009506429322,-34.6035536604431,AZCUENAGA,486,AZCUENAGA 486,Balvanera,Comuna 3,1029,C1029AAJ
-58.4009416256649,-34.6023890968769,AZCUENAGA,588,AZCUENAGA 588,Balvanera,Comuna 3,1029,C1029AAL
-58.4009385476224,-34.6023838146689,AZCUENAGA,594,AZCUENAGA 594,Balvanera,Comuna 3,1029,C1029AAL
-58.401014727307,-34.6013240470219,AZCUENAGA,692,AZCUENAGA 692,Balvanera,Comuna 3,1029,C1029AAN
-58.4010967651385,-34.5998989047889,AZCUENAGA,774,AZCUENAGA 774,Balvanera,Comuna 3,1029,C1029AAP
-58.4008308656056,-34.5983631955323,AZCUENAGA,876,AZCUENAGA 876,Recoleta,Comuna 2,1115,C1115AAB
-58.4755049135146,-34.6325054605971,,8,AZUL 8,,,,
-58.4665307066219,-34.550320304317,AZURDUY JUANA,2360,AZURDUY JUANA 2360,Nu\u00f1ez,Comuna 13,1429,C1429BZH
-58.4669898139902,-34.5509555113395,AZURDUY JUANA,2425,AZURDUY JUANA 2425,Nu\u00f1ez,Comuna 13,1429,C1429BZI
-58.4309466081589,-34.5722337850779,BAEZ,286,BAEZ 286,Palermo,Comuna 14,1426,C1426BRF
-58.4320530331816,-34.5715859760745,BAEZ,390,BAEZ 390,Palermo,Comuna 14,1426,C1426BRH
-58.4333110777036,-34.5708390902554,BAEZ,506,BAEZ 506,Palermo,Comuna 14,1426,C1426BRL
-58.4804018123287,-34.6332714938424,,7,BAHIA BLANCA 7,,,,
-58.4839683819752,-34.6253544143895,BAHIA BLANCA,773,BAHIA BLANCA 773,Floresta,Comuna 10,1407,C1407ABM
-58.4823849683732,-34.6288963636611,BAHIA BLANCA,417,BAHIA BLANCA 417,Floresta,Comuna 10,1407,C1407ABG
-58.4839950386178,-34.6252590059154,BAHIA BLANCA,799,BAHIA BLANCA 799,Floresta,Comuna 10,1407,C1407ABM
-58.4850202643648,-34.6245007950968,BAHIA BLANCA,908,BAHIA BLANCA 908,Floresta,Comuna 10,1407,C1407ABR
-58.4833108275201,-34.5982015697759,BAIGORRIA,2318,BAIGORRIA 2318,Villa Del Parque,Comuna 11,1417,C1417FQB
-58.4548622804542,-34.6463732007451,BALBASTRO,2823,BALBASTRO 2823,Flores,Comuna 7,1406,C1406IDC
-58.3699928322777,-34.6207690364492,BALCARCE,1101,BALCARCE 1101,San Telmo,Comuna 1,1064,C1064AAW
-58.3697912205488,-34.6218500127419,BALCARCE,1201,BALCARCE 1201,San Telmo,Comuna 1,1153,C1153AAA
-58.3698017769227,-34.6230948435112,BALCARCE,1309,BALCARCE 1309,San Telmo,Comuna 1,1153,C1153AAC
-58.3706351437156,-34.6096176104506,BALCARCE,150,BALCARCE 150,Monserrat,Comuna 1,1064,C1064AAD
-58.3705876515388,-34.6124849546551,BALCARCE,410,BALCARCE 410,Monserrat,Comuna 1,1064,C1064AAJ
-58.3707841924215,-34.6136726454996,BALCARCE,501,BALCARCE 501,Monserrat,Comuna 1,1064,C1064AAK
-58.3705807140464,-34.6149898264992,BALCARCE,610,BALCARCE 610,Monserrat,Comuna 1,1064,C1064AAN
-58.370248890628,-34.6178894877769,BALCARCE,851,BALCARCE 851,San Telmo,Comuna 1,1064,C1064AAQ
-58.5114237698622,-34.6391179311358,,19,"BEDOYA, ELIAS 19",,,,
-58.477169273489,-34.6163539684386,"BELAUSTEGUI, LUIS, DR.",2886,"BELAUSTEGUI, LUIS, DR. 2886",Villa Santa Rita,Comuna 11,1416,C1416CZH
-58.486836409062,-34.6347486329212,,22,BELEN 22,,,,
-58.492310637037,-34.6287967078182,BELEN,796,BELEN 796,Velez Sarsfield,Comuna 10,1407,C1407ASN
-58.3843838135547,-34.6133983996977,BELGRANO AV.,1286,BELGRANO AV. 1286,Monserrat,Comuna 1,1093,C1093AAN
-58.3901101960499,-34.6137946295854,BELGRANO AV.,1690,BELGRANO AV. 1690,Monserrat,Comuna 1,1093,C1093AAR
-58.3944869284941,-34.6139362286048,BELGRANO AV.,1991,BELGRANO AV. 1991,Balvanera,Comuna 3,1094,C1094AAB
-58.4156246647555,-34.6156915964086,BELGRANO AV.,3500,BELGRANO AV. 3500,Almagro,Comuna 5,1210,C1210AAP
-58.3730995420768,-34.6124571994406,BELGRANO AV.,485,BELGRANO AV. 485,Monserrat,Comuna 1,1092,C1092AAE
-58.3757116578371,-34.6126368548873,BELGRANO AV.,677,BELGRANO AV. 677,Monserrat,Comuna 1,1092,C1092AAG
-58.3788308937952,-34.6130143773606,BELGRANO AV.,890,BELGRANO AV. 890,Monserrat,Comuna 1,1092,C1092AAV
-58.3798650166392,-34.6129157117552,BELGRANO AV.,943,BELGRANO AV. 943,Monserrat,Comuna 1,1092,C1092AAJ
-58.4832034415333,-34.6344986919868,,13,"BENEDETTI, OSVALDO E., DIP.NAC. 13",,,,
-58.4936313100251,-34.6364557704509,,9,BERMUDEZ 9,,,,
-58.5205698131443,-34.6109653071745,BERMUDEZ,3209,BERMUDEZ 3209,Villa Devoto,Comuna 11,1419,C1419CAA
-58.4004839114445,-34.5928451546901,BERUTI,2407,BERUTI 2407,Recoleta,Comuna 2,1117,C1117AAC
-58.4708737272187,-34.5452006132616,BESARES,2399,BESARES 2399,Nu\u00f1ez,Comuna 13,1429,C1429DIK
-58.4711330015003,-34.5452838879109,BESARES,2401,BESARES 2401,Saavedra,Comuna 12,1429,C1429DIM
-58.4711748138036,-34.5452960077306,BESARES,2407,BESARES 2407,Saavedra,Comuna 12,1429,C1429DIM
-58.4092899923083,-34.5893566422567,BILLINGHURST,1825,BILLINGHURST 1825,Recoleta,Comuna 2,1425,C1425DTK
-58.4114409617061,-34.5920764188166,BILLINGHURST,1611,BILLINGHURST 1611,Recoleta,Comuna 2,1425,C1425DTG
-58.4092871973149,-34.5893535409659,BILLINGHURST,1833,BILLINGHURST 1833,Recoleta,Comuna 2,1425,C1425DTK
-58.4049922990395,-34.5844427229581,BILLINGHURST,2402,BILLINGHURST 2402,Recoleta,Comuna 2,1425,C1425DTX
-58.4036771821426,-34.5831399221342,BILLINGHURST,2507,BILLINGHURST 2507,Palermo,Comuna 14,1425,C1425DTY
-58.4156812236034,-34.6035544631094,BILLINGHURST,518,BILLINGHURST 518,Almagro,Comuna 5,1174,C1174ABJ
-58.4515722123149,-34.5547007674808,BLANCO ENCALADA,1611,BLANCO ENCALADA 1611,Belgrano,Comuna 13,1428,C1428DCQ
-58.4587166856558,-34.5590464129258,BLANCO ENCALADA,2382,BLANCO ENCALADA 2382,Belgrano,Comuna 13,1428,C1428DDL
-58.4587166856558,-34.5590464129258,BLANCO ENCALADA,2384,BLANCO ENCALADA 2384,Belgrano,Comuna 13,1428,C1428DDL
-58.4850550380813,-34.5747141683109,BLANCO ENCALADA,4967,BLANCO ENCALADA 4967,Villa Urquiza,Comuna 12,1431,C1431CDK
-58.485736566656,-34.5751177968637,BLANCO ENCALADA,5019,BLANCO ENCALADA 5019,Villa Urquiza,Comuna 12,1431,C1431CDM
-58.4159803272522,-34.6257660923309,BOEDO AV.,1016,BOEDO AV. 1016,Boedo,Comuna 5,1239,C1239AAN
-58.4159788925618,-34.6257848417147,BOEDO AV.,1018,BOEDO AV. 1018,Boedo,Comuna 5,1239,C1239AAN
-58.4158520129265,-34.6280624452701,BOEDO AV.,1212,BOEDO AV. 1212,Boedo,Comuna 5,1239,C1239AAP
-58.4160029883782,-34.6303913374838,BOEDO AV.,1413,BOEDO AV. 1413,Boedo,Comuna 5,1239,C1239AAE
-58.4160072810123,-34.6304902058269,BOEDO AV.,1419,BOEDO AV. 1419,Boedo,Comuna 5,1239,C1239AAE
-58.4160684822387,-34.6316450369875,BOEDO AV.,1515,BOEDO AV. 1515,Boedo,Comuna 5,1239,C1239AAF
-58.4158999267812,-34.6320907798621,BOEDO AV.,1556,BOEDO AV. 1556,Boedo,Comuna 5,1239,C1239AAS
-58.4162199915757,-34.6343079794608,BOEDO AV.,1715,BOEDO AV. 1715,Boedo,Comuna 5,1239,C1239AAH
-58.4160256018479,-34.6377611898252,BOEDO AV.,2016,BOEDO AV. 2016,Boedo,Comuna 5,1239,C1239AAX
-58.4160130915638,-34.6253387929794,BOEDO AV.,1000,BOEDO AV. 1000,Boedo,Comuna 5,1218,C1218AAS
-58.4159846302284,-34.6257098450802,BOEDO AV.,1010,BOEDO AV. 1010,Boedo,Comuna 5,1239,C1239AAN
-58.41598319554,-34.6257285944642,BOEDO AV.,1012,BOEDO AV. 1012,Boedo,Comuna 5,1239,C1239AAN
-58.4161692841689,-34.6258013459218,BOEDO AV.,1017,BOEDO AV. 1017,Boedo,Comuna 5,1239,C1239AAA
-58.4158534931412,-34.6271363012761,BOEDO AV.,1114,BOEDO AV. 1114,Boedo,Comuna 5,1239,C1239AAO
-58.4158492490696,-34.6281195539595,BOEDO AV.,1218,BOEDO AV. 1218,Boedo,Comuna 5,1239,C1239AAP
-58.4158287726609,-34.6291331534882,BOEDO AV.,1310,BOEDO AV. 1310,Boedo,Comuna 5,1239,C1239AAQ
-58.4159771632427,-34.6292569022176,BOEDO AV.,1319,BOEDO AV. 1319,Boedo,Comuna 5,1239,C1239AAD
-58.41580551569,-34.6303254869158,BOEDO AV.,1414,BOEDO AV. 1414,Boedo,Comuna 5,1239,C1239AAR
-58.4160029883782,-34.6303913374838,BOEDO AV.,1415,BOEDO AV. 1415,Boedo,Comuna 5,1239,C1239AAE
-58.4160664791684,-34.6316074681523,BOEDO AV.,1509,BOEDO AV. 1509,Boedo,Comuna 5,1239,C1239AAF
-58.4158999267812,-34.6320907798621,BOEDO AV.,1552,BOEDO AV. 1552,Boedo,Comuna 5,1239,C1239AAS
-58.416140719241,-34.6329762874145,BOEDO AV.,1609,BOEDO AV. 1609,Boedo,Comuna 5,1239,C1239AAG
-58.4162165344822,-34.63425107515,BOEDO AV.,1707,BOEDO AV. 1707,Boedo,Comuna 5,1239,C1239AAH
-58.4160574076436,-34.6376105973246,BOEDO AV.,2008,BOEDO AV. 2008,Boedo,Comuna 5,1239,C1239AAX
-58.416432728759,-34.622649238093,BOEDO AV.,807,BOEDO AV. 807,Boedo,Comuna 5,1218,C1218AAE
-58.4162668075094,-34.6226541591082,BOEDO AV.,810,BOEDO AV. 810,Boedo,Comuna 5,1218,C1218AAR
-58.4161168656119,-34.6240505596662,BOEDO AV.,910,BOEDO AV. 910,Boedo,Comuna 5,1218,C1218AAS
-58.4162898255308,-34.6242940583853,BOEDO AV.,911,BOEDO AV. 911,Boedo,Comuna 5,1218,C1218AAF
-58.416063000333,-34.6246829618593,BOEDO AV.,936,BOEDO AV. 936,Boedo,Comuna 5,1218,C1218AAS
-58.4160546535076,-34.6247926566134,BOEDO AV.,942,BOEDO AV. 942,Boedo,Comuna 5,1218,C1218AAS
-58.4158509684009,-34.6271386197088,BOEDO AV.,1112,BOEDO AV. 1112,Boedo,Comuna 5,1239,C1239AAO
-58.4158340076022,-34.6308700713982,BOEDO AV.,1470,BOEDO AV. 1470,Boedo,Comuna 5,1239,C1239AAR
-58.4161422713359,-34.6330052227255,BOEDO AV.,1613,BOEDO AV. 1613,Boedo,Comuna 5,1239,C1239AAG
-58.4162797916377,-34.635613469871,BOEDO AV.,1813,BOEDO AV. 1813,Boedo,Comuna 5,1239,C1239AAI
-58.4536390963829,-34.621627207584,BOGOTA,1609,BOGOTA 1609,Caballito,Comuna 6,1406,C1406GBC
-58.4781311947265,-34.629337263791,BOGOTA,3500,BOGOTA 3500,Floresta,Comuna 10,1407,C1407ESD
-58.4273329462794,-34.6257242380739,,9,"BONIFACIO, JOSE 9",,,,
-58.459714343915,-34.6281661581737,,10,"BONORINO, ESTEBAN, CNEL. AV. 10",,,,
-58.4304568768878,-34.5772659901191,BONPLAND,2460,BONPLAND 2460,Palermo,Comuna 14,1425,C1425FWH
-58.4304568768878,-34.5772659901191,BONPLAND,2468,BONPLAND 2468,Palermo,Comuna 14,1425,C1425FWH
-58.4293201306936,-34.5882224852461,"BORGES, JORGE LUIS",1685,"BORGES, JORGE LUIS 1685",Palermo,Comuna 14,1414,C1414DGA
-58.4288563307822,-34.5879172680488,"BORGES, JORGE LUIS",1719,"BORGES, JORGE LUIS 1719",Palermo,Comuna 14,1414,C1414DGC
-58.4286786703185,-34.5878018238072,"BORGES, JORGE LUIS",1749,"BORGES, JORGE LUIS 1749",Palermo,Comuna 14,1414,C1414DGC
-58.4209470310369,-34.5820883754507,"BORGES, JORGE LUIS",2495,"BORGES, JORGE LUIS 2495",Palermo,Comuna 14,1425,C1425FFI
-58.4208228423917,-34.5819882075389,"BORGES, JORGE LUIS",2499,"BORGES, JORGE LUIS 2499",Palermo,Comuna 14,1425,C1425FFI
-58.4075165344779,-34.6074095203891,BOULOGNE SUR MER,205,BOULOGNE SUR MER 205,Balvanera,Comuna 3,1213,C1213AAA
-58.4076068116941,-34.6074027661187,BOULOGNE SUR MER,228,BOULOGNE SUR MER 228,Balvanera,Comuna 3,1213,C1213AAB
-58.4075165344779,-34.6074095203891,BOULOGNE SUR MER,229,BOULOGNE SUR MER 229,Balvanera,Comuna 3,1213,C1213AAA
-58.4072153742892,-34.6064379693435,BOULOGNE SUR MER,317,BOULOGNE SUR MER 317,Balvanera,Comuna 3,1213,C1213AAC
-58.4071710413117,-34.6062931613759,BOULOGNE SUR MER,323,BOULOGNE SUR MER 323,Balvanera,Comuna 3,1213,C1213AAC
-58.4068303644598,-34.6051763535706,BOULOGNE SUR MER,427,BOULOGNE SUR MER 427,Balvanera,Comuna 3,1213,C1213AAE
-58.4068053452214,-34.6050946218777,BOULOGNE SUR MER,431,BOULOGNE SUR MER 431,Balvanera,Comuna 3,1213,C1213AAE
-58.4065324431861,-34.6041639675424,BOULOGNE SUR MER,515,BOULOGNE SUR MER 515,Balvanera,Comuna 3,1213,C1213AAG
-58.4065324431861,-34.6041639675424,BOULOGNE SUR MER,517,BOULOGNE SUR MER 517,Balvanera,Comuna 3,1213,C1213AAG
-58.4062284619805,-34.6030005050849,BOULOGNE SUR MER,609,BOULOGNE SUR MER 609,Balvanera,Comuna 3,1213,C1213AAI
-58.4062068745686,-34.6029191381103,BOULOGNE SUR MER,617,BOULOGNE SUR MER 617,Balvanera,Comuna 3,1213,C1213AAI
-58.4058420211964,-34.6015705557515,BOULOGNE SUR MER,711,BOULOGNE SUR MER 711,Balvanera,Comuna 3,1213,C1213AAK
-58.4058013921557,-34.6014528886328,BOULOGNE SUR MER,723,BOULOGNE SUR MER 723,Balvanera,Comuna 3,1213,C1213AAK
-58.4048531143322,-34.5985436723666,BOULOGNE SUR MER,975,BOULOGNE SUR MER 975,Balvanera,Comuna 3,1213,C1213AAO
-58.4047938433644,-34.5983619493865,BOULOGNE SUR MER,985,BOULOGNE SUR MER 985,Balvanera,Comuna 3,1213,C1213AAO
-58.4048584880713,-34.5982709505188,BOULOGNE SUR MER,994,BOULOGNE SUR MER 994,Balvanera,Comuna 3,1213,C1213AAP
-58.4645757881155,-34.6155208108974,BOYACA,1123,BOYACA 1123,Villa Gral. Mitre,Comuna 11,1416,C1416AAA
-58.4645757881155,-34.6155208108974,BOYACA,1125,BOYACA 1125,Villa Gral. Mitre,Comuna 11,1416,C1416AAA
-58.467833204163,-34.6114048845351,BOYACA,1600,BOYACA 1600,Villa Gral. Mitre,Comuna 11,1416,C1416AAJ
-58.3697918662579,-34.6373373685064,BRANDSEN,1201,BRANDSEN 1201,Barracas,Comuna 4,1287,C1287AAA
-58.3698661539855,-34.6373434645226,BRANDSEN,1221,BRANDSEN 1221,Barracas,Comuna 4,1287,C1287AAA
-58.3749790349282,-34.637810997933,BRANDSEN,1701,BRANDSEN 1701,Barracas,Comuna 4,1287,C1287AAK
-58.3597238945275,-34.6345932097133,BRANDSEN,423,BRANDSEN 423,Boca,Comuna 4,1161,C1161AAI
-58.3855496144236,-34.6284434902647,BRASIL,1396,BRASIL 1396,Constitucion,Comuna 1,1154,C1154AAX
-58.3868630695764,-34.6286616372603,BRASIL,1482,BRASIL 1482,Constitucion,Comuna 1,1154,C1154AAZ
-58.3886372018954,-34.6289701332485,BRASIL,1638,BRASIL 1638,Constitucion,Comuna 1,1154,C1154ABD
-58.3724111707491,-34.6254995605736,BRASIL,486,BRASIL 486,San Telmo,Comuna 1,1154,C1154AAF
-58.3708349671008,-34.6253073246425,BRASIL AV.,359,BRASIL AV. 359,San Telmo,Comuna 1,1154,C1154AAC
-58.4173685703623,-34.6106798944321,,18,"BRAVO, MARIO 18",,,,
-58.4945045123944,-34.644998072299,BRUIX AV.,4893,BRUIX AV. 4893,Parque Avellaneda,Comuna 9,1407,C1407ILA
-58.4927466035034,-34.5708048996092,BUCARELLI,3012,BUCARELLI 3012,Villa Urquiza,Comuna 12,1431,C1431DRN
-58.4714331109604,-34.6128630441881,"BUFANO, ALFREDO R.",1608,"BUFANO, ALFREDO R. 1608",Villa Gral. Mitre,Comuna 11,1416,C1416AJJ
-58.4677638149733,-34.6175202073644,"BUFANO, ALFREDO R.",1145,"BUFANO, ALFREDO R. 1145",Flores,Comuna 7,1406,C1406AXI
-58.411760951428,-34.5882186387254,BULNES,1986,BULNES 1986,Palermo,Comuna 14,1425,C1425DKH
-58.4106939693673,-34.5866592427924,BULNES,2196,BULNES 2196,Palermo,Comuna 14,1425,C1425DKL
-58.4070039249717,-34.582890700796,BULNES,2515,BULNES 2515,Palermo,Comuna 14,1425,C1425DKS
-58.4070039249717,-34.582890700796,BULNES,2531,BULNES 2531,Palermo,Comuna 14,1425,C1425DKS
-58.4065112130439,-34.5818755708585,BULNES,2605,BULNES 2605,Palermo,Comuna 14,1425,C1425DKU
-58.4064531138788,-34.5817559168641,BULNES,2627,BULNES 2627,Palermo,Comuna 14,1425,C1425DKU
-58.4061284275512,-34.581082651056,BULNES,2705,BULNES 2705,Palermo,Comuna 14,1425,C1425DKW
-58.406367659429,-34.5821462718776,CABELLO,3174,CABELLO 3174,Palermo,Comuna 14,1425,C1425APD
-58.4074253640365,-34.5818156256864,CABELLO,3270,CABELLO 3270,Palermo,Comuna 14,1425,C1425APF
-58.4083855607359,-34.5815156977995,CABELLO,3374,CABELLO 3374,Palermo,Comuna 14,1425,C1425APH
-58.4085273447653,-34.5814711122116,CABELLO,3398,CABELLO 3398,Palermo,Comuna 14,1425,C1425APH
-58.4091895173953,-34.5811531741775,CABELLO,3449,CABELLO 3449,Palermo,Comuna 14,1425,C1425API
-58.4095905779882,-34.5811280601958,CABELLO,3498,CABELLO 3498,Palermo,Comuna 14,1425,C1425APJ
-58.4100500501003,-34.580891495455,CABELLO,3565,CABELLO 3565,Palermo,Comuna 14,1425,C1425APK
-58.4102771342205,-34.5808995673899,CABELLO,3590,CABELLO 3590,Palermo,Comuna 14,1425,C1425APL
-58.4115645433152,-34.5805243242631,CABELLO,3682,CABELLO 3682,Palermo,Comuna 14,1425,C1425APN
-58.4116415725194,-34.5805002446395,CABELLO,3690,CABELLO 3690,Palermo,Comuna 14,1425,C1425APN
-58.4128912069401,-34.5801117673022,CABELLO,3780,CABELLO 3780,Palermo,Comuna 14,1425,C1425APP
-58.4129288033041,-34.5801000151651,CABELLO,3788,CABELLO 3788,Palermo,Comuna 14,1425,C1425APP
-58.4153214750724,-34.5793485458238,CABELLO,3996,CABELLO 3996,Palermo,Comuna 14,1425,C1425APT
-58.5162200344589,-34.5896694421519,"CABEZON, JOSE LEON",3701,"CABEZON, JOSE LEON 3701",Villa Devoto,Comuna 11,1419,C1419FCW
-58.5170964874037,-34.5902654114604,"CABEZON, JOSE LEON",3799,"CABEZON, JOSE LEON 3799",Villa Devoto,Comuna 11,1419,C1419FCW
-58.5172210597191,-34.5902976690433,"CABEZON, JOSE LEON",3801,"CABEZON, JOSE LEON 3801",Villa Devoto,Comuna 11,1419,C1419FCY
-58.4261464681988,-34.5943691498147,"CABRERA, JOSE A.",4390,"CABRERA, JOSE A. 4390",Palermo,Comuna 14,1414,C1414BGD
-58.4278863760237,-34.5931540389778,"CABRERA, JOSE A.",4586,"CABRERA, JOSE A. 4586",Palermo,Comuna 14,1414,C1414BGH
-58.4364447599858,-34.5868798409006,"CABRERA, JOSE A.",5467,"CABRERA, JOSE A. 5467",Palermo,Comuna 14,1414,C1414BHA
-58.4282327227456,-34.5927832543845,"CABRERA, JOSE A.",4613,"CABRERA, JOSE A. 4613",Palermo,Comuna 14,1414,C1414BGI
-58.4372335660481,-34.6352615269389,CACHIMAYO,1315,CACHIMAYO 1315,Parque Chacabuco,Comuna 7,1424,C1424ARM
-58.4427304528771,-34.6214929309712,,15,CACHIMAYO 15,,,,
-58.4749545032824,-34.5814692860469,CADIZ,3747,CADIZ 3747,Parque Chas,Comuna 15,1431,C1431DMA
-58.4749957282342,-34.5814782467788,CADIZ,3749,CADIZ 3749,Parque Chas,Comuna 15,1431,C1431DMA
-58.5106292931237,-34.6229564677453,"CALDERON DE LA BARCA, PEDRO",1817,"CALDERON DE LA BARCA, PEDRO 1817",Monte Castro,Comuna 10,1417,C1417CIA
-58.4965712277073,-34.6367366538616,,25,"CALDERON DE LA BARCA, PEDRO 25",,,,
-58.5237093232343,-34.6128069524001,"CALDERON DE LA BARCA, PEDRO",3255,"CALDERON DE LA BARCA, PEDRO 3255",Villa Devoto,Comuna 11,1419,C1419CEA
-58.4995356330466,-34.6312575455557,"CALDERON DE LA BARCA, PEDRO",715,"CALDERON DE LA BARCA, PEDRO 715",Velez Sarsfield,Comuna 10,1407,C1407KPO
-58.3921728832483,-34.6074359833493,CALLAO AV.,150,CALLAO AV. 150,Balvanera,Comuna 3,1022,C1022AAO
-58.3922424995223,-34.606404146804,CALLAO AV.,232,CALLAO AV. 232,Balvanera,Comuna 3,1022,C1022AAP
-58.3923228679471,-34.6029558743361,CALLAO AV.,511,CALLAO AV. 511,San Nicolas,Comuna 1,1022,C1022AAF
-58.3922424995223,-34.606404146804,CALLAO AV.,238,CALLAO AV. 238,Balvanera,Comuna 3,1022,C1022AAP
-58.3920937575887,-34.6086629275847,,34,CALLAO AV. 34,,,,
-58.3924587160458,-34.6035070728013,CALLAO AV.,468,CALLAO AV. 468,Balvanera,Comuna 3,1022,C1022AAR
-58.3929219611829,-34.6004430480254,CALLAO AV.,734,CALLAO AV. 734,Balvanera,Comuna 3,1023,C1023AAN
-58.3803500817202,-34.6197604642586,"CALVO, CARLOS",1013,"CALVO, CARLOS 1013",Constitucion,Comuna 1,1102,C1102AAU
-58.384561415133,-34.6197732719719,"CALVO, CARLOS",1305,"CALVO, CARLOS 1305",Constitucion,Comuna 1,1102,C1102ABA
-58.3859946034793,-34.6198387904495,"CALVO, CARLOS",1407,"CALVO, CARLOS 1407",Constitucion,Comuna 1,1102,C1102ABC
-58.3877435348973,-34.6199437099547,"CALVO, CARLOS",1529,"CALVO, CARLOS 1529",Constitucion,Comuna 1,1102,C1102ABE
-58.3886741791975,-34.6200804767746,"CALVO, CARLOS",1600,"CALVO, CARLOS 1600",Constitucion,Comuna 1,1102,C1102ABF
-58.3903623727752,-34.6201052505737,"CALVO, CARLOS",1701,"CALVO, CARLOS 1701",Constitucion,Comuna 1,1102,C1102ABI
-58.3935139658216,-34.6204465537093,"CALVO, CARLOS",1917,"CALVO, CARLOS 1917",San Cristobal,Comuna 3,1230,C1230AAC
-58.368959922272,-34.6191645174823,"CALVO, CARLOS",201,"CALVO, CARLOS 201",San Telmo,Comuna 1,1102,C1102AAE
-58.3948442641546,-34.6205283430716,"CALVO, CARLOS",2019,"CALVO, CARLOS 2019",San Cristobal,Comuna 3,1230,C1230AAE
-58.4001627236046,-34.6208907103235,"CALVO, CARLOS",2435,"CALVO, CARLOS 2435",San Cristobal,Comuna 3,1230,C1230AAM
-58.4043041827528,-34.6214833323533,"CALVO, CARLOS",2800,"CALVO, CARLOS 2800",San Cristobal,Comuna 3,1230,C1230AAT
-58.4059966824683,-34.6218262929717,"CALVO, CARLOS",2900,"CALVO, CARLOS 2900",San Cristobal,Comuna 3,1230,C1230AAV
-58.4063780463123,-34.6218098660286,"CALVO, CARLOS",2907,"CALVO, CARLOS 2907",San Cristobal,Comuna 3,1230,C1230AAW
-58.3727490219808,-34.619554448475,"CALVO, CARLOS",495,"CALVO, CARLOS 495",San Telmo,Comuna 1,1102,C1102AAI
-58.3774056702132,-34.61969066995,"CALVO, CARLOS",805,"CALVO, CARLOS 805",Constitucion,Comuna 1,1102,C1102AAQ
-58.4587424775343,-34.6276724268573,,8,CAMACUA 8,,,,
-58.4456809108871,-34.5953784979182,CAMARGO,1127,CAMARGO 1127,Villa Crespo,Comuna 15,1414,C1414AHW
-58.4403906321891,-34.6001403202732,CAMARGO,523,CAMARGO 523,Villa Crespo,Comuna 15,1414,C1414AHK
-58.4626045994788,-34.6037198928959,CAMARONES,1469,CAMARONES 1469,Villa Gral. Mitre,Comuna 11,1416,C1416ECA
-58.4626045994788,-34.6037198928959,CAMARONES,1475,CAMARONES 1475,Villa Gral. Mitre,Comuna 11,1416,C1416ECA
-58.480365160848,-34.6123250397782,CAMARONES,2880,CAMARONES 2880,Villa Santa Rita,Comuna 11,1416,C1416EDD
-58.4747180479721,-34.6319270644877,,8,CAMPANA 8,,,,
-58.4756915361092,-34.6295972607151,CAMPANA,211,CAMPANA 211,Floresta,Comuna 10,1406,C1406AUC
-58.4761429381518,-34.6286092593193,CAMPANA,315,CAMPANA 315,Floresta,Comuna 10,1406,C1406AUE
-58.4771515596169,-34.6263828476164,CAMPANA,505,CAMPANA 505,Floresta,Comuna 10,1406,C1406AUI
-58.4776173576404,-34.6253891107961,CAMPANA,609,CAMPANA 609,Floresta,Comuna 10,1406,C1406AUK
-58.4780988198973,-34.6243387326225,CAMPANA,709,CAMPANA 709,Floresta,Comuna 10,1406,C1406AUM
-58.4653636003425,-34.5517731414323,CAMPOS SALLES,2367,CAMPOS SALLES 2367,Nu\u00f1ez,Comuna 13,1429,C1429CFG
-58.4801926061941,-34.6337366661486,,10,CANDELARIA 10,,,,
-58.5093294502555,-34.657611066554,CAÑADA DE GOMEZ,1927,CAÑADA DE GOMEZ 1927,Mataderos,Comuna 9,1440,C1440EGM
-58.4904220903441,-34.5695527595876,CAPDEVILA,3021,CAPDEVILA 3021,Villa Urquiza,Comuna 12,1431,C1431FKG
-58.4665576033003,-34.6170116470409,CARACAS,1180,CARACAS 1180,Flores,Comuna 7,1406,C1406AZV
-58.4612581468028,-34.6281920764174,,13,CARACAS 13,,,,
-58.4666393847385,-34.6168487901843,CARACAS,1196,CARACAS 1196,Flores,Comuna 7,1406,C1406AZV
-58.4702498863723,-34.6121882682355,CARACAS,1619,CARACAS 1619,Villa Gral. Mitre,Comuna 11,1416,C1416AII
-58.4922523463346,-34.6360370345694,,8,CARDOSO 8,,,,
-58.512612604371,-34.6587515242634,CARHUE,1990,CARHUE 1990,Mataderos,Comuna 9,1440,C1440EQL
-58.484021608226,-34.6076162138685,"CARRANZA, ADOLFO P.",2880,"CARRANZA, ADOLFO P. 2880",Villa Del Parque,Comuna 11,1417,C1417HFL
-58.4319798653398,-34.5769035327429,"CARRANZA, ANGEL JUSTINIANO",2390,"CARRANZA, ANGEL JUSTINIANO 2390",Palermo,Comuna 14,1425,C1425FXF
-58.4318775600997,-34.5768141682054,"CARRANZA, ANGEL JUSTINIANO",2394,"CARRANZA, ANGEL JUSTINIANO 2394",Palermo,Comuna 14,1425,C1425FXF
-58.4950561234904,-34.6293052705458,CARRASCO AV.,715,CARRASCO AV. 715,Velez Sarsfield,Comuna 10,1407,C1407AVM
-58.4894300729442,-34.6358186442499,,9,"CARRERAS, SANTIAGO DE LAS 9",,,,
-58.3717295197659,-34.6268170981872,CASEROS AV.,486,CASEROS AV. 486,Barracas,Comuna 4,1152,C1152AAN
-58.4047466962865,-34.6083709876304,CASTELLI,126,CASTELLI 126,Balvanera,Comuna 3,1031,C1031AAD
-58.4047466962865,-34.6083709876304,CASTELLI,128,CASTELLI 128,Balvanera,Comuna 3,1031,C1031AAD
-58.404748122749,-34.6083500153673,CASTELLI,130,CASTELLI 130,Balvanera,Comuna 3,1031,C1031AAD
-58.4046592592821,-34.6095790462809,,22,CASTELLI 22,,,,
-58.404769350693,-34.6071625229351,CASTELLI,234,CASTELLI 234,Balvanera,Comuna 3,1032,C1032AAB
-58.404769350693,-34.6071625229351,CASTELLI,236,CASTELLI 236,Balvanera,Comuna 3,1032,C1032AAB
-58.404769350693,-34.6071625229351,CASTELLI,238,CASTELLI 238,Balvanera,Comuna 3,1032,C1032AAB
-58.4046626881343,-34.6095337171263,,24,CASTELLI 24,,,,
-58.4046661180731,-34.6094883879719,,26,CASTELLI 26,,,,
-58.4046695469185,-34.609443057915,,28,CASTELLI 28,,,,
-58.4047253339341,-34.6066357607189,CASTELLI,294,CASTELLI 294,Balvanera,Comuna 3,1032,C1032AAB
-58.4046381373139,-34.6057825342122,CASTELLI,342,CASTELLI 342,Balvanera,Comuna 3,1032,C1032AAD
-58.4045172272981,-34.6054594250353,CASTELLI,357,CASTELLI 357,Balvanera,Comuna 3,1032,C1032AAC
-58.4336750567073,-34.5961724897522,CASTILLO,418,CASTILLO 418,Villa Crespo,Comuna 15,1414,C1414AWJ
-58.3996951256144,-34.6325819034213,"CASTILLO, CATULO",2568,"CASTILLO, CATULO 2568",Parque Patricios,Comuna 4,1261,C1261ACF
-58.4004591290561,-34.6328214799944,"CASTILLO, CATULO",2616,"CASTILLO, CATULO 2616",Parque Patricios,Comuna 4,1261,C1261ACH
-58.4208724992575,-34.6117790969772,,22,CASTRO BARROS AV. 22,,,,
-58.4050370507464,-34.6194023916227,CATAMARCA,809,CATAMARCA 809,San Cristobal,Comuna 3,1231,C1231AAG
-58.3828777782207,-34.5945707680767,CERRITO,1176,CERRITO 1176,Retiro,Comuna 1,1010,C1010AAX
-58.3829392105996,-34.593201334212,CERRITO,1274,CERRITO 1274,Retiro,Comuna 1,1010,C1010AAZ
-58.3820915596087,-34.6069054510395,CERRITO,134,CERRITO 134,San Nicolas,Comuna 1,1010,C1010AAD
-58.3821179549812,-34.6063338237154,CERRITO,180,CERRITO 180,San Nicolas,Comuna 1,1010,C1010AAD
-58.3820523851076,-34.6077870855296,,80,CERRITO 80,,,,
-58.5088489005906,-34.6221492688132,CERVANTES,1888,CERVANTES 1888,Monte Castro,Comuna 10,1407,C1407BHH
-58.4972501355868,-34.6310756862599,CERVANTES,690,CERVANTES 690,Velez Sarsfield,Comuna 10,1407,C1407BGJ
-58.4054073057817,-34.5814276377712,CERVIÑO AV.,3215,CERVIÑO AV. 3215,Palermo,Comuna 14,1425,C1425AGB
-58.4065052609804,-34.5810319367268,CERVIÑO AV.,3321,CERVIÑO AV. 3321,Palermo,Comuna 14,1425,C1425AGC
-58.4073904768272,-34.5807117734716,CERVIÑO AV.,3405,CERVIÑO AV. 3405,Palermo,Comuna 14,1425,C1425AGD
-58.40862109941,-34.5802639449141,CERVIÑO AV.,3515,CERVIÑO AV. 3515,Palermo,Comuna 14,1425,C1425AGE
-58.410245620046,-34.5796741049951,CERVIÑO AV.,3611,CERVIÑO AV. 3611,Palermo,Comuna 14,1425,C1425AGF
-58.4123698770433,-34.5792217623341,CERVIÑO AV.,3798,CERVIÑO AV. 3798,Palermo,Comuna 14,1425,C1425AGT
-58.4132080273869,-34.5789162327274,CERVIÑO AV.,3892,CERVIÑO AV. 3892,Palermo,Comuna 14,1425,C1425AGU
-58.4134878797573,-34.5785890867151,CERVIÑO AV.,3919,CERVIÑO AV. 3919,Palermo,Comuna 14,1425,C1425AGI
-58.4087367853773,-34.5803296556251,CERVIÑO AV.,3518,CERVIÑO AV. 3518,Palermo,Comuna 14,1425,C1425AGR
-58.4102706147056,-34.5796650300611,CERVIÑO AV.,3615,CERVIÑO AV. 3615,Palermo,Comuna 14,1425,C1425AGF
-58.4477863690017,-34.5680428207099,CESPEDES,2366,CESPEDES 2366,Palermo,Comuna 14,1426,C1426DUF
-58.4484592239524,-34.5686422096235,CESPEDES,2417,CESPEDES 2417,Colegiales,Comuna 13,1426,C1426DUG
-58.4485163624487,-34.5687132873092,CESPEDES,2421,CESPEDES 2421,Colegiales,Comuna 13,1426,C1426DUG
-58.3890854659908,-34.6101981972547,"CEVALLOS, VIRREY",105,"CEVALLOS, VIRREY 105",Monserrat,Comuna 1,1077,C1077AAC
-58.3883348492669,-34.6272593902386,"CEVALLOS, VIRREY",1601,"CEVALLOS, VIRREY 1601",Constitucion,Comuna 1,1135,C1135AAI
-58.3881282483528,-34.6289699664821,"CEVALLOS, VIRREY",1709,"CEVALLOS, VIRREY 1709",Constitucion,Comuna 1,1135,C1135AAK
-58.3888769653394,-34.618777195122,"CEVALLOS, VIRREY",900,"CEVALLOS, VIRREY 900",Constitucion,Comuna 1,1077,C1077AAR
-58.3764029978824,-34.6088198574295,,53,CHACABUCO 53,,,,
-58.3758822862916,-34.6186342770104,CHACABUCO,901,CHACABUCO 901,San Telmo,Comuna 1,1069,C1069AAS
-58.41603768961,-34.588883341545,CHARCAS,3615,CHARCAS 3615,Palermo,Comuna 14,1425,C1425BMW
-58.4180671078597,-34.5873875456138,CHARCAS,3821,CHARCAS 3821,Palermo,Comuna 14,1425,C1425BNA
-58.4224894751838,-34.5840950052029,CHARCAS,4257,CHARCAS 4257,Palermo,Comuna 14,1425,C1425BNI
-58.428321496926,-34.5798578438297,CHARCAS,4910,CHARCAS 4910,Palermo,Comuna 14,1425,C1425BOB
-58.4519237482065,-34.5826571054201,CHARLONE,590,CHARLONE 590,Chacarita,Comuna 15,1427,C1427BXL
-58.4736692453788,-34.6840961521198,"CHILAVERT, MARTINIANO, CORONEL",6121,"CHILAVERT, MARTINIANO, CORONEL 6121",Villa Riachuelo,Comuna 8,1439,C1439CLS
-58.4743695035568,-34.6847253123655,"CHILAVERT, MARTINIANO, CORONEL",6207,"CHILAVERT, MARTINIANO, CORONEL 6207",Villa Riachuelo,Comuna 8,1439,C1439CLU
-58.474463729494,-34.6848104503567,"CHILAVERT, MARTINIANO, CORONEL",6217,"CHILAVERT, MARTINIANO, CORONEL 6217",Villa Riachuelo,Comuna 8,1439,C1439CLU
-58.4751456049846,-34.6854301215486,"CHILAVERT, MARTINIANO, CORONEL",6309,"CHILAVERT, MARTINIANO, CORONEL 6309",Villa Riachuelo,Comuna 8,1439,C1439CLW
-58.4752539572673,-34.6855280071263,"CHILAVERT, MARTINIANO, CORONEL",6331,"CHILAVERT, MARTINIANO, CORONEL 6331",Villa Riachuelo,Comuna 8,1439,C1439CLW
-58.4759156593789,-34.6861247965401,"CHILAVERT, MARTINIANO, CORONEL",6409,"CHILAVERT, MARTINIANO, CORONEL 6409",Villa Riachuelo,Comuna 8,1439,C1439CLY
-58.4766730311907,-34.6868225677882,"CHILAVERT, MARTINIANO, CORONEL",6509,"CHILAVERT, MARTINIANO, CORONEL 6509",Villa Riachuelo,Comuna 8,1439,C1439CMA
-58.4767373712889,-34.6868806883075,"CHILAVERT, MARTINIANO, CORONEL",6515,"CHILAVERT, MARTINIANO, CORONEL 6515",Villa Riachuelo,Comuna 8,1439,C1439CMA
-58.4774995834907,-34.6875692892047,"CHILAVERT, MARTINIANO, CORONEL",6621,"CHILAVERT, MARTINIANO, CORONEL 6621",Villa Riachuelo,Comuna 8,1439,C1439CMC
-58.4782187278737,-34.6882192402251,"CHILAVERT, MARTINIANO, CORONEL",6715,"CHILAVERT, MARTINIANO, CORONEL 6715",Villa Riachuelo,Comuna 8,1439,C1439CME
-58.4782281840247,-34.6882277751116,"CHILAVERT, MARTINIANO, CORONEL",6719,"CHILAVERT, MARTINIANO, CORONEL 6719",Villa Riachuelo,Comuna 8,1439,C1439CME
-58.4790360622595,-34.6889330627409,"CHILAVERT, MARTINIANO, CORONEL",6823,"CHILAVERT, MARTINIANO, CORONEL 6823",Villa Riachuelo,Comuna 8,1439,C1439CMG
-58.3715516487872,-34.6160288707918,CHILE AV.,390,CHILE AV. 390,San Telmo,Comuna 1,1098,C1098AAH
-58.3729613151009,-34.6160539545733,CHILE,492,CHILE 492,San Telmo,Comuna 1,1098,C1098AAJ
-58.3743063351697,-34.6161052594386,CHILE,594,CHILE 594,San Telmo,Comuna 1,1098,C1098AAL
-58.3758421573742,-34.616240576205,CHILE,692,CHILE 692,San Telmo,Comuna 1,1098,C1098AAN
-58.3758671837109,-34.6161827395852,CHILE,699,CHILE 699,Monserrat,Comuna 1,1098,C1098AAM
-58.377407450001,-34.616291281458,CHILE,800,CHILE 800,San Telmo,Comuna 1,1098,C1098AAP
-58.3786803658183,-34.6163809818727,CHILE,890,CHILE 890,Monserrat,Comuna 1,1098,C1098AAR
-58.38007464534,-34.6164446563719,CHILE,990,CHILE 990,Monserrat,Comuna 1,1098,C1098AAT
-58.3705118257662,-34.6159484490246,CHILE AV.,308,CHILE AV. 308,San Telmo,Comuna 1,1098,C1098AAH
-58.4818120048855,-34.6336629162831,,10,CHIVILCOY 10,,,,
-58.485313394745,-34.6260221425096,CHIVILCOY,786,CHIVILCOY 786,Floresta,Comuna 10,1407,C1407AEN
-58.4857871266432,-34.6253636786384,CHIVILCOY,890,CHIVILCOY 890,Floresta,Comuna 10,1407,C1407AEP
-58.4694728437,-34.5824544949624,CHORROARIN AV.,1227,CHORROARIN AV. 1227,Villa Ortuzar,Comuna 15,1427,C1427CXJ
-58.4696146834199,-34.5813129322388,CHORROARIN AV.,1310,CHORROARIN AV. 1310,Villa Ortuzar,Comuna 15,1427,C1427CXX
-58.4694522758954,-34.5803016434828,CHORROARIN AV.,1413,CHORROARIN AV. 1413,Villa Ortuzar,Comuna 15,1427,C1427CXL
-58.4698421514601,-34.5789432394818,CHORROARIN AV.,1498,CHORROARIN AV. 1498,Villa Ortuzar,Comuna 15,1427,C1427CXY
-58.3971188170811,-34.6409290435398,"CHUTRO, PEDRO, PROF., DR.",2605,"CHUTRO, PEDRO, PROF., DR. 2605",Parque Patricios,Comuna 4,1437,C1437IYA
-58.4455031962686,-34.5718795801537,CIUDAD DE LA PAZ,666,CIUDAD DE LA PAZ 666,Colegiales,Comuna 13,1426,C1426AGL
-58.4161813139695,-34.6269218392034,COCHABAMBA,3611,COCHABAMBA 3611,Boedo,Comuna 5,1252,C1252ABK
-58.4015431749554,-34.6250996386695,COCHABAMBA,2577,COCHABAMBA 2577,San Cristobal,Comuna 3,1252,C1252AAO
-58.4015775647554,-34.6251065816631,COCHABAMBA,2579,COCHABAMBA 2579,San Cristobal,Comuna 3,1252,C1252AAO
-58.4021813844682,-34.6252174839006,COCHABAMBA,2615,COCHABAMBA 2615,San Cristobal,Comuna 3,1252,C1252AAQ
-58.4021813844682,-34.6252174839006,COCHABAMBA,2619,COCHABAMBA 2619,San Cristobal,Comuna 3,1252,C1252AAQ
-58.4161045482113,-34.6269133147428,COCHABAMBA,3601,COCHABAMBA 3601,Boedo,Comuna 5,1252,C1252ABK
-58.3714499377032,-34.6230295207639,COCHABAMBA,411,COCHABAMBA 411,San Telmo,Comuna 1,1150,C1150AAE
-58.3714499377032,-34.6230295207639,COCHABAMBA,411,COCHABAMBA 411,San Telmo,Comuna 1,1150,C1150AAE
-58.3715282751514,-34.6230950688963,COCHABAMBA,420,COCHABAMBA 420,San Telmo,Comuna 1,1150,C1150AAF
-58.3728668927164,-34.6231046221028,COCHABAMBA,505,COCHABAMBA 505,San Telmo,Comuna 1,1150,C1150AAG
-58.3743201494321,-34.6232331967479,COCHABAMBA,605,COCHABAMBA 605,San Telmo,Comuna 1,1150,C1150AAI
-58.3743201494321,-34.6232331967479,COCHABAMBA,609,COCHABAMBA 609,San Telmo,Comuna 1,1150,C1150AAI
-58.3743184191232,-34.6232339923665,COCHABAMBA,611,COCHABAMBA 611,San Telmo,Comuna 1,1150,C1150AAI
-58.3757158587413,-34.6233604050703,COCHABAMBA,705,COCHABAMBA 705,San Telmo,Comuna 1,1150,C1150AAK
-58.3757158587413,-34.6233604050703,COCHABAMBA,705,COCHABAMBA 705,San Telmo,Comuna 1,1150,C1150AAK
-58.3788936338293,-34.6236078499794,COCHABAMBA,905,COCHABAMBA 905,Constitucion,Comuna 1,1150,C1150AAO
-58.4161846018243,-34.6556845437677,"COLMO, ALFREDO",3996,"COLMO, ALFREDO 3996",Nueva Pompeya,Comuna 4,1437,C1437HRF
-58.4403385239152,-34.6196143261512,,31,COLPAYO 31,,,,
-58.3922024446716,-34.6273614139049,COMBATE DE LOS POZOS,1601,COMBATE DE LOS POZOS 1601,Parque Patricios,Comuna 4,1245,C1245AAI
-58.4757298623595,-34.6320828436116,,7,CONCORDIA 7,,,,
-58.4809610666408,-34.6218580384187,CONCORDIA,1029,CONCORDIA 1029,Villa Santa Rita,Comuna 11,1407,C1407DIS
-58.5085159627381,-34.5929302418952,CONCORDIA,4475,CONCORDIA 4475,Villa Devoto,Comuna 11,1419,C1419AOG
-58.5096185323561,-34.5918362199091,CONCORDIA,4612,CONCORDIA 4612,Villa Devoto,Comuna 11,1419,C1419AOL
-58.4796294081746,-34.6229205167767,CONCORDIA,915,CONCORDIA 915,Villa Santa Rita,Comuna 11,1407,C1407DIQ
-58.471513085241,-34.6195378618672,CONDARCO,1082,CONDARCO 1082,Flores,Comuna 7,1406,C1406AFT
-58.4715225004368,-34.6195146878653,CONDARCO,1084,CONDARCO 1084,Flores,Comuna 7,1406,C1406AFT
-58.4738626030735,-34.6164088827147,CONDARCO,1380,CONDARCO 1380,Villa Santa Rita,Comuna 11,1416,C1416AQF
-58.4893555529208,-34.5976206349088,CONDARCO,3212,CONDARCO 3212,Villa Del Parque,Comuna 11,1417,C1417CZH
-58.4491387100036,-34.5781738786618,CONDE,674,CONDE 674,Colegiales,Comuna 13,1426,C1426AYN
-58.4503815708648,-34.5775724690089,CONDE,790,CONDE 790,Colegiales,Comuna 13,1426,C1426AYP
-58.4481131657252,-34.5747075589252,CONESA,728,CONESA 728,Colegiales,Comuna 13,1426,C1426AQP
-58.4623250921834,-34.555428733061,CONGRESO,2398,CONGRESO 2398,Belgrano,Comuna 13,1428,C1428BVJ
-58.4631280308322,-34.555670795539,CONGRESO AV.,2433,CONGRESO AV. 2433,Nu\u00f1ez,Comuna 13,1428,C1428BVK
-58.463184621268,-34.5558702383377,CONGRESO AV.,2480,CONGRESO AV. 2480,Belgrano,Comuna 13,1428,C1428BVL
-58.3995959931966,-34.6261205650538,CONSTITUCION,2480,CONSTITUCION 2480,San Cristobal,Comuna 3,1254,C1254AAN
-58.4012868736752,-34.6263930199144,CONSTITUCION,2582,CONSTITUCION 2582,San Cristobal,Comuna 3,1254,C1254AAP
-58.4018817929173,-34.6264860039379,CONSTITUCION,2620,CONSTITUCION 2620,San Cristobal,Comuna 3,1254,C1254AAR
-58.4461967247812,-34.58380649709,CORDOBA AV.,6091,CORDOBA AV. 6091,Chacarita,Comuna 15,1427,C1427BZA
-58.4273567179349,-34.5960704394828,CORDOBA AV.,4318,CORDOBA AV. 4318,Villa Crespo,Comuna 15,1414,C1414BAO
-58.4285301879318,-34.5953552528612,CORDOBA AV.,4420,CORDOBA AV. 4420,Villa Crespo,Comuna 15,1414,C1414BAP
-58.429549823158,-34.5947319919851,CORDOBA AV.,4540,CORDOBA AV. 4540,Villa Crespo,Comuna 15,1414,C1414BAQ
-58.4304677045861,-34.5941582435475,CORDOBA AV.,4618,CORDOBA AV. 4618,Villa Crespo,Comuna 15,1414,C1414BAR
-58.4316439849618,-34.5933718936415,CORDOBA AV.,4716,CORDOBA AV. 4716,Villa Crespo,Comuna 15,1414,C1414BAS
-58.432707057304,-34.5926638111613,CORDOBA AV.,4820,CORDOBA AV. 4820,Villa Crespo,Comuna 15,1414,C1414BAT
-58.4338106374508,-34.59192736589,CORDOBA AV.,4920,CORDOBA AV. 4920,Villa Crespo,Comuna 15,1414,C1414BAU
-58.4347267909489,-34.5913211751022,CORDOBA AV.,5022,CORDOBA AV. 5022,Villa Crespo,Comuna 15,1414,C1414BAV
-58.4356420005457,-34.5907107106274,CORDOBA AV.,5112,CORDOBA AV. 5112,Villa Crespo,Comuna 15,1414,C1414BAW
-58.4365461479324,-34.590111740187,CORDOBA AV.,5212,CORDOBA AV. 5212,Villa Crespo,Comuna 15,1414,C1414BAX
-58.47176750957,-34.5436093219685,CORREA,2399,CORREA 2399,Nu\u00f1ez,Comuna 13,1429,C1429DRK
-58.4724756605101,-34.5438795990635,CORREA,2435,CORREA 2435,Saavedra,Comuna 12,1429,C1429DRM
-58.3765519658903,-34.6033155628264,CORRIENTES AV.,699,CORRIENTES AV. 699,San Nicolas,Comuna 1,1043,C1043AAG
-58.3778421369681,-34.6033955053606,CORRIENTES AV.,787,CORRIENTES AV. 787,San Nicolas,Comuna 1,1043,C1043AAH
-58.379251749543,-34.6036475697553,CORRIENTES AV.,880,CORRIENTES AV. 880,San Nicolas,Comuna 1,1043,C1043AAV
-58.3722260207848,-34.6030474430377,CORRIENTES AV.,375,CORRIENTES AV. 375,San Nicolas,Comuna 1,1043,C1043AAD
-58.3736003551055,-34.6031316015707,CORRIENTES AV.,485,CORRIENTES AV. 485,San Nicolas,Comuna 1,1043,C1043AAE
-58.3764747739391,-34.6033108307183,CORRIENTES AV.,687,CORRIENTES AV. 687,San Nicolas,Comuna 1,1043,C1043AAG
-58.3776536055433,-34.6033839600379,CORRIENTES AV.,777,CORRIENTES AV. 777,San Nicolas,Comuna 1,1043,C1043AAH
-58.3792755423886,-34.6034793904417,CORRIENTES AV.,893,CORRIENTES AV. 893,San Nicolas,Comuna 1,1043,C1043AAI
-58.5064010032179,-34.6346422134234,CORTINA,432,CORTINA 432,Villa Luro,Comuna 10,1407,C1407BYH
-58.5106415182548,-34.6577156812869,COSQUIN,1892,COSQUIN 1892,Mataderos,Comuna 9,1440,C1440ELJ
-58.4747547384331,-34.6866920341357,COSQUIN,4886,COSQUIN 4886,Villa Riachuelo,Comuna 8,1439,C1439GRL
-58.3647010929986,-34.6006162225042,"COSSETTINI, OLGA",240,"COSSETTINI, OLGA 240",Puerto Madero,Comuna 1,1107,C1107CCF
-58.4331680383842,-34.5837760635915,COSTA RICA,5425,COSTA RICA 5425,Palermo,Comuna 14,1414,C1414BTA
-58.4467499548397,-34.5737858393277,CRAMER,674,CRAMER 674,Colegiales,Comuna 13,1426,C1426ANN
-58.4620164223711,-34.6072766466238,"CRUZ, JUANA INES DE LA, SOR",1686,"CRUZ, JUANA INES DE LA, SOR 1686",Caballito,Comuna 6,1416,C1416BWH
-58.4603018604874,-34.5545754663366,CUBA,2784,CUBA 2784,Belgrano,Comuna 13,1428,C1428AET
-58.5070616224031,-34.5928739089462,"CUBAS, JOSE",3424,"CUBAS, JOSE 3424",Villa Devoto,Comuna 11,1419,C1419GNB
-58.5077106337068,-34.5931536381486,"CUBAS, JOSE",3469,"CUBAS, JOSE 3469",Villa Devoto,Comuna 11,1419,C1419GNA
-58.5077963647291,-34.5932066186119,"CUBAS, JOSE",3475,"CUBAS, JOSE 3475",Villa Devoto,Comuna 11,1419,C1419GNA
-58.4496631638746,-34.6097613089804,CUCHA CUCHA,1087,CUCHA CUCHA 1087,Caballito,Comuna 6,1405,C1405AIK
-58.4557169721996,-34.6030908143636,CUCHA CUCHA,1770,CUCHA CUCHA 1770,Villa Crespo,Comuna 15,1416,C1416CJN
-58.4792080751127,-34.6210527489865,CUENCA,1050,CUENCA 1050,Villa Santa Rita,Comuna 11,1416,C1416BCD
-58.4745497250182,-34.6295708960534,CUENCA,190,CUENCA 190,Floresta,Comuna 10,1406,C1406ARB
-58.4883425082849,-34.6096334290072,CUENCA,2232,CUENCA 2232,Villa Del Parque,Comuna 11,1417,C1417AAB
-58.4887556008568,-34.6091697012287,CUENCA,2284,CUENCA 2284,Villa Del Parque,Comuna 11,1417,C1417AAB
-58.4896254851573,-34.6080648784764,CUENCA,2379,CUENCA 2379,Villa Del Parque,Comuna 11,1417,C1417AAC
-58.4905494274856,-34.6071566622199,CUENCA,2482,CUENCA 2482,Villa Del Parque,Comuna 11,1417,C1417AAF
-58.4915491248288,-34.6059122362381,CUENCA,2581,CUENCA 2581,Villa Del Parque,Comuna 11,1417,C1417AAG
-58.4924159211499,-34.604933906662,CUENCA,2679,CUENCA 2679,Villa Del Parque,Comuna 11,1417,C1417AAI
-58.4931401967635,-34.6041111304658,CUENCA,2779,CUENCA 2779,Villa Del Parque,Comuna 11,1417,C1417AAK
-58.493973810838,-34.6032147677867,CUENCA,2870,CUENCA 2870,Villa Del Parque,Comuna 11,1417,C1417AAN
-58.494556460634,-34.6024371201541,CUENCA,2990,CUENCA 2990,Villa Del Parque,Comuna 11,1417,C1417AAP
-58.4964830036658,-34.59986884758,CUENCA,3284,CUENCA 3284,Villa Del Parque,Comuna 11,1417,C1417ABD
-58.4972575521128,-34.5988365054256,CUENCA,3384,CUENCA 3384,Villa Del Parque,Comuna 11,1417,C1417ABF
-58.4980710576149,-34.5977532063399,CUENCA,3484,CUENCA 3484,Villa Del Parque,Comuna 11,1417,C1417ABH
-58.4988079281757,-34.5968984078029,CUENCA,3590,CUENCA 3590,Villa Devoto,Comuna 11,1419,C1419AAB
-58.4993533472343,-34.5962539060299,CUENCA,3682,CUENCA 3682,Villa Devoto,Comuna 11,1419,C1419AAD
-58.499867406828,-34.5955822940827,CUENCA,3737,CUENCA 3737,Agronomia,Comuna 15,1419,C1419AAE
-58.500181736129,-34.5953574464112,CUENCA,3790,CUENCA 3790,Agronomia,Comuna 15,1419,C1419AAF
-58.4759735014599,-34.626458896192,CUENCA,488,CUENCA 488,Floresta,Comuna 10,1406,C1406ARH
-58.4764933866436,-34.6253229530303,CUENCA,600,CUENCA 600,Floresta,Comuna 10,1406,C1406ARJ
-58.4768658045829,-34.6245045026021,CUENCA,676,CUENCA 676,Floresta,Comuna 10,1406,C1406ARL
-58.4773125972851,-34.6235331371662,CUENCA,770,CUENCA 770,Floresta,Comuna 10,1406,C1406ARN
-58.4777411999323,-34.6226233693599,CUENCA,898,CUENCA 898,Floresta,Comuna 10,1406,C1406ARP
-58.4539353025442,-34.6258697370551,,21,CURAPALIGUE 21,,,,
-58.4107888928892,-34.6298989871513,DANEL,1598,DANEL 1598,San Cristobal,Comuna 3,1242,C1242ADD
-58.5009231664614,-34.637852142399,,11,DANTE 11,,,,
-58.4238173181965,-34.5800328554343,DARREGUEYRA,2490,DARREGUEYRA 2490,Palermo,Comuna 14,1425,C1425FLR
-58.4237449887015,-34.5799483831159,DARREGUEYRA,2498,DARREGUEYRA 2498,Palermo,Comuna 14,1425,C1425FLR
-58.4452328982756,-34.5942194573689,DARWIN,597,DARWIN 597,Villa Crespo,Comuna 15,1414,C1414CUK
-58.4452012317233,-34.5940676145282,DARWIN,600,DARWIN 600,Villa Crespo,Comuna 15,1414,C1414CUL
-58.4726224440741,-34.6846294134711,"DE LA TORRE, LISANDRO",4767,"DE LA TORRE, LISANDRO 4767",Villa Riachuelo,Comuna 8,1439,C1439GFI
-58.3823121510568,-34.6091914142675,DE MAYO AV.,1108,DE MAYO AV. 1108,Monserrat,Comuna 1,1085,C1085ABO
-58.3835655430107,-34.609121152306,DE MAYO AV.,1211,DE MAYO AV. 1211,Monserrat,Comuna 1,1085,C1085ABC
-58.3851499731391,-34.6093875143568,DE MAYO AV.,1308,DE MAYO AV. 1308,Monserrat,Comuna 1,1085,C1085ABQ
-58.3867283116554,-34.6094952839989,DE MAYO AV.,1408,DE MAYO AV. 1408,Monserrat,Comuna 1,1085,C1085ABR
-58.3743365676715,-34.6086460281532,DE MAYO AV.,560,DE MAYO AV. 560,Monserrat,Comuna 1,1084,C1084AAN
-58.3744011242708,-34.6084876790222,DE MAYO AV.,575,DE MAYO AV. 575,Monserrat,Comuna 1,1084,C1084AAA
-58.3750494049337,-34.6086914115814,DE MAYO AV.,602,DE MAYO AV. 602,Monserrat,Comuna 1,1084,C1084AAO
-58.3752430459183,-34.6086999898334,DE MAYO AV.,620,DE MAYO AV. 620,Monserrat,Comuna 1,1084,C1084AAO
-58.3778067696293,-34.6088022689537,DE MAYO AV.,801,DE MAYO AV. 801,Monserrat,Comuna 1,1084,C1084AAD
-58.378072260401,-34.6088984343622,DE MAYO AV.,802,DE MAYO AV. 802,Monserrat,Comuna 1,1084,C1084AAQ
-58.379177123925,-34.6088980599056,DE MAYO AV.,899,DE MAYO AV. 899,Monserrat,Comuna 1,1084,C1084AAD
-58.3794009957194,-34.6089939892972,DE MAYO AV.,910,DE MAYO AV. 910,Monserrat,Comuna 1,1084,C1084AAR
-58.3794009957194,-34.6089939892972,DE MAYO AV.,916,DE MAYO AV. 916,Monserrat,Comuna 1,1084,C1084AAR
-58.3804329549874,-34.6089042713147,DE MAYO AV.,981,DE MAYO AV. 981,Monserrat,Comuna 1,1084,C1084AAE
-58.3802996572449,-34.6090557073442,DE MAYO AV.,984,DE MAYO AV. 984,Monserrat,Comuna 1,1084,C1084AAR
-58.4058367667702,-34.6244728744641,DEAN FUNES,1211,DEAN FUNES 1211,San Cristobal,Comuna 3,1244,C1244AAA
-58.3715111056413,-34.6200937063143,DEFENSA,1051,DEFENSA 1051,San Telmo,Comuna 1,1065,C1065AAS
-58.3713946900224,-34.6205532524731,DEFENSA,1092,DEFENSA 1092,San Telmo,Comuna 1,1065,C1065AAT
-58.3713182110636,-34.6215470692092,DEFENSA,1180,DEFENSA 1180,San Telmo,Comuna 1,1065,C1065AAV
-58.3712526587712,-34.6227505876273,DEFENSA,1284,DEFENSA 1284,San Telmo,Comuna 1,1143,C1143AAB
-58.3712526587712,-34.6227505876273,DEFENSA,1284,DEFENSA 1284,San Telmo,Comuna 1,1143,C1143AAB
-58.3710929572579,-34.625086965416,DEFENSA,1470,DEFENSA 1470,San Telmo,Comuna 1,1143,C1143AAF
-58.3710891204857,-34.6251379848773,DEFENSA,1490,DEFENSA 1490,San Telmo,Comuna 1,1143,C1143AAF
-58.3720206874655,-34.6100623212125,DEFENSA,190,DEFENSA 190,Monserrat,Comuna 1,1065,C1065AAB
-58.3719711167899,-34.612327102484,DEFENSA,395,DEFENSA 395,Monserrat,Comuna 1,1065,C1065AAE
-58.3716711053577,-34.6161580182806,DEFENSA,710,DEFENSA 710,San Telmo,Comuna 1,1065,C1065AAN
-58.3716190849233,-34.6175487005355,DEFENSA,820,DEFENSA 820,San Telmo,Comuna 1,1065,C1065AAP
-58.3714990931133,-34.6192737964619,DEFENSA,978,DEFENSA 978,San Telmo,Comuna 1,1065,C1065AAR
-58.4733910598654,-34.5413737711538,DEHEZA,2380,DEHEZA 2380,Nu\u00f1ez,Comuna 13,1429,C1429EAN
-58.4738922867751,-34.5415965344453,DEHEZA,2402,DEHEZA 2402,Saavedra,Comuna 12,1429,C1429EAP
-58.3899663612196,-34.6005266760688,DEL CARMEN,705,DEL CARMEN 705,San Nicolas,Comuna 1,1019,C1019AAA
-58.4503836758882,-34.5800074104817,DELGADO,588,DELGADO 588,Colegiales,Comuna 13,1426,C1426BDF
-58.5182826163948,-34.6094175375049,DESAGUADERO,3525,DESAGUADERO 3525,Villa Devoto,Comuna 11,1419,C1419BXA
-58.4788220395997,-34.6142631551741,"DIAZ, CESAR, GRAL.",2885,"DIAZ, CESAR, GRAL. 2885",Villa Santa Rita,Comuna 11,1416,C1416DWC
-58.4105484279841,-34.5894814614531,"DIAZ, CNEL. AV.",1870,"DIAZ, CNEL. AV. 1870",Palermo,Comuna 14,1425,C1425DQR
-58.4057576750502,-34.5824761729685,"DIAZ, CNEL. AV.",2596,"DIAZ, CNEL. AV. 2596",Palermo,Comuna 14,1425,C1425DQY
-58.4053430179655,-34.5816679158422,"DIAZ, CNEL. AV.",2690,"DIAZ, CNEL. AV. 2690",Palermo,Comuna 14,1425,C1425DQZ
-58.4106375168227,-34.5895851827286,"DIAZ, CNEL. AV.",1860,"DIAZ, CNEL. AV. 1860",Palermo,Comuna 14,1425,C1425DQR
-58.4642054084362,-34.6026514993483,"DICKMAN, ADOLFO, DR.",1476,"DICKMAN, ADOLFO, DR. 1476",Paternal,Comuna 15,1416,C1416EHL
-58.4642203472927,-34.6026994315717,"DICKMAN, ADOLFO, DR.",1480,"DICKMAN, ADOLFO, DR. 1480",Paternal,Comuna 15,1416,C1416EHL
-58.4766122656657,-34.6327450746374,,8,DOLORES 8,,,,
-58.4709161605068,-34.582916901101,DONADO,1086,DONADO 1086,Villa Ortuzar,Comuna 15,1427,C1427CZF
-58.4709162002869,-34.5827906211969,DONADO,1094,DONADO 1094,Villa Ortuzar,Comuna 15,1427,C1427CZF
-58.4950763766349,-34.6445196931582,DONIZETTI,596,DONIZETTI 596,Villa Luro,Comuna 10,1407,C1407IEL
-58.4384814792271,-34.6002572619594,"DRAGO, LUIS MARIA",462,"DRAGO, LUIS MARIA 462",Villa Crespo,Comuna 15,1414,C1414AIJ
-58.4385747450035,-34.6001570408793,"DRAGO, LUIS MARIA",484,"DRAGO, LUIS MARIA 484",Villa Crespo,Comuna 15,1414,C1414AIJ
-58.4388643815506,-34.5737054621664,"DUMONT, SANTOS",2437,"DUMONT, SANTOS 2437",Palermo,Comuna 14,1426,C1426DCC
-58.5087209509768,-34.6386187257249,,13,DUPUY 13,,,,
-58.4169871619153,-34.6568686439162,ECHAURI,1523,ECHAURI 1523,Nueva Pompeya,Comuna 4,1437,C1437FWA
-58.4556137482047,-34.5627703591548,ECHEVERRIA,2387,ECHEVERRIA 2387,Belgrano,Comuna 13,1428,C1428DRO
-58.4556512374647,-34.5627923765008,ECHEVERRIA,2391,ECHEVERRIA 2391,Belgrano,Comuna 13,1428,C1428DRO
-58.4561479474228,-34.563196337828,ECHEVERRIA,2420,ECHEVERRIA 2420,Belgrano,Comuna 13,1428,C1428DRR
-58.4561985462806,-34.5632260685003,ECHEVERRIA,2424,ECHEVERRIA 2424,Belgrano,Comuna 13,1428,C1428DRR
-58.4808661993043,-34.5787788257376,ECHEVERRIA,5035,ECHEVERRIA 5035,Villa Urquiza,Comuna 12,1431,C1431CMK
-58.4028626069158,-34.5921767255248,ECUADOR,1600,ECUADOR 1600,Recoleta,Comuna 2,1425,C1425EUJ
-58.4083359886058,-34.6054976288735,ECUADOR,392,ECUADOR 392,Balvanera,Comuna 3,1214,C1214ACD
-58.4079723637452,-34.604594858626,ECUADOR,488,ECUADOR 488,Balvanera,Comuna 3,1214,C1214ACF
-58.4075037134712,-34.6031564819753,ECUADOR,594,ECUADOR 594,Balvanera,Comuna 3,1214,C1214ACH
-58.4210625703023,-34.5928259799201,EL SALVADOR,4110,EL SALVADOR 4110,Palermo,Comuna 14,1175,C1175ACH
-58.4235834935256,-34.5920448203032,EL SALVADOR,4318,EL SALVADOR 4318,Palermo,Comuna 14,1414,C1414BPD
-58.4341469666834,-34.584476843954,EL SALVADOR,5454,EL SALVADOR 5454,Palermo,Comuna 14,1414,C1414BQB
-58.4600060786876,-34.5746402523082,ELCANO AV.,3335,ELCANO AV. 3335,Colegiales,Comuna 13,1426,C1426EJE
-58.4601052874533,-34.5777966848225,ELCANO AV.,3581,ELCANO AV. 3581,Colegiales,Comuna 13,1426,C1426EJG
-58.4606123504192,-34.581614953057,ELCANO AV.,3885,ELCANO AV. 3885,Villa Ortuzar,Comuna 15,1427,C1427CHC
-58.4585751335874,-34.5717727581769,ELCANO AV.,3076,ELCANO AV. 3076,Colegiales,Comuna 13,1426,C1426EJO
-58.4594767490176,-34.57298785668,ELCANO AV.,3183,ELCANO AV. 3183,Colegiales,Comuna 13,1426,C1426EJC
-58.459826844952,-34.5739226379576,ELCANO AV.,3283,ELCANO AV. 3283,Colegiales,Comuna 13,1426,C1426EJD
-58.4600063900064,-34.5746517421556,ELCANO AV.,3337,ELCANO AV. 3337,Colegiales,Comuna 13,1426,C1426EJE
-58.4599680056083,-34.5765093893297,ELCANO AV.,3485,ELCANO AV. 3485,Colegiales,Comuna 13,1426,C1426EJF
-58.4601170545241,-34.5778733395578,ELCANO AV.,3585,ELCANO AV. 3585,Colegiales,Comuna 13,1426,C1426EJG
-58.4606063760321,-34.5793774416289,ELCANO AV.,3675,ELCANO AV. 3675,Villa Ortuzar,Comuna 15,1427,C1427CHA
-58.4809122724182,-34.5991372139777,EMPEDRADO,2316,EMPEDRADO 2316,Villa Del Parque,Comuna 11,1417,C1417GIB
-58.4809278649182,-34.5991635265773,EMPEDRADO,2320,EMPEDRADO 2320,Villa Del Parque,Comuna 11,1417,C1417GIB
-58.478749077905,-34.6333626818513,,10,ENSENADA 10,,,,
-58.4785756144888,-34.6155620699336,"ESCALADA DE SAN MARTIN, R.",2927,"ESCALADA DE SAN MARTIN, R. 2927",Villa Santa Rita,Comuna 11,1416,C1416CWS
-58.413132786331,-34.6110237451885,,15,ESPARZA 15,,,,
-58.4524114207846,-34.6104113577809,ESPINOSA,1109,ESPINOSA 1109,Caballito,Comuna 6,1416,C1416CEA
-58.4576014696077,-34.6034401607533,ESPINOSA,1811,ESPINOSA 1811,Villa Crespo,Comuna 15,1416,C1416CEO
-58.4247402476658,-34.5969870904904,ESTADO DE PALESTINA,1143,ESTADO DE PALESTINA 1143,Palermo,Comuna 14,1182,C1182ADM
-58.4256518832715,-34.6024028715038,ESTADO DE PALESTINA,720,ESTADO DE PALESTINA 720,Almagro,Comuna 5,1182,C1182ADF
-58.4702863904809,-34.6188406830478,ESTADO PLURINACIONAL DE BOLIVIA,1088,ESTADO PLURINACIONAL DE BOLIVIA 1088,Flores,Comuna 7,1406,C1406ADT
-58.4876761140145,-34.597745721122,ESTADO PLURINACIONAL DE BOLIVIA,3168,ESTADO PLURINACIONAL DE BOLIVIA 3168,Villa Del Parque,Comuna 11,1417,C1417DDF
-58.3886203311027,-34.6188116404224,ESTADOS UNIDOS,1587,ESTADOS UNIDOS 1587,Constitucion,Comuna 1,1101,C1101ABE
-58.4028791232053,-34.6198435286451,ESTADOS UNIDOS,2674,ESTADOS UNIDOS 2674,San Cristobal,Comuna 3,1227,C1227ABR
-58.4034245346164,-34.6199158794251,ESTADOS UNIDOS,2712,ESTADOS UNIDOS 2712,San Cristobal,Comuna 3,1227,C1227ABT
-58.3714496093637,-34.618510696964,ESTADOS UNIDOS,390,ESTADOS UNIDOS 390,San Telmo,Comuna 1,1101,C1101AAH
-58.4271796975266,-34.6236078484234,ESTADOS UNIDOS,4376,ESTADOS UNIDOS 4376,Boedo,Comuna 5,1228,C1228ACB
-58.3728057672403,-34.6185367305091,ESTADOS UNIDOS,488,ESTADOS UNIDOS 488,San Telmo,Comuna 1,1101,C1101AAJ
-58.375633468721,-34.6185808750644,ESTADOS UNIDOS,690,ESTADOS UNIDOS 690,San Telmo,Comuna 1,1101,C1101AAN
-58.3770677513869,-34.6185169433456,ESTADOS UNIDOS,793,ESTADOS UNIDOS 793,San Telmo,Comuna 1,1101,C1101AAO
-58.4647087465495,-34.5785875499862,ESTOMBA,1300,ESTOMBA 1300,Villa Ortuzar,Comuna 15,1427,C1427CPD
-58.4649123510273,-34.5842361336454,ESTOMBA,770,ESTOMBA 770,Villa Ortuzar,Comuna 15,1427,C1427COR
-58.5151120970581,-34.5900757875235,"FAGNANO, JOSE AV.",3690,"FAGNANO, JOSE AV. 3690",Villa Devoto,Comuna 11,1419,C1419FAO
-58.5151430569306,-34.5901209302748,"FAGNANO, JOSE AV.",3692,"FAGNANO, JOSE AV. 3692",Villa Devoto,Comuna 11,1419,C1419FAO
-58.3899729120227,-34.6268220956698,FILIBERTO,1725,FILIBERTO 1725,Constitucion,Comuna 1,,
-58.3910696074455,-34.6270718022375,FILIBERTO,1800,FILIBERTO 1800,Constitucion,Comuna 1,1134,C1134ABB
-58.4289669919286,-34.5776550131575,FITZ ROY,2490,FITZ ROY 2490,Palermo,Comuna 14,1425,C1425FVH
-58.4288483926733,-34.5775512923666,FITZ ROY,2498,FITZ ROY 2498,Palermo,Comuna 14,1425,C1425FVH
-58.4376554673857,-34.6165045659026,"FLORES, VENANCIO, GRAL.",515,"FLORES, VENANCIO, GRAL. 515",Caballito,Comuna 6,1405,C1405CGK
-58.5015301529857,-34.6502706855014,FONROUGE,1276,FONROUGE 1276,Mataderos,Comuna 9,1440,C1440CYJ
-58.4862167328097,-34.6621834986123,FONROUGE,2654,FONROUGE 2654,Mataderos,Comuna 9,1440,C1440CZL
-58.4529639497066,-34.5861544581219,FOREST AV.,491,FOREST AV. 491,Chacarita,Comuna 15,1427,C1427CEB
-58.4519348991352,-34.58728144474,FOREST AV.,389,FOREST AV. 389,Chacarita,Comuna 15,1427,C1427CEA
-58.4528810552315,-34.5862457318071,FOREST AV.,481,FOREST AV. 481,Chacarita,Comuna 15,1427,C1427CEB
-58.4537806888163,-34.5853854274007,FOREST AV.,579,FOREST AV. 579,Chacarita,Comuna 15,1427,C1427CEC
-58.4546085331694,-34.5843516562953,FOREST AV.,679,FOREST AV. 679,Chacarita,Comuna 15,1427,C1427CED
-58.4602905676947,-34.5830058966723,FRAGA,1180,FRAGA 1180,Chacarita,Comuna 15,1427,C1427BTX
-58.46067228862,-34.5829828220982,FRAGA,1202,FRAGA 1202,Villa Ortuzar,Comuna 15,1427,C1427BTZ
-58.469257194689,-34.5827338521068,FRAGA,1886,FRAGA 1886,Villa Ortuzar,Comuna 15,1427,C1427BUL
-58.4536491499109,-34.5842089784639,FRAGA,717,FRAGA 717,Chacarita,Comuna 15,1427,C1427BTO
-58.459960215961,-34.6048162477862,FRAGATA PRES. SARMIENTO,1840,FRAGATA PRES. SARMIENTO 1840,Villa Gral. Mitre,Comuna 11,1416,C1416CBP
-58.4599041009009,-34.6046686317282,FRAGATA PRES. SARMIENTO,1849,FRAGATA PRES. SARMIENTO 1849,Villa Gral. Mitre,Comuna 11,1416,C1416CBO
-58.4549385230317,-34.6117985799374,FRAGATA PRES. SARMIENTO,1108,FRAGATA PRES. SARMIENTO 1108,Caballito,Comuna 6,1416,C1416CBB
-58.4601815969053,-34.604369643767,FRAGATA PRES. SARMIENTO,1892,FRAGATA PRES. SARMIENTO 1892,Villa Gral. Mitre,Comuna 11,1416,C1416CBP
-58.4599812380848,-34.603762069081,FRAGATA PRES. SARMIENTO,1916,FRAGATA PRES. SARMIENTO 1916,Paternal,Comuna 15,1416,C1416CBR
-58.459828035844,-34.6036772263133,FRAGATA PRES. SARMIENTO,1925,FRAGATA PRES. SARMIENTO 1925,Paternal,Comuna 15,1416,C1416CBQ
-58.4686914744889,-34.6179255376687,FRAY CAYETANO RODRIGUEZ,1182,FRAY CAYETANO RODRIGUEZ 1182,Flores,Comuna 7,1406,C1406AWT
-58.4246392429237,-34.579491773684,FRAY JUSTO SANTAMARIA DE ORO,2490,FRAY JUSTO SANTAMARIA DE ORO 2490,Palermo,Comuna 14,1425,C1425FOJ
-58.424543838316,-34.5793875736996,FRAY JUSTO SANTAMARIA DE ORO,2498,FRAY JUSTO SANTAMARIA DE ORO 2498,Palermo,Comuna 14,1425,C1425FOJ
-58.4579895363698,-34.6269384998702,,10,FRAY LUIS BELTRAN 10,,,,
-58.4491480913429,-34.5768390603384,"FREIRE, RAMON, CAP. GRAL.",711,"FREIRE, RAMON, CAP. GRAL. 711",Colegiales,Comuna 13,1426,C1426AVO
-58.397979717511,-34.5916272175457,FRENCH,2290,FRENCH 2290,Recoleta,Comuna 2,1125,C1125AAD
-58.3991026191167,-34.5909877798805,FRENCH,2396,FRENCH 2396,Recoleta,Comuna 2,1125,C1125AAF
-58.4008468460696,-34.5899621630753,FRENCH,2590,FRENCH 2590,Recoleta,Comuna 2,1425,C1425AWB
-58.402969799694,-34.5887263009333,FRENCH,2790,FRENCH 2790,Recoleta,Comuna 2,1425,C1425AWF
-58.4054264629568,-34.5872934568507,FRENCH,2996,FRENCH 2996,Recoleta,Comuna 2,1425,C1425AWJ
-58.4065238690806,-34.586469325215,FRENCH,3100,FRENCH 3100,Recoleta,Comuna 2,1425,C1425AWL
-58.4338695700945,-34.6018367176797,"FRIAS, EUSTOQUIO, TTE. GENERAL",376,"FRIAS, EUSTOQUIO, TTE. GENERAL 376",Villa Crespo,Comuna 15,1414,C1414DVH
-58.4464670439737,-34.6081021800517,"GAINZA, MARTIN DE, GRAL.",1091,"GAINZA, MARTIN DE, GRAL. 1091",Caballito,Comuna 6,1405,C1405AKS
-58.445235218728,-34.6219058150411,,23,"GAINZA, MARTIN DE, GRAL. 23",,,,
-58.4754550168599,-34.6183066878347,GALICIA,2888,GALICIA 2888,Villa Santa Rita,Comuna 11,1416,C1416DHV
-58.4763341354962,-34.618766380472,GALICIA,2940,GALICIA 2940,Villa Santa Rita,Comuna 11,1416,C1416DHX
-58.5242469560872,-34.6341593444602,GALLARDO,409,GALLARDO 409,Versalles,Comuna 10,1408,C1408BSG
-58.4089174884796,-34.5915184575764,GALLO,1634,GALLO 1634,Recoleta,Comuna 2,1425,C1425EFJ
-58.4130471191655,-34.6038063724666,GALLO,439,GALLO 439,Balvanera,Comuna 3,1172,C1172ABI
-58.4764862826972,-34.583294289489,GAMARRA,1488,GAMARRA 1488,Parque Chas,Comuna 15,1427,C1427AYH
-58.3714666407125,-34.6241688738791,"GARAY, JUAN DE AV.",423,"GARAY, JUAN DE AV. 423",San Telmo,Comuna 1,1153,C1153ABC
-58.3743338825475,-34.6245458796128,"GARAY, JUAN DE AV.",612,"GARAY, JUAN DE AV. 612",San Telmo,Comuna 1,1153,C1153ABR
-58.4019127208096,-34.6288735871365,"GARAY, JUAN DE AV.",2664,"GARAY, JUAN DE AV. 2664",Parque Patricios,Comuna 4,1256,C1256AAV
-58.376920811169,-34.625278800411,"GARAY, JUAN DE AV.",810,"GARAY, JUAN DE AV. 810",Constitucion,Comuna 1,1153,C1153ABT
-58.4686099314701,-34.5485897366265,GARCIA DEL RIO AV.,2402,GARCIA DEL RIO AV. 2402,Saavedra,Comuna 12,1429,C1429DEN
-58.4689232488773,-34.5482916771394,GARCIA DEL RIO AV.,2415,GARCIA DEL RIO AV. 2415,Saavedra,Comuna 12,1429,C1429DEA
-58.4444741856856,-34.6216239397762,,8,"GARCIA LORCA, FEDERICO 8",,,,
-58.4657800184832,-34.6023822827615,"GARCIA, JUAN AGUSTIN",1581,"GARCIA, JUAN AGUSTIN 1581",Paternal,Comuna 15,1416,C1416EKK
-58.4665077956214,-34.6027849357443,"GARCIA, JUAN AGUSTIN",1666,"GARCIA, JUAN AGUSTIN 1666",Villa Gral. Mitre,Comuna 11,1416,C1416EKN
-58.48183591688,-34.6102667300454,"GARCIA, JUAN AGUSTIN",2884,"GARCIA, JUAN AGUSTIN 2884",Villa Santa Rita,Comuna 11,1416,C1416ELL
-58.5070877999501,-34.6273541863043,"GARCIA, JUAN AGUSTIN",5285,"GARCIA, JUAN AGUSTIN 5285",Monte Castro,Comuna 10,1407,C1407FXM
-58.513541260081,-34.6331834535922,"GARCIA, JUAN AGUSTIN",5992,"GARCIA, JUAN AGUSTIN 5992",Versalles,Comuna 10,1408,C1408CID
-58.4407034724185,-34.5640860833584,"GARCIA, TEODORO",1828,"GARCIA, TEODORO 1828",Palermo,Comuna 14,1426,C1426DMF
-58.4230634758146,-34.5961635295814,GASCON,1213,GASCON 1213,Palermo,Comuna 14,1181,C1181ACW
-58.4227813474949,-34.5939386836482,GASCON,1417,GASCON 1417,Palermo,Comuna 14,1181,C1181ADA
-58.4227067692754,-34.5924662857621,GASCON,1536,GASCON 1536,Palermo,Comuna 14,1181,C1181ADD
-58.4224317645899,-34.5912192781225,GASCON,1615,GASCON 1615,Palermo,Comuna 14,1414,C1414DWA
-58.4224010816596,-34.5900960683715,GASCON,1716,GASCON 1716,Palermo,Comuna 14,1414,C1414DWD
-58.4232799132242,-34.5974729895174,GASCON,1111,GASCON 1111,Palermo,Comuna 14,1181,C1181ACU
-58.4599884157183,-34.6278109787261,,8,GAVILAN 8,,,,
-58.4688938970533,-34.6121117058831,GAVILAN,1594,GAVILAN 1594,Villa Gral. Mitre,Comuna 11,1416,C1416ACH
-58.4217238440494,-34.6102596279545,"GIANANTONIO, CARLOS A. DR.",3915,"GIANANTONIO, CARLOS A. DR. 3915",Almagro,Comuna 5,1202,C1202ABA
-58.437552521978,-34.61918816329,,44,"GIMENEZ, ANGEL M. 44",,,,
-58.4752391237702,-34.5797079355528,GIRIBONE,2395,GIRIBONE 2395,Villa Ortuzar,Comuna 15,1431,C1431CVC
-58.4519556792431,-34.5815774620964,GIRIBONE,635,GIRIBONE 635,Chacarita,Comuna 15,1427,C1427CAA
-58.4368320541925,-34.589463362351,GODOY CRUZ,1411,GODOY CRUZ 1411,Palermo,Comuna 14,1414,C1414CYE
-58.4262111437285,-34.5798346003717,GODOY CRUZ,2600,GODOY CRUZ 2600,Palermo,Comuna 14,1425,C1425FQH
-58.4252056394762,-34.5785253635445,GODOY CRUZ,2702,GODOY CRUZ 2702,Palermo,Comuna 14,1425,C1425FQL
-58.4250605670666,-34.578366763533,GODOY CRUZ,2710,GODOY CRUZ 2710,Palermo,Comuna 14,1425,C1425FQL
-58.4044324658327,-34.6056416489539,"GOMEZ, VALENTIN",2694,"GOMEZ, VALENTIN 2694",Balvanera,Comuna 3,1046,C1046ABB
-58.4054882109695,-34.6056410596176,"GOMEZ, VALENTIN",2792,"GOMEZ, VALENTIN 2792",Balvanera,Comuna 3,1046,C1046ABD
-58.4068259552417,-34.6054242959003,"GOMEZ, VALENTIN",2890,"GOMEZ, VALENTIN 2890",Balvanera,Comuna 3,1191,C1191AAB
-58.4079269398927,-34.6054135595372,"GOMEZ, VALENTIN",2988,"GOMEZ, VALENTIN 2988",Balvanera,Comuna 3,1191,C1191AAD
-58.4106414809449,-34.6051731632459,"GOMEZ, VALENTIN",3196,"GOMEZ, VALENTIN 3196",Balvanera,Comuna 3,1191,C1191AAH
-58.4118014926679,-34.6051575096379,"GOMEZ, VALENTIN",3276,"GOMEZ, VALENTIN 3276",Balvanera,Comuna 3,1191,C1191AAJ
-58.4832399937594,-34.6095445020646,"GONZALEZ, ELPIDIO",2911,"GONZALEZ, ELPIDIO 2911",Villa Santa Rita,Comuna 11,1416,C1416EQE
-58.508497835874,-34.6270418420061,"GONZALEZ, ELPIDIO",5210,"GONZALEZ, ELPIDIO 5210",Villa Luro,Comuna 10,1407,C1407GBN
-58.4831010830328,-34.624410438254,"GONZALEZ, JOAQUIN V.",878,"GONZALEZ, JOAQUIN V. 878",Floresta,Comuna 10,1407,C1407CZP
-58.4808431131897,-34.6289098899539,"GONZALEZ, JOAQUIN V.",390,"GONZALEZ, JOAQUIN V. 390",Floresta,Comuna 10,1407,C1407CZF
-58.4826630967759,-34.6249399314572,"GONZALEZ, JOAQUIN V.",786,"GONZALEZ, JOAQUIN V. 786",Floresta,Comuna 10,1407,C1407CZN
-58.5089512963224,-34.6564683111999,"GORDILLO, TIMOTEO",1876,"GORDILLO, TIMOTEO 1876",Mataderos,Comuna 9,1440,C1440EEL
-58.4727571299745,-34.6856774615901,"GORDILLO, TIMOTEO",4918,"GORDILLO, TIMOTEO 4918",Villa Riachuelo,Comuna 8,1439,C1439GJN
-58.4375205909394,-34.5667091060305,GOROSTIAGA,1776,GOROSTIAGA 1776,Palermo,Comuna 14,1426,C1426CTF
-58.4379005921134,-34.5670294989018,GOROSTIAGA,1835,GOROSTIAGA 1835,Palermo,Comuna 14,1426,C1426CTG
-58.4379005921134,-34.5670294989018,GOROSTIAGA,1837,GOROSTIAGA 1837,Palermo,Comuna 14,1426,C1426CTG
-58.4424136143799,-34.5705033115813,GOROSTIAGA,2354,GOROSTIAGA 2354,Palermo,Comuna 14,1426,C1426CTR
-58.4424878410798,-34.5705693612231,GOROSTIAGA,2366,GOROSTIAGA 2366,Palermo,Comuna 14,1426,C1426CTR
-58.4227472716076,-34.5953597714955,GORRITI,4092,GORRITI 4092,Palermo,Comuna 14,1172,C1172ACN
-58.4361364470899,-34.5857919274798,GORRITI,5488,GORRITI 5488,Palermo,Comuna 14,1414,C1414BKB
-58.4919600802933,-34.627311771106,GOYA,917,GOYA 917,Velez Sarsfield,Comuna 10,1407,C1407AQQ
-58.458942432426,-34.6272834126934,,5,GRANADEROS 5,,,,
-58.4610688736533,-34.6231696333048,GRANADEROS,395,GRANADEROS 395,Flores,Comuna 7,1406,C1406BDE
-58.4160522237583,-34.6485060684457,GRITO DE ASENCIO,3888,GRITO DE ASENCIO 3888,Nueva Pompeya,Comuna 4,1437,C1437IMP
-58.4160302262285,-34.6485092467845,GRITO DE ASENCIO,3886,GRITO DE ASENCIO 3886,Nueva Pompeya,Comuna 4,1437,C1437IMP
-58.514330635846,-34.5910622538077,GRIVEO,3707,GRIVEO 3707,Villa Devoto,Comuna 11,1419,C1419EWE
-58.5143602005546,-34.5910803269711,GRIVEO,3709,GRIVEO 3709,Villa Devoto,Comuna 11,1419,C1419EWE
-58.3704833130062,-34.6326520775799,GUALEGUAY,1201,GUALEGUAY 1201,Barracas,Comuna 4,1265,C1265AAA
-58.3706046371046,-34.6326597091442,GUALEGUAY,1225,GUALEGUAY 1225,Barracas,Comuna 4,1265,C1265AAA
-58.364657169572,-34.6291775961259,GUALEGUAY,381,GUALEGUAY 381,Boca,Comuna 4,1157,C1157AFA
-58.4843231772112,-34.6341903744221,,10,GUALEGUAYCHU 10,,,,
-58.5101439041511,-34.6053310141849,GUALEGUAYCHU,3281,GUALEGUAYCHU 3281,Villa Devoto,Comuna 11,1417,C1417AYY
-58.4884276368327,-34.6261461773241,GUALEGUAYCHU,900,GUALEGUAYCHU 900,Floresta,Comuna 10,1407,C1407AKR
-58.4773728260113,-34.687240470321,GUAMINI,4896,GUAMINI 4896,Villa Riachuelo,Comuna 8,1439,C1439HAH
-58.4763381328978,-34.6880276636748,GUAMINI,4982,GUAMINI 4982,Villa Riachuelo,Comuna 8,1439,C1439HAJ
-58.4794065722984,-34.658122609538,GUARDIA NACIONAL,2300,GUARDIA NACIONAL 2300,Mataderos,Comuna 9,1440,C1440DUL
-58.4957206001574,-34.6459434625151,GUARDIA NACIONAL,929,GUARDIA NACIONAL 929,Mataderos,Comuna 9,1440,C1440DTK
-58.4305956829258,-34.5815130994634,GUATEMALA,5416,GUATEMALA 5416,Palermo,Comuna 14,1425,C1425BVF
-58.4285727347614,-34.6194986326584,,6,GUAYAQUIL 6,,,,
-58.4649790653782,-34.5527162724293,GUAYRA,2398,GUAYRA 2398,Nu\u00f1ez,Comuna 13,1429,C1429CJH
-58.4110178224048,-34.5905225553422,GUEMES,3280,GUEMES 3280,Recoleta,Comuna 2,1425,C1425BKH
-58.4123298194096,-34.5896704114698,GUEMES,3428,GUEMES 3428,Palermo,Comuna 14,1425,C1425BKL
-58.413869170913,-34.588665125108,GUEMES,3622,GUEMES 3622,Palermo,Comuna 14,1425,C1425BKP
-58.4154399555184,-34.5875637310042,GUEMES,3778,GUEMES 3778,Palermo,Comuna 14,1425,C1425BKR
-58.4155081229974,-34.587514639461,GUEMES,3782,GUEMES 3782,Palermo,Comuna 14,1425,C1425BKR
-58.4184259998556,-34.5854105804364,GUEMES,4096,GUEMES 4096,Palermo,Comuna 14,1425,C1425BKX
-58.4227853554155,-34.5822640340911,GUEMES,4484,GUEMES 4484,Palermo,Comuna 14,1425,C1425BLF
-58.4608947250515,-34.5839960457805,GUEVARA,1211,GUEVARA 1211,Villa Ortuzar,Comuna 15,1427,C1427BSE
-58.4647443988549,-34.583960354688,GUEVARA,1500,GUEVARA 1500,Villa Ortuzar,Comuna 15,1427,C1427BSJ
-58.3888107427821,-34.5908923915303,GUIDO,1699,GUIDO 1699,Recoleta,Comuna 2,1016,C1016AAC
-58.3898363492798,-34.5900602982432,GUIDO,1799,GUIDO 1799,Recoleta,Comuna 2,1016,C1016AAE
-58.3908516697372,-34.5893419857847,GUIDO,1890,GUIDO 1890,Recoleta,Comuna 2,1119,C1119AAB
-58.3909115262104,-34.5892932366444,GUIDO,1900,GUIDO 1900,Recoleta,Comuna 2,1119,C1119AAB
-58.3948107967885,-34.5865606835352,GUIDO,2400,GUIDO 2400,Recoleta,Comuna 2,1119,C1119ABB
-58.4352462826589,-34.5931365770941,GURRUCHAGA,1080,GURRUCHAGA 1080,Villa Crespo,Comuna 15,1414,C1414DHV
-58.4338245039057,-34.5922394202897,GURRUCHAGA,1192,GURRUCHAGA 1192,Villa Crespo,Comuna 15,1414,C1414DHX
-58.4418484757302,-34.597453349857,GURRUCHAGA,487,GURRUCHAGA 487,Villa Crespo,Comuna 15,1414,C1414DHI
-58.4373377220248,-34.5944582543777,GURRUCHAGA,884,GURRUCHAGA 884,Villa Crespo,Comuna 15,1414,C1414DHR
-58.4363233027043,-34.5938177509739,GURRUCHAGA,984,GURRUCHAGA 984,Villa Crespo,Comuna 15,1414,C1414DHT
-58.4138275041877,-34.5806894722575,"GUTIERREZ, JUAN MARIA",3809,"GUTIERREZ, JUAN MARIA 3809",Palermo,Comuna 14,1425,C1425ARC
-58.4139093586895,-34.5806640175288,"GUTIERREZ, JUAN MARIA",3821,"GUTIERREZ, JUAN MARIA 3821",Palermo,Comuna 14,1425,C1425ARC
-58.414692616074,-34.5804198713507,"GUTIERREZ, JUAN MARIA",3909,"GUTIERREZ, JUAN MARIA 3909",Palermo,Comuna 14,1425,C1425ARE
-58.4147180555742,-34.5804119594485,"GUTIERREZ, JUAN MARIA",3911,"GUTIERREZ, JUAN MARIA 3911",Palermo,Comuna 14,1425,C1425ARE
-58.5058029691107,-34.5931156107444,HABANA,3373,HABANA 3373,Villa Devoto,Comuna 11,1419,C1419GPY
-58.5066525847969,-34.5936371752065,HABANA,3421,HABANA 3421,Villa Devoto,Comuna 11,1419,C1419GQA
-58.4724441303622,-34.6312096549051,,11,HELGUERA 11,,,,
-58.4785268961515,-34.6196630865205,HELGUERA,1108,HELGUERA 1108,Villa Santa Rita,Comuna 11,1416,C1416BBF
-58.473876103624,-34.6280884609519,HELGUERA,305,HELGUERA 305,Flores,Comuna 7,1406,C1406APE
-58.4966471353014,-34.5970582824537,HELGUERA,3484,HELGUERA 3484,Villa Del Parque,Comuna 11,1417,C1417CRJ
-58.4970192494189,-34.5964455565025,HELGUERA,3521,HELGUERA 3521,Agronomia,Comuna 15,1419,C1419CTA
-58.4749507805697,-34.6257311298415,HELGUERA,505,HELGUERA 505,Flores,Comuna 7,1406,C1406API
-58.4762880334403,-34.6227619532383,HELGUERA,813,HELGUERA 813,Flores,Comuna 7,1406,C1406APO
-58.4769132219082,-34.6216815560688,HELGUERA,916,HELGUERA 916,Villa Santa Rita,Comuna 11,1416,C1416BBB
-58.4537892724108,-34.5657635951471,"HERNANDEZ, JOSE",2405,"HERNANDEZ, JOSE 2405",Belgrano,Comuna 13,1426,C1426EOQ
-58.4416513092306,-34.6081633399905,HIDALGO,958,HIDALGO 958,Caballito,Comuna 6,1405,C1405BCP
-58.4933541430431,-34.644388321364,HOMERO,625,HOMERO 625,Parque Avellaneda,Comuna 9,1407,C1407IFM
-58.4214308228593,-34.5942373388601,HONDURAS AV.,4120,HONDURAS AV. 4120,Palermo,Comuna 14,1180,C1180ACJ
-58.4340117263061,-34.5860287158855,HONDURAS,5450,HONDURAS 5450,Palermo,Comuna 14,1414,C1414BNB
-58.3917998388402,-34.621527912786,HUMBERTO 1°,1805,HUMBERTO 1° 1805,San Cristobal,Comuna 3,1229,C1229AAA
-58.4019235793655,-34.6224214894075,HUMBERTO 1°,2650,HUMBERTO 1° 2650,San Cristobal,Comuna 3,1231,C1231ACB
-58.4028482181566,-34.6224597718844,HUMBERTO 1°,2715,HUMBERTO 1° 2715,San Cristobal,Comuna 3,1231,C1231ACC
-58.3700942510489,-34.6206723646811,HUMBERTO 1°,309,HUMBERTO 1° 309,San Telmo,Comuna 1,1103,C1103ACG
-58.3730261082031,-34.6206927506762,HUMBERTO 1°,507,HUMBERTO 1° 507,San Telmo,Comuna 1,1103,C1103ACK
-58.3740425158932,-34.6207209622689,HUMBERTO 1°,599,HUMBERTO 1° 599,San Telmo,Comuna 1,1103,C1103ACK
-58.3771229688052,-34.6209147892729,HUMBERTO 1°,800,HUMBERTO 1° 800,San Telmo,Comuna 1,1103,C1103ACP
-58.4277595278889,-34.5781428534864,HUMBOLDT,2490,HUMBOLDT 2490,Palermo,Comuna 14,1425,C1425FUH
-58.4275902113795,-34.5779950786009,HUMBOLDT,2498,HUMBOLDT 2498,Palermo,Comuna 14,1425,C1425FUH
-58.4646390437383,-34.5535313395981,IBERA,2401,IBERA 2401,Nu\u00f1ez,Comuna 13,1429,C1429CMI
-58.4649456549596,-34.5537954140828,IBERA,2424,IBERA 2424,Nu\u00f1ez,Comuna 13,1429,C1429CMJ
-58.4928166992693,-34.5681549809947,IBERA,5297,IBERA 5297,Villa Urquiza,Comuna 12,1431,C1431AEM
-58.4004766401988,-34.6299957178453,INCLAN,2568,INCLAN 2568,Parque Patricios,Comuna 4,1258,C1258AAF
-58.4012109064779,-34.6300141699102,INCLAN,2615,INCLAN 2615,Parque Patricios,Comuna 4,1258,C1258AAG
-58.3718216115555,-34.6172925983137,INDEPENDENCIA AV.,416,INDEPENDENCIA AV. 416,San Telmo,Comuna 1,1099,C1099AAR
-58.3733208914084,-34.6172597640512,INDEPENDENCIA AV.,516,INDEPENDENCIA AV. 516,San Telmo,Comuna 1,1099,C1099AAS
-58.3757083032037,-34.6172499342667,INDEPENDENCIA AV.,691,INDEPENDENCIA AV. 691,San Telmo,Comuna 1,1099,C1099AAG
-58.3770904468227,-34.6173456641876,INDEPENDENCIA AV.,781,INDEPENDENCIA AV. 781,San Telmo,Comuna 1,1099,C1099AAH
-58.3922470744573,-34.6182708524252,INDEPENDENCIA AV.,1832,INDEPENDENCIA AV. 1832,San Cristobal,Comuna 3,1225,C1225AAN
-58.3934113794146,-34.6183297315713,INDEPENDENCIA AV.,1912,INDEPENDENCIA AV. 1912,San Cristobal,Comuna 3,1225,C1225AAO
-58.4166363364711,-34.6210705111548,INDEPENDENCIA AV.,3602,INDEPENDENCIA AV. 3602,Boedo,Comuna 5,1226,C1226AAO
-58.417720848009,-34.6209796477771,INDEPENDENCIA AV.,3689,INDEPENDENCIA AV. 3689,Almagro,Comuna 5,1226,C1226AAB
-58.3767727426939,-34.6174980384042,INDEPENDENCIA AV.,750,INDEPENDENCIA AV. 750,San Telmo,Comuna 1,1099,C1099AAU
-58.3776024539838,-34.6175545273086,INDEPENDENCIA AV.,818,INDEPENDENCIA AV. 818,Constitucion,Comuna 1,1099,C1099AAV
-58.3776024539838,-34.6175545273086,INDEPENDENCIA AV.,820,INDEPENDENCIA AV. 820,Constitucion,Comuna 1,1099,C1099AAV
-58.4814182576517,-34.6107426648768,"INGENIEROS, JOSE",2880,"INGENIEROS, JOSE 2880",Villa Santa Rita,Comuna 11,1416,C1416EIF
-58.3663512039978,-34.6391315172764,IRALA,1145,IRALA 1145,Boca,Comuna 4,1164,C1164ACA
-58.3660981012819,-34.6399495481896,IRALA,1238,IRALA 1238,Boca,Comuna 4,1164,C1164ACD
-58.3805560178218,-34.6106137653743,"IRIGOYEN, BERNARDO DE",198,"IRIGOYEN, BERNARDO DE 198",Monserrat,Comuna 1,1072,C1072AAD
-58.3805009519292,-34.6117051741631,"IRIGOYEN, BERNARDO DE",298,"IRIGOYEN, BERNARDO DE 298",Monserrat,Comuna 1,1072,C1072AAF
-58.3804495079429,-34.6128217642166,"IRIGOYEN, BERNARDO DE",398,"IRIGOYEN, BERNARDO DE 398",Monserrat,Comuna 1,1072,C1072AAH
-58.4727586969764,-34.687208013898,ITAQUI,6311,ITAQUI 6311,Villa Riachuelo,Comuna 8,1439,C1439CSE
-58.468478329001,-34.5479846558873,JARAMILLO,2378,JARAMILLO 2378,Nu\u00f1ez,Comuna 13,1429,C1429CRJ
-58.5049074022154,-34.6189922329718,"JUAREZ, BENITO",2227,"JUAREZ, BENITO 2227",Monte Castro,Comuna 10,1417,C1417BLA
-58.4320774981576,-34.5960337069906,JUFRE,370,JUFRE 370,Villa Crespo,Comuna 15,1414,C1414AYH
-58.4021254873799,-34.6244671811279,JUJUY AV.,1229,JUJUY AV. 1229,San Cristobal,Comuna 3,1247,C1247ABA
-58.3998014993021,-34.5921097602722,JUNCAL,2300,JUNCAL 2300,Recoleta,Comuna 2,1125,C1125ABD
-58.4005828653262,-34.5917887037584,JUNCAL,2368,JUNCAL 2368,Recoleta,Comuna 2,1125,C1125ABF
-58.4007676580571,-34.5917132287237,JUNCAL,2392,JUNCAL 2392,Recoleta,Comuna 2,1125,C1125ABF
-58.3759019928947,-34.5929816005616,JUNCAL,610,JUNCAL 610,Retiro,Comuna 1,1062,C1062ABB
-58.3772898472322,-34.5929660752696,JUNCAL,710,JUNCAL 710,Retiro,Comuna 1,1062,C1062ABD
-58.3974468503378,-34.5958054292945,JUNIN,1094,JUNIN 1094,Recoleta,Comuna 2,1113,C1113AAF
-58.3972371828774,-34.5946229016516,JUNIN,1190,JUNIN 1190,Recoleta,Comuna 2,1113,C1113AAH
-58.3941883051248,-34.5902108875405,JUNIN,1592,JUNIN 1592,Recoleta,Comuna 2,1113,C1113AAP
-58.3962509269974,-34.6093881374465,,1,JUNIN 1,,,,
-58.3964203464774,-34.6083642200126,JUNIN,100,JUNIN 100,Balvanera,Comuna 3,1026,C1026ABB
-58.3974970076754,-34.5962661883318,JUNIN,1068,JUNIN 1068,Recoleta,Comuna 2,1113,C1113AAF
-58.3974468503378,-34.5958054292945,JUNIN,1096,JUNIN 1096,Recoleta,Comuna 2,1113,C1113AAF
-58.3972309970704,-34.5945931912591,JUNIN,1194,JUNIN 1194,Recoleta,Comuna 2,1113,C1113AAH
-58.3955867525292,-34.5914026616466,JUNIN,1448,JUNIN 1448,Recoleta,Comuna 2,1113,C1113AAN
-58.3941883051248,-34.5902108875405,JUNIN,1590,JUNIN 1590,Recoleta,Comuna 2,1113,C1113AAP
-58.3941883051248,-34.5902108875405,JUNIN,1596,JUNIN 1596,Recoleta,Comuna 2,1113,C1113AAP
-58.3965049372068,-34.6072906876984,JUNIN,196,JUNIN 196,Balvanera,Comuna 3,1026,C1026ABD
-58.3965058787412,-34.6072472810856,JUNIN,200,JUNIN 200,Balvanera,Comuna 3,1026,C1026ABD
-58.3966006725745,-34.6062305647125,JUNIN,278,JUNIN 278,Balvanera,Comuna 3,1026,C1026ABF
-58.396606159807,-34.6061286461578,JUNIN,290,JUNIN 290,Balvanera,Comuna 3,1026,C1026ABF
-58.3967979401265,-34.6047631599163,JUNIN,396,JUNIN 396,Balvanera,Comuna 3,1026,C1026ABH
-58.396955503212,-34.6034494920712,JUNIN,494,JUNIN 494,Balvanera,Comuna 3,1026,C1026ABJ
-58.3970615031187,-34.6022802088978,JUNIN,600,JUNIN 600,Balvanera,Comuna 3,1026,C1026ABL
-58.3971365750481,-34.601212417543,JUNIN,690,JUNIN 690,Balvanera,Comuna 3,1026,C1026ABN
-58.3964178919767,-34.6083961756841,,96,JUNIN 96,,,,
-58.4817296609804,-34.5777452762296,JURAMENTO,5028,JURAMENTO 5028,Villa Urquiza,Comuna 12,1431,C1431CKL
-58.4490358997981,-34.5574393740881,JURAMENTO,1601,JURAMENTO 1601,Belgrano,Comuna 13,1428,C1428DMU
-58.4807124269258,-34.5766344862688,JURAMENTO,4913,JURAMENTO 4913,Villa Urquiza,Comuna 12,1431,C1431CKI
-58.4817615367728,-34.5776765846538,JURAMENTO,5025,JURAMENTO 5025,Villa Urquiza,Comuna 12,1431,C1431CKK
-58.5028833048744,-34.633376468433,"JUSTO, JUAN B. AV.",8188,"JUSTO, JUAN B. AV. 8188",Villa Luro,Comuna 10,1407,C1407FBT
-58.4686001732703,-34.6114232545824,LA FRONDA,1611,LA FRONDA 1611,Villa Gral. Mitre,Comuna 11,1416,C1416ABC
-58.4538696769236,-34.5647075057983,LA PAMPA,2386,LA PAMPA 2386,Belgrano,Comuna 13,1428,C1428EAP
-58.4538696769236,-34.5647075057983,LA PAMPA,2390,LA PAMPA 2390,Belgrano,Comuna 13,1428,C1428EAP
-58.4783623185753,-34.578815875099,LA PAMPA,4972,LA PAMPA 4972,Villa Ortuzar,Comuna 15,1431,C1431CQJ
-58.4791141242293,-34.5791384345247,LA PAMPA,5001,LA PAMPA 5001,Villa Urquiza,Comuna 12,1431,C1431CQK
-58.4055889513456,-34.6368199431475,LA RIOJA,2184,LA RIOJA 2184,Parque Patricios,Comuna 4,1244,C1244ABT
-58.4071539608382,-34.6242030423809,LA RIOJA,1189,LA RIOJA 1189,San Cristobal,Comuna 3,1221,C1221ACM
-58.4057284710459,-34.635615443157,LA RIOJA,2080,LA RIOJA 2080,Parque Patricios,Comuna 4,1244,C1244ABR
-58.4055917511508,-34.6367974562092,LA RIOJA,2182,LA RIOJA 2182,Parque Patricios,Comuna 4,1244,C1244ABT
-58.4082737556544,-34.6157000480182,LA RIOJA,438,LA RIOJA 438,Balvanera,Comuna 3,1214,C1214ADJ
-58.4387137579282,-34.5634734476221,"LACROZE, FEDERICO",1681,"LACROZE, FEDERICO 1681",Palermo,Comuna 14,1426,C1426CPB
-58.4393630163861,-34.5643767660887,"LACROZE, FEDERICO",1786,"LACROZE, FEDERICO 1786",Palermo,Comuna 14,1426,C1426CPP
-58.4401174488387,-34.5652255655648,"LACROZE, FEDERICO",1882,"LACROZE, FEDERICO 1882",Palermo,Comuna 14,1426,C1426CPQ
-58.4427279427965,-34.5678422622817,"LACROZE, FEDERICO AV.",2178,"LACROZE, FEDERICO AV. 2178",Palermo,Comuna 14,1426,C1426CPT
-58.4445738553548,-34.5697359689321,"LACROZE, FEDERICO AV.",2380,"LACROZE, FEDERICO AV. 2380",Palermo,Comuna 14,1426,C1426CPV
-58.4446040088214,-34.5697668921528,"LACROZE, FEDERICO AV.",2390,"LACROZE, FEDERICO AV. 2390",Palermo,Comuna 14,1426,C1426CPV
-58.4446944682653,-34.5698596626705,"LACROZE, FEDERICO AV.",2396,"LACROZE, FEDERICO AV. 2396",Palermo,Comuna 14,1426,C1426CPV
-58.5156857498756,-34.5906954594472,LADINES,3720,LADINES 3720,Villa Devoto,Comuna 11,1419,C1419EZB
-58.5156909686582,-34.5907001501,LADINES,3722,LADINES 3722,Villa Devoto,Comuna 11,1419,C1419EZB
-58.413987767014,-34.5798126089279,LAFINUR,3090,LAFINUR 3090,Palermo,Comuna 14,1425,C1425FAD
-58.4134257919357,-34.5790653560002,LAFINUR,3183,LAFINUR 3183,Palermo,Comuna 14,1425,C1425FAE
-58.4133654053724,-34.5789742179526,LAFINUR,3191,LAFINUR 3191,Palermo,Comuna 14,1425,C1425FAE
-58.411978108366,-34.5768813017545,LAFINUR,3389,LAFINUR 3389,Palermo,Comuna 14,1425,C1425FAI
-58.4689200895239,-34.6481878001419,LAGUNA,1492,LAGUNA 1492,Parque Avellaneda,Comuna 9,1407,C1407JVX
-58.476778501727,-34.6324076700545,,7,"LAMARCA, EMILIO 7",,,,
-58.4777631408236,-34.6304886516756,"LAMARCA, EMILIO",186,"LAMARCA, EMILIO 186",Floresta,Comuna 10,1407,C1407DFB
-58.478254947535,-34.6294291009758,"LAMARCA, EMILIO",300,"LAMARCA, EMILIO 300",Floresta,Comuna 10,1407,C1407DFD
-58.4786341421138,-34.6286046188977,"LAMARCA, EMILIO",388,"LAMARCA, EMILIO 388",Floresta,Comuna 10,1407,C1407DFF
-58.4787434311523,-34.628367962466,"LAMARCA, EMILIO",400,"LAMARCA, EMILIO 400",Floresta,Comuna 10,1407,C1407DFF
-58.5124016305518,-34.5909297509075,"LAMARCA, EMILIO",4827,"LAMARCA, EMILIO 4827",Villa Devoto,Comuna 11,1419,C1419ASM
-58.4793036360917,-34.6271652859759,"LAMARCA, EMILIO",500,"LAMARCA, EMILIO 500",Floresta,Comuna 10,1407,C1407DFH
-58.4806395898566,-34.6241387950162,"LAMARCA, EMILIO",786,"LAMARCA, EMILIO 786",Floresta,Comuna 10,1407,C1407DFP
-58.4816674920629,-34.6229730619951,"LAMARCA, EMILIO",893,"LAMARCA, EMILIO 893",Villa Santa Rita,Comuna 11,1407,C1407DFQ
-58.4632093465154,-34.6150884680285,"LAMAS, ANDRES",1108,"LAMAS, ANDRES 1108",Villa Gral. Mitre,Comuna 11,1416,C1416BIB
-58.4663820950596,-34.6109456624998,"LAMAS, ANDRES",1580,"LAMAS, ANDRES 1580",Villa Gral. Mitre,Comuna 11,1416,C1416BIJ
-58.43016482774,-34.6025757812536,LAMBARE,999,LAMBARE 999,Almagro,Comuna 5,1185,C1185ABC
-58.398526843595,-34.5868025550224,LAPRIDA,2165,LAPRIDA 2165,Recoleta,Comuna 2,1425,C1425EKW
-58.3985083520771,-34.586789777234,LAPRIDA,2169,LAPRIDA 2169,Recoleta,Comuna 2,1425,C1425EKW
-58.4063107370955,-34.5928149384238,LAPRIDA,1385,LAPRIDA 1385,Recoleta,Comuna 2,1425,C1425EKG
-58.4052871759383,-34.5918725883143,LAPRIDA,1488,LAPRIDA 1488,Recoleta,Comuna 2,1425,C1425EKJ
-58.3984158967496,-34.5867258918568,LAPRIDA,2195,LAPRIDA 2195,Recoleta,Comuna 2,1425,C1425EKW
-58.4677485755686,-34.5486641548698,"LARRALDE, CRISOLOGO AV.",2363,"LARRALDE, CRISOLOGO AV. 2363",Nu\u00f1ez,Comuna 13,1429,C1429BTD
-58.4680404759853,-34.5489226460281,"LARRALDE, CRISOLOGO AV.",2398,"LARRALDE, CRISOLOGO AV. 2398",Nu\u00f1ez,Comuna 13,1429,C1429BTQ
-58.4683121980882,-34.5489665579217,"LARRALDE, CRISOLOGO AV.",2401,"LARRALDE, CRISOLOGO AV. 2401",Saavedra,Comuna 12,1429,C1429BTE
-58.468244748479,-34.5490461608901,"LARRALDE, CRISOLOGO AV.",2402,"LARRALDE, CRISOLOGO AV. 2402",Nu\u00f1ez,Comuna 13,1429,C1429BTR
-58.489182215079,-34.66312185754,LARRAZABAL,2578,LARRAZABAL 2578,Mataderos,Comuna 9,1440,C1440CVR
-58.4009280633874,-34.5944204712232,LARREA,1127,LARREA 1127,Recoleta,Comuna 2,1117,C1117ABG
-58.401899893564,-34.6080226652688,LARREA,143,LARREA 143,Balvanera,Comuna 3,1030,C1030AAC
-58.401899893564,-34.6080226652688,LARREA,145,LARREA 145,Balvanera,Comuna 3,1030,C1030AAC
-58.401899893564,-34.6080226652688,LARREA,147,LARREA 147,Balvanera,Comuna 3,1030,C1030AAC
-58.4019587636572,-34.6069081276934,LARREA,251,LARREA 251,Balvanera,Comuna 3,1030,C1030AAE
-58.4019622030945,-34.6068531180171,LARREA,253,LARREA 253,Balvanera,Comuna 3,1030,C1030AAE
-58.4019656436175,-34.6067981083408,LARREA,255,LARREA 255,Balvanera,Comuna 3,1030,C1030AAE
-58.4019725224699,-34.6066880880838,LARREA,273,LARREA 273,Balvanera,Comuna 3,1030,C1030AAE
-58.4019725224699,-34.6066880880838,LARREA,275,LARREA 275,Balvanera,Comuna 3,1030,C1030AAE
-58.4020472240201,-34.6055165247641,LARREA,357,LARREA 357,Balvanera,Comuna 3,1030,C1030AAG
-58.4020472240201,-34.6055165247641,LARREA,359,LARREA 359,Balvanera,Comuna 3,1030,C1030AAG
-58.4020512677826,-34.6054518888737,LARREA,361,LARREA 361,Balvanera,Comuna 3,1030,C1030AAG
-58.4020553104484,-34.6053872529819,LARREA,363,LARREA 363,Balvanera,Comuna 3,1030,C1030AAG
-58.4020553104484,-34.6053872529819,LARREA,365,LARREA 365,Balvanera,Comuna 3,1030,C1030AAG
-58.4020574547528,-34.6053529902356,LARREA,367,LARREA 367,Balvanera,Comuna 3,1030,C1030AAG
-58.4020595979651,-34.6053187274885,LARREA,369,LARREA 369,Balvanera,Comuna 3,1030,C1030AAG
-58.4015233851308,-34.5962253087172,LARREA,1007,LARREA 1007,Recoleta,Comuna 2,1117,C1117ABE
-58.4009595797544,-34.5944971576595,LARREA,1117,LARREA 1117,Recoleta,Comuna 2,1117,C1117ABG
-58.4009280633874,-34.5944204712232,LARREA,1125,LARREA 1125,Recoleta,Comuna 2,1117,C1117ABG
-58.4002702612098,-34.5928415768222,LARREA,1251,LARREA 1251,Recoleta,Comuna 2,1117,C1117ABI
-58.3992405911342,-34.5908621281886,LARREA,1400,LARREA 1400,Recoleta,Comuna 2,1117,C1117ABL
-58.3979090041864,-34.5888398918474,LARREA,1585,LARREA 1585,Recoleta,Comuna 2,1117,C1117ABO
-58.4019346498191,-34.6094953496014,,22,LARREA 22,,,,
-58.4020472240201,-34.6055165247641,LARREA,355,LARREA 355,Balvanera,Comuna 3,1030,C1030AAG
-58.4021798926275,-34.6048071025435,LARREA,400,LARREA 400,Balvanera,Comuna 3,1030,C1030AAH
-58.4021053281374,-34.6045117287492,LARREA,405,LARREA 405,Balvanera,Comuna 3,1030,C1030AAI
-58.4021202757807,-34.6042839029687,LARREA,421,LARREA 421,Balvanera,Comuna 3,1030,C1030AAI
-58.4021784585773,-34.6032854402878,LARREA,503,LARREA 503,Balvanera,Comuna 3,1030,C1030AAK
-58.4021784585773,-34.6032854402878,LARREA,505,LARREA 505,Balvanera,Comuna 3,1030,C1030AAK
-58.4022720769051,-34.6019220225242,LARREA,615,LARREA 615,Balvanera,Comuna 3,1030,C1030AAM
-58.4023666441618,-34.6018591414182,LARREA,620,LARREA 620,Balvanera,Comuna 3,1030,C1030AAN
-58.4023309680074,-34.6009236498769,LARREA,709,LARREA 709,Balvanera,Comuna 3,1030,C1030AAO
-58.4023880027514,-34.6000075165529,LARREA,755,LARREA 755,Balvanera,Comuna 3,1030,C1030AAO
-58.4023920176161,-34.5999217886184,LARREA,757,LARREA 757,Balvanera,Comuna 3,1030,C1030AAO
-58.4019882195284,-34.5976026550546,LARREA,911,LARREA 911,Recoleta,Comuna 2,1117,C1117ABC
-58.4848542769523,-34.6068044044995,LASCANO,2884,LASCANO 2884,Villa Del Parque,Comuna 11,1417,C1417GYL
-58.457624662311,-34.6274479749483,,20,LAUTARO 20,,,,
-58.3684366417754,-34.6017169312098,,15,LAVALLE 15,,,,
-58.3914784512354,-34.6030664015008,LAVALLE,1719,LAVALLE 1719,San Nicolas,Comuna 1,1048,C1048AAO
-58.3926673614966,-34.6031112360119,LAVALLE,1809,LAVALLE 1809,Balvanera,Comuna 3,1051,C1051ABA
-58.3941840945353,-34.60317482399,LAVALLE,1913,LAVALLE 1913,Balvanera,Comuna 3,1051,C1051ABC
-58.3956099794362,-34.6032290078601,LAVALLE,2007,LAVALLE 2007,Balvanera,Comuna 3,1051,C1051ABE
-58.3986024018214,-34.6032741390639,LAVALLE,2209,LAVALLE 2209,Balvanera,Comuna 3,1051,C1051ABI
-58.3998908890062,-34.6033288614115,LAVALLE,2321,LAVALLE 2321,Balvanera,Comuna 3,1052,C1052AAA
-58.4026385648495,-34.6033798160794,LAVALLE,2521,LAVALLE 2521,Balvanera,Comuna 3,1052,C1052AAE
-58.4066211867977,-34.6030877538306,LAVALLE,2823,LAVALLE 2823,Balvanera,Comuna 3,1190,C1190AAC
-58.4075359861647,-34.6029740094689,LAVALLE,2911,LAVALLE 2911,Balvanera,Comuna 3,1190,C1190AAE
-58.408785989825,-34.6028092869171,LAVALLE,3017,LAVALLE 3017,Balvanera,Comuna 3,1190,C1190AAG
-58.3683856787748,-34.6017106646652,,9,LAVALLE 9,,,,
-58.4268478216349,-34.5959572752491,LAVALLEJA,1212,LAVALLEJA 1212,Palermo,Comuna 14,1414,C1414DTZ
-58.4251802379922,-34.5946634303541,LAVALLEJA,1320,LAVALLEJA 1320,Palermo,Comuna 14,1414,C1414DUB
-58.3705499576188,-34.6047587203609,"ALEM, LEANDRO N. AV.",250,"ALEM, LEANDRO N. AV. 250",San Nicolas,Comuna 1,1003,C1003AAP
-58.370619763266,-34.6035130559519,"ALEM, LEANDRO N. AV.",350,"ALEM, LEANDRO N. AV. 350",San Nicolas,Comuna 1,1003,C1003AAQ
-58.3706241251793,-34.6034162344473,"ALEM, LEANDRO N. AV.",362,"ALEM, LEANDRO N. AV. 362",San Nicolas,Comuna 1,1003,C1003AAQ
-58.5060054986666,-34.6542697192792,"LEGUIZAMON, MARTINIANO",1679,"LEGUIZAMON, MARTINIANO 1679",Mataderos,Comuna 9,1440,C1440DYI
-58.4758860596711,-34.6781723633138,"LEGUIZAMON, MARTINIANO",4205,"LEGUIZAMON, MARTINIANO 4205",Villa Lugano,Comuna 8,1439,C1439FSC
-58.498008578049,-34.637465264208,,13,LEOPARDI 13,,,,
-58.4313210340692,-34.5948501482765,LERMA,417,LERMA 417,Villa Crespo,Comuna 15,1414,C1414AZI
-58.3841469493815,-34.5966854493006,LIBERTAD,1007,LIBERTAD 1007,Retiro,Comuna 1,1012,C1012AAU
-58.3843730435289,-34.5943269364783,LIBERTAD,1205,LIBERTAD 1205,Retiro,Comuna 1,1012,C1012AAY
-58.3841246527752,-34.5968064600047,LIBERTAD,1001,LIBERTAD 1001,Retiro,Comuna 1,1012,C1012AAU
-58.3841506362404,-34.5966876529983,LIBERTAD,1021,LIBERTAD 1021,Retiro,Comuna 1,1012,C1012AAU
-58.3843736509597,-34.5943069194125,LIBERTAD,1213,LIBERTAD 1213,Retiro,Comuna 1,1012,C1012AAY
-58.3843857788844,-34.5926473035737,LIBERTAD,1303,LIBERTAD 1303,Retiro,Comuna 1,1016,C1016ABA
-58.3834382775574,-34.6084604132015,,5,LIBERTAD 5,,,,
-58.3705751620105,-34.6316978530675,"LIBERTI, TOMAS",1201,"LIBERTI, TOMAS 1201",Barracas,Comuna 4,1265,C1265ABA
-58.3707645867584,-34.6317169717117,"LIBERTI, TOMAS",1235,"LIBERTI, TOMAS 1235",Barracas,Comuna 4,1265,C1265ABA
-58.3818554352539,-34.6110395456208,LIMA,220,LIMA 220,Monserrat,Comuna 1,1073,C1073AAF
-58.4135388752783,-34.6248937341075,LINIERS VIRREY,1182,LINIERS VIRREY 1182,Boedo,Comuna 5,1220,C1220AAN
-58.4136477105841,-34.6249567119003,LINIERS VIRREY,1181,LINIERS VIRREY 1181,Boedo,Comuna 5,1220,C1220AAM
-58.4117659854016,-34.6378809425226,LINIERS VIRREY,2381,LINIERS VIRREY 2381,Boedo,Comuna 5,1241,C1241ABW
-58.5241254706846,-34.6144163824574,"LISTA, RAMON, CORONEL",5293,"LISTA, RAMON, CORONEL 5293",Villa Devoto,Comuna 11,1417,C1417FAE
-58.5053148594323,-34.5942827192787,LLAVALLOL,4186,LLAVALLOL 4186,Villa Devoto,Comuna 11,1419,C1419AKD
-58.5059607091419,-34.5937181440327,LLAVALLOL,4280,LLAVALLOL 4280,Villa Devoto,Comuna 11,1419,C1419AKF
-58.4995766838748,-34.6370604831963,,28,LOPE DE VEGA 28,,,,
-58.4995766838748,-34.6370604831963,,26,LOPE DE VEGA 26,,,,
-58.5119981264953,-34.5909474810186,"LOPEZ, CARLOS ANTONIO",3585,"LOPEZ, CARLOS ANTONIO 3585",Villa Devoto,Comuna 11,1419,C1419EUC
-58.5128019109795,-34.5915301140256,"LOPEZ, CARLOS ANTONIO",3636,"LOPEZ, CARLOS ANTONIO 3636",Villa Devoto,Comuna 11,1419,C1419EUF
-58.5128784173785,-34.5915770243941,"LOPEZ, CARLOS ANTONIO",3640,"LOPEZ, CARLOS ANTONIO 3640",Villa Devoto,Comuna 11,1419,C1419EUF
-58.3903166664546,-34.5913331149013,"LOPEZ, VICENTE",1739,"LOPEZ, VICENTE 1739",Recoleta,Comuna 2,1018,C1128ACA
-58.4502152972588,-34.5676577360857,"LORETO, VIRREY",2421,"LORETO, VIRREY 2421",Colegiales,Comuna 13,1426,C1426DXS
-58.450363292958,-34.5678474193502,"LORETO, VIRREY",2433,"LORETO, VIRREY 2433",Colegiales,Comuna 13,1426,C1426DXS
-58.3972207390952,-34.6393438509845,LOS PATOS,2584,LOS PATOS 2584,Parque Patricios,Comuna 4,1283,C1283ACD
-58.4394744754316,-34.5918162471977,LOYOLA,1054,LOYOLA 1054,Villa Crespo,Comuna 15,1414,C1414AUV
-58.4343225369419,-34.597317107446,LOYOLA,384,LOYOLA 384,Villa Crespo,Comuna 15,1414,C1414AUH
-58.4035012312716,-34.6288689985658,"LUCA, ESTEBAN DE",1600,"LUCA, ESTEBAN DE 1600",San Cristobal,Comuna 3,1246,C1246ABF
-58.4022387618316,-34.63626366471,"LUCA, ESTEBAN DE",2281,"LUCA, ESTEBAN DE 2281",Parque Patricios,Comuna 4,1246,C1246ABS
-58.4736360451961,-34.5808240004501,LUGONES,1401,LUGONES 1401,Villa Ortuzar,Comuna 15,1431,C1431FYA
-58.4737221345581,-34.5806840937175,LUGONES,1414,LUGONES 1414,Villa Ortuzar,Comuna 15,1431,C1431FYB
-58.4004535798718,-34.636462924552,,13,LUNA 13,,,,
-58.3901720707272,-34.6345638160789,,24,LUZURIAGA 24,,,,
-58.4159572799836,-34.6533380472594,LYNCH,3976,LYNCH 3976,Nueva Pompeya,Comuna 4,1437,C1437HOL
-58.4159274729405,-34.6533313662021,LYNCH,3974,LYNCH 3974,Nueva Pompeya,Comuna 4,1437,C1437HOL
-58.4605500346545,-34.6042922836218,"MAGARIÑOS CERVANTES, A.",1324,"MAGARIÑOS CERVANTES, A. 1324",Villa Gral. Mitre,Comuna 11,1416,C1416DYB
-58.4802604151525,-34.6136096742517,"MAGARIÑOS CERVANTES, A.",2917,"MAGARIÑOS CERVANTES, A. 2917",Villa Santa Rita,Comuna 11,1416,C1416DZG
-58.5046156305377,-34.6300046032748,"MAGARIÑOS CERVANTES, A.",5135,"MAGARIÑOS CERVANTES, A. 5135",Villa Luro,Comuna 10,1407,C1407MLK
-58.376111790592,-34.5932221646298,MAIPU AV.,1270,MAIPU AV. 1270,Retiro,Comuna 1,1006,C1006ACT
-58.417382844127,-34.5845829431582,MALABIA,2481,MALABIA 2481,Palermo,Comuna 14,1425,C1425EZI
-58.4172738772969,-34.5845146857835,MALABIA,2491,MALABIA 2491,Palermo,Comuna 14,1425,C1425EZI
-58.4033080889681,-34.5964917420949,"MANSILLA, LUCIO NORBERTO, GENERAL",2516,"MANSILLA, LUCIO NORBERTO, GENERAL 2516",Recoleta,Comuna 2,1425,C1425BPB
-58.3627310681758,-34.6101795260243,MANSO JUANA,1069,MANSO JUANA 1069,Puerto Madero,Comuna 1,1107,C1107CBU
-58.3623789993267,-34.6125262103934,MANSO JUANA,1164,MANSO JUANA 1164,Puerto Madero,Comuna 1,1107,C1107CBX
-58.3629096684573,-34.6091840747137,MANSO JUANA,999,MANSO JUANA 999,Puerto Madero,Comuna 1,1107,C1107CBS
-58.4690596951026,-34.5471826350923,MANZANARES,2389,MANZANARES 2389,Nu\u00f1ez,Comuna 13,1429,C1429CUI
-58.4640235170147,-34.6441634754022,"MARTI, JOSE",1180,"MARTI, JOSE 1180",Flores,Comuna 7,1406,C1406FBX
-58.4677753339307,-34.6474081563181,MARTINEZ CASTRO,1407,MARTINEZ CASTRO 1407,Parque Avellaneda,Comuna 9,1407,C1407JXY
-58.4498274606473,-34.5987040854017,MARTINEZ ROSAS,1100,MARTINEZ ROSAS 1100,Villa Crespo,Comuna 15,1414,C1414ADD
-58.4502125363066,-34.5788721470922,"MARTINEZ, ENRIQUE, GRAL.",608,"MARTINEZ, ENRIQUE, GRAL. 608",Colegiales,Comuna 13,1426,C1426BBJ
-58.3624010268029,-34.6123514130139,MANSO JUANA,1172,MANSO JUANA 1172,Puerto Madero,Comuna 1,1107,C1107CBX
-58.3985828405809,-34.6281699085471,MATHEU,1596,MATHEU 1596,San Cristobal,Comuna 3,1249,C1249AAH
-58.3977843261817,-34.6304076446282,MATHEU,1792,MATHEU 1792,Parque Patricios,Comuna 4,1249,C1249AAL
-58.3960651805586,-34.6351966452126,MATHEU,2185,MATHEU 2185,Parque Patricios,Comuna 4,1249,C1249AAS
-58.4005027979549,-34.6100607828346,,5,MATHEU 5,,,,
-58.4397856890363,-34.5728312350575,"MATIENZO, BENJAMIN, TENIENTE",2413,"MATIENZO, BENJAMIN, TENIENTE 2413",Palermo,Comuna 14,1426,C1426DAS
-58.4398270865298,-34.5728736198454,"MATIENZO, BENJAMIN, TENIENTE",2417,"MATIENZO, BENJAMIN, TENIENTE 2417",Palermo,Comuna 14,1426,C1426DAS
-58.4349586204567,-34.5692750832296,"MATIENZO, BENJAMIN, TENIENTE",1851,"MATIENZO, BENJAMIN, TENIENTE 1851",Palermo,Comuna 14,1426,C1426DAG
-58.4354963879931,-34.5699020708321,"MATIENZO, BENJAMIN, TENIENTE",1949,"MATIENZO, BENJAMIN, TENIENTE 1949",Palermo,Comuna 14,1426,C1426DAI
-58.4354963879931,-34.5699020708321,"MATIENZO, BENJAMIN, TENIENTE",1951,"MATIENZO, BENJAMIN, TENIENTE 1951",Palermo,Comuna 14,1426,C1426DAI
-58.4342968799383,-34.5686280315429,"MATIENZO, BENJAMIN, TENIENTE",1782,"MATIENZO, BENJAMIN, TENIENTE 1782",Palermo,Comuna 14,1426,C1426DAF
-58.4361459392652,-34.5668638214238,MAURE,1709,MAURE 1709,Palermo,Comuna 14,1426,C1426CUE
-58.4367897850209,-34.5677484225159,MAURE,1820,MAURE 1820,Palermo,Comuna 14,1426,C1426CUH
-58.441642086752,-34.5711328481822,MAURE,2377,MAURE 2377,Palermo,Comuna 14,1426,C1426CUQ
-58.4421167366537,-34.5716294336543,MAURE,2421,MAURE 2421,Colegiales,Comuna 13,1426,C1426CUS
-58.4421510121916,-34.5716662283903,MAURE,2425,MAURE 2425,Colegiales,Comuna 13,1426,C1426CUS
-58.4147666741388,-34.6250666121864,MAZA,1193,MAZA 1193,Boedo,Comuna 5,1220,C1220ABM
-58.4656574763242,-34.6104599152593,MEDANOS,1595,MEDANOS 1595,Villa Gral. Mitre,Comuna 11,1416,C1416BKA
-58.4208538053931,-34.6029441383841,MEDRANO AV.,611,MEDRANO AV. 611,Almagro,Comuna 5,1179,C1179AAK
-58.4205633277225,-34.6008617545753,MEDRANO AV.,795,MEDRANO AV. 795,Almagro,Comuna 5,1179,C1179AAM
-58.4204567859958,-34.6001510039638,MEDRANO AV.,843,MEDRANO AV. 843,Almagro,Comuna 5,1179,C1179AAO
-58.4203040291503,-34.5991359252847,MEDRANO AV.,925,MEDRANO AV. 925,Almagro,Comuna 5,1179,C1179AAQ
-58.4848664787861,-34.597373323212,MELINCUE,2449,MELINCUE 2449,Agronomia,Comuna 15,1417,C1417FGA
-58.4850097212936,-34.5976881586526,MELINCUE,2474,MELINCUE 2474,Villa Del Parque,Comuna 11,1417,C1417FGB
-58.3651165571569,-34.639734554047,"MELO, CARLOS F.",113,"MELO, CARLOS F. 113",Boca,Comuna 4,1163,C1163ACC
-58.4611744997782,-34.6285860041639,,11,MEMBRILLAR 11,,,,
-58.4507297808957,-34.5570969786319,MENDOZA,1698,MENDOZA 1698,Belgrano,Comuna 13,1428,C1428DJP
-58.4545169496332,-34.5593634948025,MENDOZA,2096,MENDOZA 2096,Belgrano,Comuna 13,1428,C1428DKH
-58.4553767952101,-34.5598773554968,MENDOZA,2190,MENDOZA 2190,Belgrano,Comuna 13,1428,C1428DKJ
-58.4572105438244,-34.5609552879913,MENDOZA,2380,MENDOZA 2380,Belgrano,Comuna 13,1428,C1428DKN
-58.4572105438244,-34.5609552879913,MENDOZA,2382,MENDOZA 2382,Belgrano,Comuna 13,1428,C1428DKN
-58.4824179901891,-34.5763922726256,MENDOZA,4984,MENDOZA 4984,Villa Urquiza,Comuna 12,1431,C1431CIJ
-58.4874729221894,-34.6253864923755,MERCEDES,923,MERCEDES 923,Floresta,Comuna 10,1407,C1407AHQ
-58.4159557265569,-34.6360712905587,METAN,3684,METAN 3684,Boedo,Comuna 5,1240,C1240AEB
-58.3902165972909,-34.615661238253,MEXICO,1690,MEXICO 1690,Monserrat,Comuna 1,1100,C1100ACB
-58.3930000162529,-34.6158178259713,MEXICO,1894,MEXICO 1894,Balvanera,Comuna 3,1222,C1222ABB
-58.4038483243542,-34.6169819691356,MEXICO,2680,MEXICO 2680,Balvanera,Comuna 3,1223,C1223ABD
-58.405273774288,-34.6173563558688,MEXICO,2789,MEXICO 2789,Balvanera,Comuna 3,1223,C1223ABE
-58.4276353815457,-34.620695499864,MEXICO,4378,MEXICO 4378,Almagro,Comuna 5,1223,C1223ACL
-58.3758490455339,-34.6149589402756,MEXICO,689,MEXICO 689,Monserrat,Comuna 1,1097,C1097AAM
-58.3800926746346,-34.6152581495382,MEXICO,990,MEXICO 990,Monserrat,Comuna 1,1097,C1097AAT
-58.4713633620563,-34.6015220368214,MIGUEL ANGEL,1811,MIGUEL ANGEL 1811,Paternal,Comuna 15,1416,C1416FHA
-58.4386547785847,-34.563819962687,MIGUELETES,1188,MIGUELETES 1188,Palermo,Comuna 14,1426,C1426BUP
-58.432808098192,-34.5672552624834,MIGUELETES,688,MIGUELETES 688,Palermo,Comuna 14,1426,C1426BUF
-58.4335304025682,-34.5667406266536,MIGUELETES,753,MIGUELETES 753,Palermo,Comuna 14,1426,C1426BUG
-58.4338405729557,-34.5665602881954,MIGUELETES,787,MIGUELETES 787,Palermo,Comuna 14,1426,C1426BUG
-58.4347934721547,-34.5660965326801,MIGUELETES,884,MIGUELETES 884,Palermo,Comuna 14,1426,C1426BUJ
-58.4359548594871,-34.5654184998678,MIGUELETES,980,MIGUELETES 980,Palermo,Comuna 14,1426,C1426BUL
-58.4360270747854,-34.5653753101617,MIGUELETES,982,MIGUELETES 982,Palermo,Comuna 14,1426,C1426BUL
-58.5001636189053,-34.6487757946335,MIRALLA,1074,MIRALLA 1074,Mataderos,Comuna 9,1440,C1440DCJ
-58.4844356731442,-34.6610075084919,MIRALLA,2470,MIRALLA 2470,Mataderos,Comuna 9,1440,C1440DDL
-58.5091190791086,-34.6257727912068,MIRANDA,5289,MIRANDA 5289,Monte Castro,Comuna 10,1407,C1407GGG
-58.5170208169803,-34.6328791899154,MIRANDA,6193,MIRANDA 6193,Versalles,Comuna 10,1408,C1408CGG
-58.4497237627818,-34.6242926344258,,14,MIRO 14,,,,
-58.4042544582135,-34.6135090868439,MISIONES,305,MISIONES 305,Balvanera,Comuna 3,1083,C1083ABG
-58.3918202821381,-34.6080053882681,"MITRE, BARTOLOME",1798,"MITRE, BARTOLOME 1798",San Nicolas,Comuna 1,1037,C1037ABH
-58.3947220028349,-34.6081776021468,"MITRE, BARTOLOME",1990,"MITRE, BARTOLOME 1990",Balvanera,Comuna 3,1039,C1039AAD
-58.3947989612801,-34.6081826894675,"MITRE, BARTOLOME",1998,"MITRE, BARTOLOME 1998",Balvanera,Comuna 3,1039,C1039AAD
-58.3962183161418,-34.6083002195222,"MITRE, BARTOLOME",2094,"MITRE, BARTOLOME 2094",Balvanera,Comuna 3,1039,C1039AAF
-58.3975579493243,-34.608391425224,"MITRE, BARTOLOME",2198,"MITRE, BARTOLOME 2198",Balvanera,Comuna 3,1039,C1039AAH
-58.3777721177504,-34.6070760916564,"MITRE, BARTOLOME",800,"MITRE, BARTOLOME 800",San Nicolas,Comuna 1,1036,C1036AAN
-58.4943789561738,-34.6289391139914,MOCTEZUMA,909,MOCTEZUMA 909,Velez Sarsfield,Comuna 10,1407,C1407CVA
-58.4651270455838,-34.5571269393757,MOLDES,2876,MOLDES 2876,Belgrano,Comuna 13,1428,C1428CRV
-58.4468566755394,-34.5726781461823,MOLDES,619,MOLDES 619,Colegiales,Comuna 13,1426,C1426ALA
-58.502121062675,-34.6376551091963,,10,MOLIERE 10,,,,
-58.5021262482736,-34.6376283976603,,14,MOLIERE 14,,,,
-58.3902634543676,-34.6275921296857,MOMPOX,1627,MOMPOX 1627,Constitucion,Comuna 1,1134,C1134ACA
-58.3901205118757,-34.6289609098445,MOMPOX,1783,MOMPOX 1783,Constitucion,Comuna 1,1134,C1134ACC
-58.4602780561744,-34.5584334198054,MONROE,2413,MONROE 2413,Belgrano,Comuna 13,1428,C1428BLM
-58.4602780561744,-34.5584334198054,MONROE,2415,MONROE 2415,Belgrano,Comuna 13,1428,C1428BLM
-58.4867363782564,-34.5744260718451,MONROE,5115,MONROE 5115,Villa Urquiza,Comuna 12,1431,C1431CAQ
-58.4482400529959,-34.5582248314366,MONTAÑESES,2014,MONTAÑESES 2014,Belgrano,Comuna 13,1428,C1428AQF
-58.3899714755685,-34.5960300695299,MONTEVIDEO,1092,MONTEVIDEO 1092,Recoleta,Comuna 2,1019,C1019ABV
-58.3884850975097,-34.5920160079507,MONTEVIDEO,1558,MONTEVIDEO 1558,Recoleta,Comuna 2,1018,C1018ACH
-58.3869769537339,-34.5908776258989,MONTEVIDEO,1699,MONTEVIDEO 1699,Retiro,Comuna 1,1021,C1021AAA
-58.3841618959642,-34.5880558378526,MONTEVIDEO,1999,MONTEVIDEO 1999,Retiro,Comuna 1,1021,C1021AAG
-58.3897597016346,-34.5986188049305,MONTEVIDEO,894,MONTEVIDEO 894,Recoleta,Comuna 2,1019,C1019ABR
-58.5215223273369,-34.6544507984756,MONTIEL,1490,MONTIEL 1490,Liniers,Comuna 9,1408,C1408FWD
-58.514416408995,-34.6599046441423,MONTIEL,2080,MONTIEL 2080,Mataderos,Comuna 9,1440,C1440EVL
-58.4767049416803,-34.6891161521406,MONTIEL,5209,MONTIEL 5209,Villa Riachuelo,Comuna 8,1439,C1439HFK
-58.500977169375,-34.5957282508145,"MORAN, PEDRO",3250,"MORAN, PEDRO 3250",Villa Devoto,Comuna 11,1419,C1419HKF
-58.5270569882287,-34.6122435211022,"MORAN, PEDRO",5284,"MORAN, PEDRO 5284",Villa Devoto,Comuna 11,1419,C1419HLX
-58.453089266369,-34.6249108466461,,17,MORELOS 17,,,,
-58.3820978220966,-34.6119053850297,MORENO,1109,MORENO 1109,Monserrat,Comuna 1,1091,C1091AAW
-58.3851817530812,-34.6121599122402,MORENO,1329,MORENO 1329,Monserrat,Comuna 1,1091,C1091ABA
-58.3919400490875,-34.6126407470972,MORENO,1801,MORENO 1801,Balvanera,Comuna 3,1094,C1094ABA
-58.3948703687071,-34.61285494509,MORENO,2005,MORENO 2005,Balvanera,Comuna 3,1094,C1094ABE
-58.3976910261343,-34.6130277842139,MORENO,2213,MORENO 2213,Balvanera,Comuna 3,1094,C1094ABI
-58.4003905140811,-34.6131673025443,MORENO,2405,MORENO 2405,Balvanera,Comuna 3,1094,C1094ABM
-58.4034338198432,-34.6133266918415,MORENO,2605,MORENO 2605,Balvanera,Comuna 3,1094,C1094ABQ
-58.3793657759601,-34.6117269869616,MORENO,919,MORENO 919,Monserrat,Comuna 1,1091,C1091AAS
-58.3795872796928,-34.6117409490352,MORENO,931,MORENO 931,Monserrat,Comuna 1,1091,C1091AAS
-58.4771581851616,-34.6254341767496,MORON,3276,MORON 3276,Floresta,Comuna 10,1406,C1406FVT
-58.5105948473408,-34.5912998311322,MOSCONI GENERAL AV.,3525,MOSCONI GENERAL AV. 3525,Villa Devoto,Comuna 11,1419,C1419ERB
-58.5104850556521,-34.5914330941007,MOSCONI GENERAL AV.,3538,MOSCONI GENERAL AV. 3538,Villa Devoto,Comuna 11,1419,C1419ERO
-58.5106495776727,-34.59149726648,MOSCONI GENERAL AV.,3578,MOSCONI GENERAL AV. 3578,Villa Devoto,Comuna 11,1419,C1419ERO
-58.4906074643133,-34.6429420214484,MOZART,512,MOZART 512,Parque Avellaneda,Comuna 9,1407,C1407IUL
-58.4490595203706,-34.5975223107845,MUÑECAS,1157,MUÑECAS 1157,Villa Crespo,Comuna 15,1414,C1414AEI
-58.4459935992823,-34.6004286483314,MUÑECAS,820,MUÑECAS 820,Villa Crespo,Comuna 15,1414,C1414AED
-58.4468969109787,-34.5994732138291,MUÑECAS,923,MUÑECAS 923,Villa Crespo,Comuna 15,1414,C1414AEE
-58.4241994067384,-34.6320614406199,MUÑIZ,1590,MUÑIZ 1590,Boedo,Comuna 5,1255,C1255ACJ
-58.5187803181283,-34.6393933620011,,11,MURGUIONDO 11,,,,
-58.5043959909602,-34.6539777950205,MURGUIONDO,1627,MURGUIONDO 1627,Mataderos,Comuna 9,1440,C1440CNK
-58.4755625553216,-34.6770993736372,MURGUIONDO,4181,MURGUIONDO 4181,Villa Lugano,Comuna 8,1439,C1439FTA
-58.4750778741072,-34.6774726739098,MURGUIONDO,4215,MURGUIONDO 4215,Villa Lugano,Comuna 8,1439,C1439FTC
-58.4750652030748,-34.6774825501079,MURGUIONDO,4221,MURGUIONDO 4221,Villa Lugano,Comuna 8,1439,C1439FTC
-58.4743507905691,-34.6780432547209,MURGUIONDO,4327,MURGUIONDO 4327,Villa Lugano,Comuna 8,1439,C1439FTE
-58.4732170543128,-34.6789287273246,MURGUIONDO,4411,MURGUIONDO 4411,Villa Lugano,Comuna 8,1439,C1439FTG
-58.4467707722374,-34.597857236988,MURILLO,1013,MURILLO 1013,Villa Crespo,Comuna 15,1414,C1414AFK
-58.4473111698677,-34.597364639594,MURILLO,1081,MURILLO 1081,Villa Crespo,Comuna 15,1414,C1414AFK
-58.4478207328518,-34.5969018557602,MURILLO,1121,MURILLO 1121,Villa Crespo,Comuna 15,1414,C1414AFM
-58.4478402359464,-34.5968842015635,MURILLO,1125,MURILLO 1125,Villa Crespo,Comuna 15,1414,C1414AFM
-58.4441259114442,-34.6003906249939,MURILLO,720,MURILLO 720,Villa Crespo,Comuna 15,1414,C1414AFF
-58.4446688013173,-34.5998992252885,MURILLO,800,MURILLO 800,Villa Crespo,Comuna 15,1414,C1414AFF
-58.4450132848517,-34.5995871817026,MURILLO,820,MURILLO 820,Villa Crespo,Comuna 15,1414,C1414AFH
-58.4981850743307,-34.5961955295159,NAVARRO,3145,NAVARRO 3145,Agronomia,Comuna 15,1419,C1419HTI
-58.4871660194068,-34.5978477822077,NAZARRE,2552,NAZARRE 2552,Villa Del Parque,Comuna 11,1417,C1417DWB
-58.435193626949,-34.5676627981409,"NEWBERY, JORGE",1759,"NEWBERY, JORGE 1759",Palermo,Comuna 14,1426,C1426CXE
-58.4357173650466,-34.5684052229621,"NEWBERY, JORGE",1820,"NEWBERY, JORGE 1820",Palermo,Comuna 14,1426,C1426CXH
-58.4409717800711,-34.5724149329344,"NEWBERY, JORGE",2410,"NEWBERY, JORGE 2410",Palermo,Comuna 14,1426,C1426CXT
-58.4409686259469,-34.5724117475604,"NEWBERY, JORGE",2416,"NEWBERY, JORGE 2416",Palermo,Comuna 14,1426,C1426CXT
-58.4323853572229,-34.5825912587803,NICARAGUA,5440,NICARAGUA 5440,Palermo,Comuna 14,1414,C1414BWB
-58.4835612990104,-34.5982070287208,NOGOYA,2404,NOGOYA 2404,Villa Del Parque,Comuna 11,1417,C1417FMB
-58.4671177938384,-34.5495492550132,NUÑEZ,2364,NUÑEZ 2364,Nu\u00f1ez,Comuna 13,1429,C1429BWH
-58.4674237905627,-34.5497015616435,NUÑEZ,2398,NUÑEZ 2398,Nu\u00f1ez,Comuna 13,1429,C1429BWH
-58.4674311678493,-34.5500571664238,NUÑEZ,2401,NUÑEZ 2401,Nu\u00f1ez,Comuna 13,1429,C1429BWI
-58.4673945549423,-34.5501237318356,NUÑEZ,2402,NUÑEZ 2402,Nu\u00f1ez,Comuna 13,1429,C1429BWJ
-58.5174360883377,-34.5893904087511,OBISPO SAN ALBERTO,3784,OBISPO SAN ALBERTO 3784,Villa Devoto,Comuna 11,1419,C1419FFX
-58.5174360883377,-34.5893904087511,OBISPO SAN ALBERTO,3786,OBISPO SAN ALBERTO 3786,Villa Devoto,Comuna 11,1419,C1419FFX
-58.4537623795804,-34.5589789720716,O'HIGGINS,2200,O'HIGGINS 2200,Belgrano,Comuna 13,1428,C1428AGH
-58.4519589146459,-34.5666259190246,"OLAGUER Y FELIU, VIRREY",2407,"OLAGUER Y FELIU, VIRREY 2407",Colegiales,Comuna 13,1426,C1426EBA
-58.4520609512557,-34.5667562475839,"OLAGUER Y FELIU, VIRREY",2431,"OLAGUER Y FELIU, VIRREY 2431",Colegiales,Comuna 13,1426,C1426EBA
-58.3595121978544,-34.6366277410257,OLAVARRIA,486,OLAVARRIA 486,Boca,Comuna 4,1162,C1162ABJ
-58.3609614067594,-34.637214097182,OLAVARRIA,584,OLAVARRIA 584,Boca,Comuna 4,1162,C1162ABL
-58.3623964680027,-34.6377972929443,OLAVARRIA,684,OLAVARRIA 684,Boca,Comuna 4,1162,C1162ABN
-58.3636251874431,-34.6383035232788,OLAVARRIA,770,OLAVARRIA 770,Boca,Comuna 4,1162,C1162ABP
-58.5195812184829,-34.6541114978235,"OLAVARRIETA, DIEGO DE",1407,"OLAVARRIETA, DIEGO DE 1407",Mataderos,Comuna 9,1440,C1440EUA
-58.4581420227347,-34.5600216407495,OLAZABAL,2393,OLAZABAL 2393,Belgrano,Comuna 13,1428,C1428DHF
-58.4585703468671,-34.5602735514638,OLAZABAL,2411,OLAZABAL 2411,Belgrano,Comuna 13,1428,C1428DHG
-58.4585703468671,-34.5602735514638,OLAZABAL,2415,OLAZABAL 2415,Belgrano,Comuna 13,1428,C1428DHG
-58.4835009895663,-34.5752103901601,OLAZABAL AV.,4850,OLAZABAL AV. 4850,Villa Urquiza,Comuna 12,1431,C1431CGR
-58.4845641537814,-34.5758102712229,OLAZABAL AV.,4958,OLAZABAL AV. 4958,Villa Urquiza,Comuna 12,1431,C1431CGS
-58.4835009895663,-34.5752103901601,OLAZABAL AV.,4848,OLAZABAL AV. 4848,Villa Urquiza,Comuna 12,1431,C1431CGR
-58.4846538597679,-34.575861658309,OLAZABAL AV.,4984,OLAZABAL AV. 4984,Villa Urquiza,Comuna 12,1431,C1431CGS
-58.4855578632198,-34.5763802847577,OLAZABAL AV.,5068,OLAZABAL AV. 5068,Villa Urquiza,Comuna 12,1431,C1431CGT
-58.4867429612077,-34.5769020910201,OLAZABAL AV.,5187,OLAZABAL AV. 5187,Villa Urquiza,Comuna 12,1431,C1431CGH
-58.4876874532596,-34.5776092608646,OLAZABAL AV.,5288,OLAZABAL AV. 5288,Villa Urquiza,Comuna 12,1431,C1431CGV
-58.488502462474,-34.5780799247923,OLAZABAL AV.,5344,OLAZABAL AV. 5344,Villa Urquiza,Comuna 12,1431,C1431CGW
-58.517221829356,-34.6396951393629,,40,OLIDEN 40,,,,
-58.5174331418069,-34.6392348004397,,1,OLIDEN 1,,,,
-58.5043222163126,-34.6527709998203,OLIDEN,1484,OLIDEN 1484,Mataderos,Comuna 9,1440,C1440CQD
-58.4902787545692,-34.6641881940502,OLIDEN,2786,OLIDEN 2786,Mataderos,Comuna 9,1440,C1440CRD
-58.4911741061318,-34.6358216582507,,12,OLIVIERI 12,,,,
-58.4371193086798,-34.5642915714065,OLLEROS AV.,1680,OLLEROS AV. 1680,Palermo,Comuna 14,1426,C1426CRD
-58.4380448357394,-34.5647802413065,OLLEROS AV.,1759,OLLEROS AV. 1759,Palermo,Comuna 14,1426,C1426CRE
-58.438055272811,-34.5651238439058,OLLEROS AV.,1790,OLLEROS AV. 1790,Palermo,Comuna 14,1426,C1426CRF
-58.4438200216801,-34.5700183295387,OLLEROS,2383,OLLEROS 2383,Palermo,Comuna 14,1426,C1426CRQ
-58.4441052935193,-34.5708147047268,OLLEROS,2423,OLLEROS 2423,Colegiales,Comuna 13,1426,C1426CRS
-58.4895405358174,-34.6354565542885,,12,"OLMOS, JUAN FRANCISCO 12",,,,
-58.4603773115334,-34.6061732812252,"OROÑO, NICASIO",1688,"OROÑO, NICASIO 1688",Caballito,Comuna 6,1416,C1416BZL
-58.4614296041168,-34.6041527679919,"OROÑO, NICASIO",1960,"OROÑO, NICASIO 1960",Villa Gral. Mitre,Comuna 11,1416,C1416BZR
-58.4613229411668,-34.603440986068,"OROÑO, NICASIO",2009,"OROÑO, NICASIO 2009",Paternal,Comuna 15,1416,C1416BZS
-58.4613229411668,-34.603440986068,"OROÑO, NICASIO",2015,"OROÑO, NICASIO 2015",Paternal,Comuna 15,1416,C1416BZS
-58.4613229411668,-34.603440986068,"OROÑO, NICASIO",2021,"OROÑO, NICASIO 2021",Paternal,Comuna 15,1416,C1416BZS
-58.4325541436949,-34.5702786408334,ORTEGA Y GASSET,1816,ORTEGA Y GASSET 1816,Palermo,Comuna 14,1426,C1426DHH
-58.4052715995274,-34.5832471137253,ORTIZ DE OCAMPO,2514,ORTIZ DE OCAMPO 2514,Palermo,Comuna 14,1425,C1425DSN
-58.4320912552587,-34.6151528106607,,90,OTAMENDI 90,,,,
-58.3937545365517,-34.5919663651978,"PACHECO DE MELO, JOSE ANDRES",1898,"PACHECO DE MELO, JOSE ANDRES 1898",Recoleta,Comuna 2,1126,C1126AAB
-58.399651554593,-34.5878869310672,"PACHECO DE MELO, JOSE ANDRES",2480,"PACHECO DE MELO, JOSE ANDRES 2480",Recoleta,Comuna 2,1425,C1425AUB
-58.4462127119609,-34.5967633604521,PADILLA,1060,PADILLA 1060,Villa Crespo,Comuna 15,1414,C1414AGR
-58.4408787454468,-34.6016603313485,PADILLA,460,PADILLA 460,Villa Crespo,Comuna 15,1414,C1414AGF
-58.4756818841897,-34.6227266900289,PAEZ,3027,PAEZ 3027,Flores,Comuna 7,1406,C1406FRA
-58.477622475852,-34.6232395422573,PAEZ,3203,PAEZ 3203,Floresta,Comuna 10,1406,C1406FRE
-58.3608459229217,-34.6379807071724,PALOS,790,PALOS 790,Boca,Comuna 4,1160,C1160ACL
-58.4460851600909,-34.5687831312709,PALPA,2378,PALPA 2378,Palermo,Comuna 14,1426,C1426DOB
-58.446352640077,-34.5689190885559,PALPA,2395,PALPA 2395,Palermo,Comuna 14,1426,C1426DOA
-58.4467993527615,-34.569435189331,PALPA,2411,PALPA 2411,Colegiales,Comuna 13,1426,C1426DOC
-58.4292312143781,-34.5807123716938,PARAGUAY,5017,PARAGUAY 5017,Palermo,Comuna 14,1425,C1425BTC
-58.3884097203463,-34.5955232946042,PARANA,1111,PARANA 1111,Recoleta,Comuna 2,1018,C1018ADC
-58.3882794864236,-34.5968693216117,PARANA,1013,PARANA 1013,Recoleta,Comuna 2,1018,C1018ADA
-58.3884097203463,-34.5955232946042,PARANA,1113,PARANA 1113,Recoleta,Comuna 2,1018,C1018ADC
-58.3885458460119,-34.5943983569907,PARANA,1217,PARANA 1217,Recoleta,Comuna 2,1018,C1018ADE
-58.3879331864952,-34.6054582647797,PARANA,300,PARANA 300,San Nicolas,Comuna 1,1017,C1017AAF
-58.3878607117394,-34.6052284500051,PARANA,305,PARANA 305,San Nicolas,Comuna 1,1017,C1017AAG
-58.3876629600221,-34.6083741844273,,43,PARANA 43,,,,
-58.3879208008449,-34.6026484259686,PARANA,505,PARANA 505,San Nicolas,Comuna 1,1017,C1017AAK
-58.3880094289027,-34.6014902754576,PARANA,615,PARANA 615,San Nicolas,Comuna 1,1017,C1017AAM
-58.3880112230124,-34.601455313206,PARANA,621,PARANA 621,San Nicolas,Comuna 1,1017,C1017AAM
-58.3880686675166,-34.6003084807771,PARANA,725,PARANA 725,San Nicolas,Comuna 1,1017,C1017AAO
-58.3880686675166,-34.6003084807771,PARANA,727,PARANA 727,San Nicolas,Comuna 1,1017,C1017AAO
-58.388080140548,-34.6000083930047,PARANA,751,PARANA 751,San Nicolas,Comuna 1,1017,C1017AAO
-58.3881798918888,-34.5980590377453,PARANA,921,PARANA 921,Recoleta,Comuna 2,1017,C1017AAS
-58.4698579322696,-34.5466296436525,PAROISSIEN,2399,PAROISSIEN 2399,Nu\u00f1ez,Comuna 13,1429,C1429CXI
-58.4705201787885,-34.5470653184141,PAROISSIEN,2471,PAROISSIEN 2471,Saavedra,Comuna 12,1429,C1429CXK
-58.439078221495,-34.6191701491926,,11,PARRAL 11,,,,
-58.3975091671084,-34.6099237270467,,8,PASCO 8,,,,
-58.3974419640147,-34.610520365932,,90,PASCO 90,,,,
-58.4033944077679,-34.6080124285201,PASO,157,PASO 157,Balvanera,Comuna 3,1031,C1031ABC
-58.4033963081088,-34.6079801983972,PASO,159,PASO 159,Balvanera,Comuna 3,1031,C1031ABC
-58.403398207358,-34.6079479682734,PASO,161,PASO 161,Balvanera,Comuna 3,1031,C1031ABC
-58.403400107696,-34.6079157381501,PASO,163,PASO 163,Balvanera,Comuna 3,1031,C1031ABC
-58.4034701086673,-34.6067582118569,PASO,263,PASO 263,Balvanera,Comuna 3,1031,C1031ABE
-58.4034701086673,-34.6067582118569,PASO,265,PASO 265,Balvanera,Comuna 3,1031,C1031ABE
-58.4035254163019,-34.6058181708922,PASO,339,PASO 339,Balvanera,Comuna 3,1031,C1031ABG
-58.4035302353922,-34.6057363250008,PASO,341,PASO 341,Balvanera,Comuna 3,1031,C1031ABG
-58.4035528449427,-34.6053467777912,PASO,371,PASO 371,Balvanera,Comuna 3,1031,C1031ABG
-58.4035528449427,-34.6053467777912,PASO,373,PASO 373,Balvanera,Comuna 3,1031,C1031ABG
-58.4033133076868,-34.6093753831333,,43,PASO 43,,,,
-58.4036010081371,-34.6045491204103,PASO,411,PASO 411,Balvanera,Comuna 3,1031,C1031ABI
-58.4035977490648,-34.6045435650465,PASO,413,PASO 413,Balvanera,Comuna 3,1031,C1031ABI
-58.4032886495206,-34.6098000185502,,5,PASO 5,,,,
-58.40355182931,-34.6020925652004,PASO,595,PASO 595,Balvanera,Comuna 3,1031,C1031ABK
-58.4035230716096,-34.6018156533436,PASO,607,PASO 607,Balvanera,Comuna 3,1031,C1031ABM
-58.4033707238721,-34.6008296345776,PASO,707,PASO 707,Balvanera,Comuna 3,1031,C1031ABO
-58.4032079700825,-34.5998203693907,PASO,755,PASO 755,Balvanera,Comuna 3,1031,C1031ABO
-58.3991954083625,-34.6077842462907,PASTEUR,157,PASTEUR 157,Balvanera,Comuna 3,1028,C1028AAC
-58.3991954083625,-34.6077842462907,PASTEUR,159,PASTEUR 159,Balvanera,Comuna 3,1028,C1028AAC
-58.3991954083625,-34.6077842462907,PASTEUR,161,PASTEUR 161,Balvanera,Comuna 3,1028,C1028AAC
-58.3991954083625,-34.6077842462907,PASTEUR,163,PASTEUR 163,Balvanera,Comuna 3,1028,C1028AAC
-58.399246974928,-34.6067083897722,PASTEUR,247,PASTEUR 247,Balvanera,Comuna 3,1028,C1028AAE
-58.399246974928,-34.6067083897722,PASTEUR,249,PASTEUR 249,Balvanera,Comuna 3,1028,C1028AAE
-58.399246974928,-34.6067083897722,PASTEUR,251,PASTEUR 251,Balvanera,Comuna 3,1028,C1028AAE
-58.3992482455719,-34.6066876509608,PASTEUR,253,PASTEUR 253,Balvanera,Comuna 3,1028,C1028AAE
-58.3992495151242,-34.6066669130502,PASTEUR,255,PASTEUR 255,Balvanera,Comuna 3,1028,C1028AAE
-58.3993768608484,-34.6052865984652,PASTEUR,355,PASTEUR 355,Balvanera,Comuna 3,1028,C1028AAG
-58.3993768608484,-34.6052865984652,PASTEUR,357,PASTEUR 357,Balvanera,Comuna 3,1028,C1028AAG
-58.3993845304952,-34.6052148747019,PASTEUR,359,PASTEUR 359,Balvanera,Comuna 3,1028,C1028AAG
-58.3993845304952,-34.6052148747019,PASTEUR,361,PASTEUR 361,Balvanera,Comuna 3,1028,C1028AAG
-58.3993845304952,-34.6052148747019,PASTEUR,363,PASTEUR 363,Balvanera,Comuna 3,1028,C1028AAG
-58.3991098824723,-34.6091009158138,,45,PASTEUR 45,,,,
-58.3991144226285,-34.6090505203899,,47,PASTEUR 47,,,,
-58.399118962779,-34.6090001249655,,49,PASTEUR 49,,,,
-58.399118962779,-34.6090001249655,,51,PASTEUR 51,,,,
-58.399118962779,-34.6090001249655,,53,PASTEUR 53,,,,
-58.399447594186,-34.6044459141921,PASTEUR,409,PASTEUR 409,Balvanera,Comuna 3,1028,C1028AAI
-58.3995438125593,-34.6031029755168,PASTEUR,517,PASTEUR 517,Balvanera,Comuna 3,1028,C1028AAK
-58.3991702373756,-34.6095322960003,,6,PASTEUR 6,,,,
-58.3997744544163,-34.6009908399728,PASTEUR,705,PASTEUR 705,Balvanera,Comuna 3,1028,C1028AAO
-58.3981189926642,-34.6369704006573,PATAGONES,2580,PATAGONES 2580,Parque Patricios,Comuna 4,1282,C1282ACD
-58.4087229160025,-34.5814902211645,PAUNERO,2790,PAUNERO 2790,Palermo,Comuna 14,1425,C1425DIB
-58.4083991793366,-34.5806507469067,PAUNERO,2888,PAUNERO 2888,Palermo,Comuna 14,1425,C1425DID
-58.4083894330878,-34.580629507213,PAUNERO,2890,PAUNERO 2890,Palermo,Comuna 14,1425,C1425DID
-58.3840136829597,-34.6260758873209,PAVON,1280,PAVON 1280,Constitucion,Comuna 1,1151,C1151ABD
-58.3854884355516,-34.6261354593148,PAVON,1386,PAVON 1386,Constitucion,Comuna 1,1151,C1151ABF
-58.3870045393983,-34.6261977687043,PAVON,1490,PAVON 1490,Constitucion,Comuna 1,1151,C1151ABH
-58.3877549836258,-34.6261872570704,PAVON,1550,PAVON 1550,Constitucion,Comuna 1,1151,C1151ABJ
-58.3890417333286,-34.6262054025803,PAVON,1660,PAVON 1660,Constitucion,Comuna 1,1151,C1151ABL
-58.3905995469114,-34.6263197451548,PAVON,1776,PAVON 1776,Constitucion,Comuna 1,1151,C1151ABN
-58.4010201256982,-34.6274687066154,PAVON,2582,PAVON 2582,San Cristobal,Comuna 3,1248,C1248AAU
-58.4010371821228,-34.6274705704,PAVON,2584,PAVON 2584,San Cristobal,Comuna 3,1248,C1248AAU
-58.4016411471342,-34.6274457132645,PAVON,2621,PAVON 2621,San Cristobal,Comuna 3,1248,C1248AAI
-58.4532641334815,-34.6116343437253,PAYSANDU,1071,PAYSANDU 1071,Caballito,Comuna 6,1405,C1405ANM
-58.4583355219494,-34.604781901509,PAYSANDU,1688,PAYSANDU 1688,Caballito,Comuna 6,1416,C1416CDL
-58.4585816784816,-34.604056824083,PAYSANDU,1822,PAYSANDU 1822,Paternal,Comuna 15,1416,C1416CDP
-58.503436533568,-34.6188863207008,"PAZ, MARCOS",2180,"PAZ, MARCOS 2180",Monte Castro,Comuna 10,1407,C1407CSN
-58.5140341678153,-34.607728171922,"PAZ, MARCOS",3478,"PAZ, MARCOS 3478",Villa Devoto,Comuna 11,1417,C1417BHZ
-58.4658743507634,-34.5509588573624,"PEDRAZA, MANUELA",2365,"PEDRAZA, MANUELA 2365",Nu\u00f1ez,Comuna 13,1429,C1429CCI
-58.4661113315437,-34.5510773898777,"PEDRAZA, MANUELA",2389,"PEDRAZA, MANUELA 2389",Nu\u00f1ez,Comuna 13,1429,C1429CCI
-58.4662182551232,-34.5512364387237,"PEDRAZA, MANUELA",2400,"PEDRAZA, MANUELA 2400",Nu\u00f1ez,Comuna 13,1429,C1429CCJ
-58.3813446335357,-34.5964727556994,"PELLEGRINI, CARLOS",1011,"PELLEGRINI, CARLOS 1011",Retiro,Comuna 1,1009,C1009ABU
-58.3814260141406,-34.5950919087425,"PELLEGRINI, CARLOS",1115,"PELLEGRINI, CARLOS 1115",Retiro,Comuna 1,1009,C1009ABW
-58.3814989945609,-34.5938954316948,"PELLEGRINI, CARLOS",1217,"PELLEGRINI, CARLOS 1217",Retiro,Comuna 1,1009,C1009ABY
-58.3815471083807,-34.5926386718095,"PELLEGRINI, CARLOS",1317,"PELLEGRINI, CARLOS 1317",Retiro,Comuna 1,1011,C1011AAA
-58.3809424705819,-34.6033718571157,"PELLEGRINI, CARLOS",425,"PELLEGRINI, CARLOS 425",San Nicolas,Comuna 1,1009,C1009ABI
-58.3810674164036,-34.6012066365784,"PELLEGRINI, CARLOS",611,"PELLEGRINI, CARLOS 611",San Nicolas,Comuna 1,1009,C1009ABM
-58.3812181256178,-34.6003082298283,"PELLEGRINI, CARLOS",700,"PELLEGRINI, CARLOS 700",San Nicolas,Comuna 1,1009,C1009ABN
-58.3812117205288,-34.598811847702,"PELLEGRINI, CARLOS",811,"PELLEGRINI, CARLOS 811",Retiro,Comuna 1,1009,C1009ABQ
-58.3812198798055,-34.5987062139614,"PELLEGRINI, CARLOS",821,"PELLEGRINI, CARLOS 821",Retiro,Comuna 1,1009,C1009ABQ
-58.3812247764513,-34.5986428340772,"PELLEGRINI, CARLOS",833,"PELLEGRINI, CARLOS 833",Retiro,Comuna 1,1009,C1009ABQ
-58.3813091630712,-34.5975026200141,"PELLEGRINI, CARLOS",917,"PELLEGRINI, CARLOS 917",Retiro,Comuna 1,1009,C1009ABS
-58.3950603198758,-34.5925100870017,PEÑA,2015,PEÑA 2015,Recoleta,Comuna 2,1126,C1126ABA
-58.3961396373396,-34.5916288816564,PEÑA,2117,PEÑA 2117,Recoleta,Comuna 2,1126,C1126ABC
-58.4009858504853,-34.5836472089023,PEREYRA LUCENA,2523,PEREYRA LUCENA 2523,Palermo,Comuna 14,1425,C1425EDA
-58.4010496928041,-34.5837355476451,PEREYRA LUCENA,2515,PEREYRA LUCENA 2515,Palermo,Comuna 14,1425,C1425EDA
-58.4744888098198,-34.6324249046921,,7,PERGAMINO 7,,,,
-58.4661933246191,-34.6452687976661,PERGAMINO,1291,PERGAMINO 1291,Parque Avellaneda,Comuna 9,1406,C1406FHY
-58.4657952968893,-34.6455813331377,PERGAMINO,1313,PERGAMINO 1313,Parque Avellaneda,Comuna 9,1406,C1406FIA
-58.3851691067198,-34.6063282168519,"PERON, JUAN DOMINGO, TTE. GENERAL",1305,"PERON, JUAN DOMINGO, TTE. GENERAL 1305",San Nicolas,Comuna 1,1038,C1038ABA
-58.3879509998307,-34.6065129085821,"PERON, JUAN DOMINGO, TTE. GENERAL",1501,"PERON, JUAN DOMINGO, TTE. GENERAL 1501",San Nicolas,Comuna 1,1037,C1037ACC
-58.3894418102122,-34.6066067929166,"PERON, JUAN DOMINGO, TTE. GENERAL",1603,"PERON, JUAN DOMINGO, TTE. GENERAL 1603",San Nicolas,Comuna 1,1037,C1037ACE
-58.389458159631,-34.6066078303757,"PERON, JUAN DOMINGO, TTE. GENERAL",1605,"PERON, JUAN DOMINGO, TTE. GENERAL 1605",San Nicolas,Comuna 1,1037,C1037ACE
-58.3937126054695,-34.6068966954397,"PERON, JUAN DOMINGO, TTE. GENERAL",1901,"PERON, JUAN DOMINGO, TTE. GENERAL 1901",Balvanera,Comuna 3,1040,C1040AAC
-58.398028582907,-34.6072009820387,"PERON, JUAN DOMINGO, TTE. GENERAL",2203,"PERON, JUAN DOMINGO, TTE. GENERAL 2203",Balvanera,Comuna 3,1040,C1040AAI
-58.4008298583327,-34.6073668657804,"PERON, JUAN DOMINGO, TTE. GENERAL",2401,"PERON, JUAN DOMINGO, TTE. GENERAL 2401",Balvanera,Comuna 3,1040,C1040AAM
-58.4049869566133,-34.6076050500718,"PERON, JUAN DOMINGO, TTE. GENERAL",2711,"PERON, JUAN DOMINGO, TTE. GENERAL 2711",Balvanera,Comuna 3,1040,C1040AAS
-58.3981528781942,-34.6072102128161,"PERON, JUAN DOMINGO, TTE. GENERAL",2227,"PERON, JUAN DOMINGO, TTE. GENERAL 2227",Balvanera,Comuna 3,1040,C1040AAI
-58.3981679806151,-34.6072112268138,"PERON, JUAN DOMINGO, TTE. GENERAL",2229,"PERON, JUAN DOMINGO, TTE. GENERAL 2229",Balvanera,Comuna 3,1040,C1040AAI
-58.3981830830365,-34.6072122408096,"PERON, JUAN DOMINGO, TTE. GENERAL",2231,"PERON, JUAN DOMINGO, TTE. GENERAL 2231",Balvanera,Comuna 3,1040,C1040AAI
-58.3982966144917,-34.6072198602806,"PERON, JUAN DOMINGO, TTE. GENERAL",2233,"PERON, JUAN DOMINGO, TTE. GENERAL 2233",Balvanera,Comuna 3,1040,C1040AAI
-58.3999054620221,-34.6073169025722,"PERON, JUAN DOMINGO, TTE. GENERAL",2343,"PERON, JUAN DOMINGO, TTE. GENERAL 2343",Balvanera,Comuna 3,1040,C1040AAK
-58.3999506957311,-34.607319333595,"PERON, JUAN DOMINGO, TTE. GENERAL",2345,"PERON, JUAN DOMINGO, TTE. GENERAL 2345",Balvanera,Comuna 3,1040,C1040AAK
-58.3999506957311,-34.607319333595,"PERON, JUAN DOMINGO, TTE. GENERAL",2347,"PERON, JUAN DOMINGO, TTE. GENERAL 2347",Balvanera,Comuna 3,1040,C1040AAK
-58.401585158279,-34.6074088308565,"PERON, JUAN DOMINGO, TTE. GENERAL",2471,"PERON, JUAN DOMINGO, TTE. GENERAL 2471",Balvanera,Comuna 3,1040,C1040AAM
-58.4024982099458,-34.6074518427535,"PERON, JUAN DOMINGO, TTE. GENERAL",2539,"PERON, JUAN DOMINGO, TTE. GENERAL 2539",Balvanera,Comuna 3,1040,C1040AAO
-58.4024982099458,-34.6074518427535,"PERON, JUAN DOMINGO, TTE. GENERAL",2541,"PERON, JUAN DOMINGO, TTE. GENERAL 2541",Balvanera,Comuna 3,1040,C1040AAO
-58.4024982099458,-34.6074518427535,"PERON, JUAN DOMINGO, TTE. GENERAL",2543,"PERON, JUAN DOMINGO, TTE. GENERAL 2543",Balvanera,Comuna 3,1040,C1040AAO
-58.4028653593646,-34.6074644181826,"PERON, JUAN DOMINGO, TTE. GENERAL",2557,"PERON, JUAN DOMINGO, TTE. GENERAL 2557",Balvanera,Comuna 3,1040,C1040AAO
-58.3923524751103,-34.606772489802,"PERON, JUAN DOMINGO, TTE. GENERAL",1809,"PERON, JUAN DOMINGO, TTE. GENERAL 1809",Balvanera,Comuna 3,1040,C1040AAA
-58.3938389638434,-34.6069083377263,"PERON, JUAN DOMINGO, TTE. GENERAL",1913,"PERON, JUAN DOMINGO, TTE. GENERAL 1913",Balvanera,Comuna 3,1040,C1040AAC
-58.3952990090755,-34.6070321493369,"PERON, JUAN DOMINGO, TTE. GENERAL",2019,"PERON, JUAN DOMINGO, TTE. GENERAL 2019",Balvanera,Comuna 3,1040,C1040AAE
-58.3965862928566,-34.6071996825889,"PERON, JUAN DOMINGO, TTE. GENERAL",2108,"PERON, JUAN DOMINGO, TTE. GENERAL 2108",Balvanera,Comuna 3,1040,C1040AAH
-58.4079623630062,-34.607798339965,"PERON, JUAN DOMINGO, TTE. GENERAL",2913,"PERON, JUAN DOMINGO, TTE. GENERAL 2913",Balvanera,Comuna 3,1198,C1198AAC
-58.3694939750145,-34.6306545803786,PI Y MARGALL,1101,PI Y MARGALL 1101,Boca,Comuna 4,1165,C1165AFC
-58.3701391677736,-34.6308233836142,PI Y MARGALL,1182,PI Y MARGALL 1182,Boca,Comuna 4,1165,C1165AFD
-58.4356521104894,-34.6350107729205,PICHEUTA,1337,PICHEUTA 1337,Parque Chacabuco,Comuna 7,1424,C1424APA
-58.3968405622287,-34.6279991357118,PICHINCHA,1600,PICHINCHA 1600,San Cristobal,Comuna 3,1249,C1249ABH
-58.3989360173043,-34.6118295689284,PICHINCHA,196,PICHINCHA 196,Balvanera,Comuna 3,1082,C1082ACD
-58.3990292046873,-34.6106630427649,,90,PICHINCHA 90,,,,
-58.4741694700891,-34.540623982048,PICO,2399,PICO 2399,Nu\u00f1ez,Comuna 13,1429,C1429EFM
-58.4746573655558,-34.6881372439198,PIEDRA BUENA AV.,4917,PIEDRA BUENA AV. 4917,Villa Riachuelo,Comuna 8,1439,C1439GWG
-58.475031471475,-34.6877533172645,PIEDRA BUENA AV.,4914,PIEDRA BUENA AV. 4914,Villa Riachuelo,Comuna 8,1439,C1439GWT
-58.3771949637697,-34.6210928046583,PIEDRAS,1106,PIEDRAS 1106,San Telmo,Comuna 1,1070,C1070AAX
-58.377192832995,-34.6221942774475,PIEDRAS,1210,PIEDRAS 1210,San Telmo,Comuna 1,1140,C1140ABB
-58.3771205927224,-34.6235831085324,PIEDRAS,1301,PIEDRAS 1301,Constitucion,Comuna 1,1140,C1140ABC
-58.3777539455836,-34.6086957404109,,48,PIEDRAS 48,,,,
-58.3777442351448,-34.6089006916681,,52,PIEDRAS 52,,,,
-58.5076599514611,-34.655279196755,PILAR,1679,PILAR 1679,Mataderos,Comuna 9,1440,C1440EAK
-58.3699269459542,-34.6364769906309,PINZON,1201,PINZON 1201,Barracas,Comuna 4,1287,C1287ACA
-58.3702091498865,-34.6364956523376,PINZON,1235,PINZON 1235,Barracas,Comuna 4,1287,C1287ACA
-58.3745636580966,-34.637094686618,PINZON,1699,PINZON 1699,Barracas,Comuna 4,1287,C1287ACI
-58.3602803206448,-34.6338007453707,PINZON,425,PINZON 425,Boca,Comuna 4,1161,C1161ACI
-58.4415594862708,-34.6091058174903,PLANES,601,PLANES 601,Caballito,Comuna 6,1405,C1405DBA
-58.4416857593776,-34.6091539348222,PLANES,627,PLANES 627,Caballito,Comuna 6,1405,C1405DBA
-58.4416857593776,-34.6091539348222,PLANES,629,PLANES 629,Caballito,Comuna 6,1405,C1405DBA
-58.4673002654256,-34.5828719817168,PLAZA,995,PLAZA 995,Villa Ortuzar,Comuna 15,1427,C1427CVE
-58.5129882880623,-34.639482210414,,15,POLA 15,,,,
-58.5002267766439,-34.6500941226686,POLA,1215,POLA 1215,Mataderos,Comuna 9,1440,C1440DAK
-58.5129982851439,-34.6394433675152,,9,POLA 9,,,,
-58.5193490247782,-34.6330355737891,"PORCEL DE PERALTA, MANUEL",320,"PORCEL DE PERALTA, MANUEL 320",Liniers,Comuna 9,1408,C1408CBB
-58.4733422221797,-34.6319975542366,,16,PORTELA 16,,,,
-58.4650948260537,-34.6447517649772,PORTELA,1195,PORTELA 1195,Parque Avellaneda,Comuna 9,1406,C1406FDW
-58.3837744639852,-34.5894171817819,POSADAS,1213,POSADAS 1213,Retiro,Comuna 1,1011,C1011ABE
-58.3838176512656,-34.5893920404788,POSADAS,1217,POSADAS 1217,Retiro,Comuna 1,1011,C1011ABE
-58.3861937672617,-34.58800095501,POSADAS,1401,POSADAS 1401,Recoleta,Comuna 2,1011,C1011ABI
-58.3873045801953,-34.5873610130989,POSADAS,1515,POSADAS 1515,Recoleta,Comuna 2,1112,C1112ADA
-58.3879882912354,-34.5870755539236,POSADAS,1580,POSADAS 1580,Recoleta,Comuna 2,1112,C1112ADB
-58.4243345039072,-34.607220751568,POTOSI,4087,POTOSI 4087,Almagro,Comuna 5,1199,C1199ACG
-58.4244234717139,-34.607220151206,POTOSI,4095,POTOSI 4095,Almagro,Comuna 5,1199,C1199ACG
-58.5143322187263,-34.6389185778963,,27,PRELADO DON BUENAVENTURA RISSO PATRON 27,,,,
-58.4249029860407,-34.5955682067396,PRINGLES,1396,PRINGLES 1396,Palermo,Comuna 14,1183,C1183AEZ
-58.4263235649126,-34.6135424969926,,10,PRINGLES 10,,,,
-58.4097312289089,-34.62501227673,"PRUDAN, MANUEL SILVESTRE, TTE.",1213,"PRUDAN, MANUEL SILVESTRE, TTE. 1213",San Cristobal,Comuna 3,1242,C1242AEA
-58.4485104781584,-34.6237081826631,,14,PUAN 14,,,,
-58.3989038215509,-34.5883838252865,PUEYRREDON AV.,2000,PUEYRREDON AV. 2000,Recoleta,Comuna 2,1119,C1119ACP
-58.4521909735579,-34.5998048269614,"PUEYRREDON, HONORIO, DR. AV.",1931,"PUEYRREDON, HONORIO, DR. AV. 1931",Villa Crespo,Comuna 15,1414,C1414CEI
-58.4525560683317,-34.5996631663352,"PUEYRREDON, HONORIO, DR. AV.",2000,"PUEYRREDON, HONORIO, DR. AV. 2000",Villa Crespo,Comuna 15,1414,C1414CEV
-58.444992641857,-34.6076094929613,"PUEYRREDON, HONORIO, DR. AV.",1079,"PUEYRREDON, HONORIO, DR. AV. 1079",Caballito,Comuna 6,1405,C1405BAH
-58.4506739118532,-34.6014412114234,"PUEYRREDON, HONORIO, DR. AV.",1721,"PUEYRREDON, HONORIO, DR. AV. 1721",Villa Crespo,Comuna 15,1414,C1414CEG
-58.4512040358476,-34.6097381913812,PUJOL,1110,PUJOL 1110,Caballito,Comuna 6,1416,C1416CIB
-58.4634252117439,-34.5543620659005,QUESADA,2399,QUESADA 2399,Nu\u00f1ez,Comuna 13,1429,C1429COI
-58.4638885534564,-34.5546025140735,QUESADA,2401,QUESADA 2401,Nu\u00f1ez,Comuna 13,1429,C1429COK
-58.5192009174617,-34.6108110586539,QUEVEDO,3482,QUEVEDO 3482,Villa Devoto,Comuna 11,1417,C1417BVF
-58.3731677248304,-34.6436057122693,"QUINQUELA MARTIN, BENITO",1686,"QUINQUELA MARTIN, BENITO 1686",Barracas,Comuna 4,1296,C1296ADH
-58.3872071686285,-34.5904924273113,"QUINTANA, MANUEL, PRES.",225,"QUINTANA, MANUEL, PRES. 225",Recoleta,Comuna 2,1014,C1014ACC
-58.3880972849719,-34.5897858331848,"QUINTANA, MANUEL, PRES.",325,"QUINTANA, MANUEL, PRES. 325",Recoleta,Comuna 2,1014,C1014ACD
-58.3892332884261,-34.5888352110099,"QUINTANA, MANUEL, PRES. AV.",415,"QUINTANA, MANUEL, PRES. AV. 415",Recoleta,Comuna 2,1129,C1129ABA
-58.3899922053712,-34.5882032111782,"QUINTANA, MANUEL, PRES. AV.",501,"QUINTANA, MANUEL, PRES. AV. 501",Recoleta,Comuna 2,1129,C1129ABB
-58.390031093443,-34.5881742357719,"QUINTANA, MANUEL, PRES. AV.",531,"QUINTANA, MANUEL, PRES. AV. 531",Recoleta,Comuna 2,1129,C1129ABB
-58.4710905558182,-34.6314627247393,,11,QUIRNO 11,,,,
-58.4051986278226,-34.5948092874946,"QUIRNO COSTA, NORBERTO, DR.",1300,"QUIRNO COSTA, NORBERTO, DR. 1300",Recoleta,Comuna 2,1425,C1425ETB
-58.4285027975931,-34.6171312065124,QUITO,4397,QUITO 4397,Almagro,Comuna 5,1212,C1212ABO
-58.4723255871988,-34.5427769989128,RAMALLO,2377,RAMALLO 2377,Nu\u00f1ez,Comuna 13,1429,C1429DUM
-58.4725264537606,-34.5429883074751,RAMALLO,2398,RAMALLO 2398,Nu\u00f1ez,Comuna 13,1429,C1429DUN
-58.4728187988174,-34.5429981788328,RAMALLO,2401,RAMALLO 2401,Saavedra,Comuna 12,1429,C1429DUO
-58.4734032270327,-34.5432103090367,RAMALLO,2493,RAMALLO 2493,Saavedra,Comuna 12,1429,C1429DUO
-58.4418530859742,-34.5928013187291,"RAMIREZ DE VELASCO, JUAN",1109,"RAMIREZ DE VELASCO, JUAN 1109",Villa Crespo,Comuna 15,1414,C1414AQW
-58.4436695286366,-34.5909010303807,"RAMIREZ DE VELASCO, JUAN",1331,"RAMIREZ DE VELASCO, JUAN 1331",Chacarita,Comuna 15,1414,C1414ARA
-58.4368077712064,-34.5981823064863,"RAMIREZ DE VELASCO, JUAN",519,"RAMIREZ DE VELASCO, JUAN 519",Villa Crespo,Comuna 15,1414,C1414AQK
-58.4333459371501,-34.576402253641,"RAVIGNANI, EMILIO, DR.",2380,"RAVIGNANI, EMILIO, DR. 2380",Palermo,Comuna 14,1425,C1425FYF
-58.4332322664854,-34.5763027056596,"RAVIGNANI, EMILIO, DR.",2390,"RAVIGNANI, EMILIO, DR. 2390",Palermo,Comuna 14,1425,C1425FYF
-58.4552668892196,-34.6018003789261,"REPETTO, NICOLAS, DR.",1991,"REPETTO, NICOLAS, DR. 1991",Villa Crespo,Comuna 15,1416,C1416CLQ
-58.449044399236,-34.6085518383235,"REPETTO, NICOLAS, DR.",1115,"REPETTO, NICOLAS, DR. 1115",Caballito,Comuna 6,1416,C1416CLA
-58.4429937125691,-34.6209656089294,,4,"REPETTO, NICOLAS, DR. 4",,,,
-58.4139479091257,-34.5814338378164,REPUBLICA ARABE SIRIA,2905,REPUBLICA ARABE SIRIA 2905,Palermo,Comuna 14,1425,C1425EYI
-58.4139046319486,-34.5813686784537,REPUBLICA ARABE SIRIA,2921,REPUBLICA ARABE SIRIA 2921,Palermo,Comuna 14,1425,C1425EYI
-58.4132663174842,-34.5804016255594,REPUBLICA ARABE SIRIA,3027,REPUBLICA ARABE SIRIA 3027,Palermo,Comuna 14,1425,C1425EYK
-58.4129232415622,-34.5798879666901,REPUBLICA ARABE SIRIA,3113,REPUBLICA ARABE SIRIA 3113,Palermo,Comuna 14,1425,C1425EYM
-58.4128860344939,-34.579831941974,REPUBLICA ARABE SIRIA,3125,REPUBLICA ARABE SIRIA 3125,Palermo,Comuna 14,1425,C1425EYM
-58.4123021576498,-34.5787461053389,REPUBLICA ARABE SIRIA,3220,REPUBLICA ARABE SIRIA 3220,Palermo,Comuna 14,1425,C1425EYP
-58.4121071567642,-34.5786565273,REPUBLICA ARABE SIRIA,3231,REPUBLICA ARABE SIRIA 3231,Palermo,Comuna 14,1425,C1425EYO
-58.3907905452915,-34.6148220636576,REPUBLICA BOLIVARIANA DE VENEZUELA,1725,REPUBLICA BOLIVARIANA DE VENEZUELA 1725,Monserrat,Comuna 1,1096,C1096ABC
-58.4043486119231,-34.6157382378845,REPUBLICA BOLIVARIANA DE VENEZUELA,2699,REPUBLICA BOLIVARIANA DE VENEZUELA 2699,Balvanera,Comuna 3,1096,C1096ABU
-58.4049104562862,-34.6158584663222,REPUBLICA BOLIVARIANA DE VENEZUELA,2739,REPUBLICA BOLIVARIANA DE VENEZUELA 2739,Balvanera,Comuna 3,1211,C1211AAA
-58.3721355159499,-34.6136067836442,REPUBLICA BOLIVARIANA DE VENEZUELA,419,REPUBLICA BOLIVARIANA DE VENEZUELA 419,Monserrat,Comuna 1,1095,C1095AAI
-58.428291652173,-34.6183182530226,REPUBLICA BOLIVARIANA DE VENEZUELA,4480,REPUBLICA BOLIVARIANA DE VENEZUELA 4480,Almagro,Comuna 5,1211,C1211ABJ
-58.3735281921431,-34.6137115437011,REPUBLICA BOLIVARIANA DE VENEZUELA,517,REPUBLICA BOLIVARIANA DE VENEZUELA 517,Monserrat,Comuna 1,1095,C1095AAK
-58.3762648903437,-34.613947162202,REPUBLICA BOLIVARIANA DE VENEZUELA,710,REPUBLICA BOLIVARIANA DE VENEZUELA 710,Monserrat,Comuna 1,1095,C1095AAP
-58.4340566846019,-34.5700339000034,REPUBLICA DE ESLOVENIA,1887,REPUBLICA DE ESLOVENIA 1887,Palermo,Comuna 14,1426,C1426CZE
-58.4158290616439,-34.5799654939695,REPUBLICA DE LA INDIA,2801,REPUBLICA DE LA INDIA 2801,Palermo,Comuna 14,1425,C1425FCC
-58.4145537821628,-34.578020263027,REPUBLICA DE LA INDIA,3017,REPUBLICA DE LA INDIA 3017,Palermo,Comuna 14,1425,C1425FCG
-58.4138096806509,-34.5768854187318,REPUBLICA DE LA INDIA,3107,REPUBLICA DE LA INDIA 3107,Palermo,Comuna 14,1425,C1425FCI
-58.4755164602726,-34.6773405419097,RIESTRA AV.,5705,RIESTRA AV. 5705,Villa Lugano,Comuna 8,1439,C1439BYI
-58.4782066135154,-34.6796757739327,RIESTRA AV.,6059,RIESTRA AV. 6059,Villa Lugano,Comuna 8,1439,C1439BYL
-58.3949581731047,-34.6231878099328,RINCON,1213,RINCON 1213,San Cristobal,Comuna 3,1251,C1251ACA
-58.3946171353122,-34.6257346968473,RINCON,1415,RINCON 1415,San Cristobal,Comuna 3,1251,C1251ACE
-58.3944476556085,-34.6269000616684,RINCON,1529,RINCON 1529,San Cristobal,Comuna 3,1251,C1251ACG
-58.3961909152604,-34.6136450278202,RINCON,357,RINCON 357,Balvanera,Comuna 3,1081,C1081ABG
-58.3961815199529,-34.6143597993918,RINCON,415,RINCON 415,Balvanera,Comuna 3,1081,C1081ABI
-58.3960482228556,-34.6182073077062,RINCON,789,RINCON 789,Balvanera,Comuna 3,1227,C1227ACE
-58.3959656001698,-34.6197036340001,RINCON,907,RINCON 907,San Cristobal,Comuna 3,1227,C1227ACI
-58.3947754136512,-34.5963088095776,RIOBAMBA,1080,RIOBAMBA 1080,Recoleta,Comuna 2,1116,C1116ABF
-58.3945858057465,-34.5949003697876,RIOBAMBA,1180,RIOBAMBA 1180,Recoleta,Comuna 2,1116,C1116ABH
-58.3946658008394,-34.5960246622461,RIOBAMBA,1093,RIOBAMBA 1093,Recoleta,Comuna 2,1116,C1116ABE
-58.3945858057465,-34.5949003697876,RIOBAMBA,1190,RIOBAMBA 1190,Recoleta,Comuna 2,1116,C1116ABH
-58.3944319024122,-34.5939988419785,RIOBAMBA,1264,RIOBAMBA 1264,Recoleta,Comuna 2,1116,C1116ABJ
-58.3935978520029,-34.6070807544866,RIOBAMBA,196,RIOBAMBA 196,Balvanera,Comuna 3,1025,C1025ABD
-58.3937258164368,-34.605895394836,RIOBAMBA,292,RIOBAMBA 292,Balvanera,Comuna 3,1025,C1025ABF
-58.3937258164368,-34.605895394836,RIOBAMBA,294,RIOBAMBA 294,Balvanera,Comuna 3,1025,C1025ABF
-58.3938792014376,-34.6047214280626,RIOBAMBA,392,RIOBAMBA 392,Balvanera,Comuna 3,1025,C1025ABH
-58.3938792014376,-34.6047214280626,RIOBAMBA,396,RIOBAMBA 396,Balvanera,Comuna 3,1025,C1025ABH
-58.3940177274699,-34.6033655108044,RIOBAMBA,498,RIOBAMBA 498,Balvanera,Comuna 3,1025,C1025ABJ
-58.394109069642,-34.602450655886,RIOBAMBA,562,RIOBAMBA 562,Balvanera,Comuna 3,1025,C1025ABL
-58.394109069642,-34.602450655886,RIOBAMBA,566,RIOBAMBA 566,Balvanera,Comuna 3,1025,C1025ABL
-58.3942518559273,-34.6010072633524,RIOBAMBA,696,RIOBAMBA 696,Balvanera,Comuna 3,1025,C1025ABN
-58.394289184353,-34.6003504552833,RIOBAMBA,744,RIOBAMBA 744,Balvanera,Comuna 3,1025,C1025ABP
-58.3943869782459,-34.5997457952105,RIOBAMBA,794,RIOBAMBA 794,Balvanera,Comuna 3,1025,C1025ABP
-58.3943963393954,-34.599691164001,RIOBAMBA,800,RIOBAMBA 800,Balvanera,Comuna 3,1025,C1025ABP
-58.3945848449738,-34.598808306052,RIOBAMBA,900,RIOBAMBA 900,Recoleta,Comuna 2,1116,C1116ABB
-58.3864310714861,-34.6087702937055,RIVADAVIA AV.,1405,RIVADAVIA AV. 1405,San Nicolas,Comuna 1,1033,C1033AAE
-58.3864790531148,-34.6087738600448,RIVADAVIA AV.,1411,RIVADAVIA AV. 1411,San Nicolas,Comuna 1,1033,C1033AAE
-58.3875420804683,-34.6089415268592,RIVADAVIA AV.,1500,RIVADAVIA AV. 1500,Monserrat,Comuna 1,1033,C1033AAR
-58.3878339013166,-34.6089073757795,RIVADAVIA AV.,1503,RIVADAVIA AV. 1503,San Nicolas,Comuna 1,1033,C1033AAF
-58.397767213233,-34.609532991562,RIVADAVIA AV.,2207,RIVADAVIA AV. 2207,Balvanera,Comuna 3,1034,
-58.3996520556166,-34.6098031135693,RIVADAVIA AV.,2348,RIVADAVIA AV. 2348,Balvanera,Comuna 3,1034,C1034ACP
-58.4011192030047,-34.6099112678475,RIVADAVIA AV.,2450,RIVADAVIA AV. 2450,Balvanera,Comuna 3,1034,C1034ACQ
-58.376088485516,-34.6080810340489,RIVADAVIA AV.,661,RIVADAVIA AV. 661,San Nicolas,Comuna 1,1002,C1002AAE
-58.376088485516,-34.6080810340489,RIVADAVIA AV.,685,RIVADAVIA AV. 685,San Nicolas,Comuna 1,1002,C1002AAE
-58.3781201223838,-34.6082004463169,RIVADAVIA AV.,815,RIVADAVIA AV. 815,San Nicolas,Comuna 1,1002,C1002AAG
-58.3781614483229,-34.6082029872755,RIVADAVIA AV.,819,RIVADAVIA AV. 819,San Nicolas,Comuna 1,1002,C1002AAG
-58.3794236257297,-34.6082784081099,RIVADAVIA AV.,913,RIVADAVIA AV. 913,San Nicolas,Comuna 1,1002,C1002AAH
-58.3794236257297,-34.6082784081099,RIVADAVIA AV.,915,RIVADAVIA AV. 915,San Nicolas,Comuna 1,1002,C1002AAH
-58.3794236257297,-34.6082784081099,RIVADAVIA AV.,919,RIVADAVIA AV. 919,San Nicolas,Comuna 1,1002,C1002AAH
-58.3988910666123,-34.6097426062311,RIVADAVIA AV.,2290,RIVADAVIA AV. 2290,Balvanera,Comuna 3,1034,C1034ACO
-58.4008434292956,-34.6097534689507,RIVADAVIA AV.,2413,RIVADAVIA AV. 2413,Balvanera,Comuna 3,1034,C1034ACD
-58.4020528429448,-34.6099805118867,RIVADAVIA AV.,2512,RIVADAVIA AV. 2512,Balvanera,Comuna 3,1034,C1034ACR
-58.4038678447828,-34.610083766472,RIVADAVIA AV.,2620,RIVADAVIA AV. 2620,Balvanera,Comuna 3,1034,C1034ACS
-58.4048193015302,-34.6101349123137,RIVADAVIA AV.,2714,RIVADAVIA AV. 2714,Balvanera,Comuna 3,1034,C1034ACT
-58.4685147454409,-34.5483459970578,"RIVADAVIA MARTIN, COMODORO",2398,"RIVADAVIA MARTIN, COMODORO 2398",Nu\u00f1ez,Comuna 13,1429,C1429DDR
-58.3853553306568,-34.6074621116288,"RIVAROLA, RODOLFO, DR.",101,"RIVAROLA, RODOLFO, DR. 101",San Nicolas,Comuna 1,1015,C1015AAA
-58.461299230508,-34.5569863230521,"RIVERA, PEDRO I., DR.",2402,"RIVERA, PEDRO I., DR. 2402",Belgrano,Comuna 13,1428,C1428BQB
-58.4885928732271,-34.5722503916394,"RIVERA, PEDRO I., DR.",5092,"RIVERA, PEDRO I., DR. 5092",Villa Urquiza,Comuna 12,1431,C1431BVL
-58.4680912576558,-34.6960014381703,"ROCA, CNEL. AV.",6715,"ROCA, CNEL. AV. 6715",Villa Riachuelo,Comuna 8,1439,C1439DWE
-58.3738413452464,-34.6095337152573,"ROCA, JULIO A., PRESIDENTE DIAGONAL SUR AV.",522,"ROCA, JULIO A., PRESIDENTE DIAGONAL SUR AV. 522",Monserrat,Comuna 1,1067,C1067ABN
-58.3755057680685,-34.6110627010686,"ROCA, JULIO A., PRESIDENTE DIAGONAL SUR AV.",652,"ROCA, JULIO A., PRESIDENTE DIAGONAL SUR AV. 652",Monserrat,Comuna 1,1067,C1067ABO
-58.374277778344,-34.6425085242132,ROCHA,1717,ROCHA 1717,Barracas,Comuna 4,1288,C1288ADI
-58.3919756961317,-34.5961102203279,RODRIGUEZ PEÑA,1090,RODRIGUEZ PEÑA 1090,Recoleta,Comuna 2,1020,C1020ADV
-58.3919756961317,-34.5961102203279,RODRIGUEZ PEÑA,1092,RODRIGUEZ PEÑA 1092,Recoleta,Comuna 2,1020,C1020ADV
-58.3920480157966,-34.5950131902431,RODRIGUEZ PEÑA,1190,RODRIGUEZ PEÑA 1190,Recoleta,Comuna 2,1020,C1020ADX
-58.3921970071766,-34.594080025397,RODRIGUEZ PEÑA,1290,RODRIGUEZ PEÑA 1290,Recoleta,Comuna 2,1021,C1021ABB
-58.3910424391042,-34.5926753731875,RODRIGUEZ PEÑA,1496,RODRIGUEZ PEÑA 1496,Recoleta,Comuna 2,1021,C1021ABF
-58.3901011157298,-34.5918251049748,RODRIGUEZ PEÑA,1588,RODRIGUEZ PEÑA 1588,Recoleta,Comuna 2,1021,C1021ABH
-58.3891251423984,-34.5909494824383,RODRIGUEZ PEÑA,1686,RODRIGUEZ PEÑA 1686,Recoleta,Comuna 2,1021,C1021ABJ
-58.3880250693569,-34.5900668115531,RODRIGUEZ PEÑA,1790,RODRIGUEZ PEÑA 1790,Recoleta,Comuna 2,1021,C1021ABL
-58.3906910561505,-34.6069441683016,RODRIGUEZ PEÑA,191,RODRIGUEZ PEÑA 191,San Nicolas,Comuna 1,1020,C1020ADC
-58.3907894325406,-34.6068337266916,RODRIGUEZ PEÑA,198,RODRIGUEZ PEÑA 198,San Nicolas,Comuna 1,1020,C1020ADD
-58.3863056756072,-34.5882647571202,RODRIGUEZ PEÑA,1986,RODRIGUEZ PEÑA 1986,Recoleta,Comuna 2,1021,C1021ABP
-58.3908248177472,-34.6056794882257,RODRIGUEZ PEÑA,286,RODRIGUEZ PEÑA 286,San Nicolas,Comuna 1,1020,C1020ADF
-58.3914599733582,-34.6008898821937,RODRIGUEZ PEÑA,698,RODRIGUEZ PEÑA 698,San Nicolas,Comuna 1,1020,C1020ADN
-58.3915728867231,-34.5998444584088,RODRIGUEZ PEÑA,794,RODRIGUEZ PEÑA 794,San Nicolas,Comuna 1,1020,C1020ADP
-58.3916875495353,-34.5989445264437,RODRIGUEZ PEÑA,898,RODRIGUEZ PEÑA 898,Recoleta,Comuna 2,1020,C1020ADR
-58.4543115972403,-34.601116614997,"RODRIGUEZ, MANUEL A., GENERAL",1991,"RODRIGUEZ, MANUEL A., GENERAL 1991",Villa Crespo,Comuna 15,1416,C1416CMQ
-58.4529135458727,-34.6010940595418,ROJAS,1888,ROJAS 1888,Villa Crespo,Comuna 15,1416,C1416CPR
-58.3990587888377,-34.6347678489949,RONDEAU,2590,RONDEAU 2590,Parque Patricios,Comuna 4,1262,C1262ABF
-58.4606170989818,-34.5573246272623,ROOSEVELT FRANKLIN D.,2398,ROOSEVELT FRANKLIN D. 2398,Belgrano,Comuna 13,1428,C1428BOJ
-58.4606504980213,-34.5576954272783,ROOSEVELT FRANKLIN D.,2402,ROOSEVELT FRANKLIN D. 2402,Belgrano,Comuna 13,1428,C1428BOL
-58.4651932255551,-34.5817550382251,ROSETI,1620,ROSETI 1620,Villa Ortuzar,Comuna 15,1427,C1427BWH
-58.4654682613831,-34.5816747531466,ROSETI,1651,ROSETI 1651,Villa Ortuzar,Comuna 15,1427,C1427BWG
-58.4607457261297,-34.5818150086074,ROSETI,1307,ROSETI 1307,Villa Ortuzar,Comuna 15,1427,C1427BWA
-58.4531472783513,-34.5831677797615,ROSETI,711,ROSETI 711,Chacarita,Comuna 15,1427,C1427BVO
-58.407876243872,-34.5819484488161,"RUGGIERI, SILVIO L.",2780,"RUGGIERI, SILVIO L. 2780",Palermo,Comuna 14,1425,C1425DLB
-58.4074231202583,-34.5809771540424,"RUGGIERI, SILVIO L.",2888,"RUGGIERI, SILVIO L. 2888",Palermo,Comuna 14,1425,C1425DLD
-58.471186055435,-34.5443592378234,RUIZ HUIDOBRO,2381,RUIZ HUIDOBRO 2381,Nu\u00f1ez,Comuna 13,1429,C1429DNK
-58.4720117051919,-34.5447696282217,RUIZ HUIDOBRO,2422,RUIZ HUIDOBRO 2422,Saavedra,Comuna 12,1429,C1429DNN
-58.4013509661547,-34.6222035465926,SAAVEDRA,1096,SAAVEDRA 1096,San Cristobal,Comuna 3,1229,C1229ACL
-58.4013506076427,-34.6222046966492,SAAVEDRA,1098,SAAVEDRA 1098,San Cristobal,Comuna 3,1229,C1229ACL
-58.4009731395178,-34.6234093314469,SAAVEDRA,1194,SAAVEDRA 1194,San Cristobal,Comuna 3,1229,C1229ACN
-58.4032016442054,-34.6120996915387,SAAVEDRA,194,SAAVEDRA 194,Balvanera,Comuna 3,1083,C1083ACD
-58.4031001413618,-34.613238145715,SAAVEDRA,294,SAAVEDRA 294,Balvanera,Comuna 3,1083,C1083ACF
-58.4029026121203,-34.615294117281,SAAVEDRA,484,SAAVEDRA 484,Balvanera,Comuna 3,1083,C1083ACJ
-58.4021208157101,-34.6196564274649,SAAVEDRA,894,SAAVEDRA 894,San Cristobal,Comuna 3,1229,C1229ACH
-58.4032428235635,-34.610921482969,,94,SAAVEDRA 94,,,,
-58.4017708771947,-34.6208747807995,SAAVEDRA,994,SAAVEDRA 994,San Cristobal,Comuna 3,1229,C1229ACJ
-58.3871228619806,-34.6263523910596,"SAENZ PEÑA, LUIS, PRES.",1508,"SAENZ PEÑA, LUIS, PRES. 1508",Constitucion,Comuna 1,1135,C1135ABH
-58.3871246498833,-34.6273042781552,"SAENZ PEÑA, LUIS, PRES.",1604,"SAENZ PEÑA, LUIS, PRES. 1604",Constitucion,Comuna 1,1135,C1135ABJ
-58.3749357639219,-34.607344696248,"SAENZ PEÑA, ROQUE, PRES. DIAGONAL NORTE AV.",598,"SAENZ PEÑA, ROQUE, PRES. DIAGONAL NORTE AV. 598",San Nicolas,Comuna 1,1035,C1035AAN
-58.3753615838744,-34.6071228225991,"SAENZ PEÑA, ROQUE, PRES. DIAGONAL NORTE AV.",622,"SAENZ PEÑA, ROQUE, PRES. DIAGONAL NORTE AV. 622",San Nicolas,Comuna 1,1035,C1035AAO
-58.3766075529329,-34.6062563662057,"SAENZ PEÑA, ROQUE, PRES. DIAGONAL NORTE AV.",688,"SAENZ PEÑA, ROQUE, PRES. DIAGONAL NORTE AV. 688",San Nicolas,Comuna 1,1035,C1035AAO
-58.3767929700085,-34.6061593034481,"SAENZ PEÑA, ROQUE, PRES. DIAGONAL NORTE AV.",698,"SAENZ PEÑA, ROQUE, PRES. DIAGONAL NORTE AV. 698",San Nicolas,Comuna 1,1035,C1035AAO
-58.3766168077649,-34.6064667647243,"SAENZ PEÑA, ROQUE, PRES. DIAGONAL NORTE AV.",712,"SAENZ PEÑA, ROQUE, PRES. DIAGONAL NORTE AV. 712",San Nicolas,Comuna 1,1035,C1035AAP
-58.3775225089533,-34.6059915860606,"SAENZ PEÑA, ROQUE, PRES. DIAGONAL NORTE AV.",778,"SAENZ PEÑA, ROQUE, PRES. DIAGONAL NORTE AV. 778",San Nicolas,Comuna 1,1035,C1035AAP
-58.378549966385,-34.6053442317418,"SAENZ PEÑA, ROQUE, PRES. DIAGONAL NORTE AV.",842,"SAENZ PEÑA, ROQUE, PRES. DIAGONAL NORTE AV. 842",San Nicolas,Comuna 1,1035,C1035AAQ
-58.380574995411,-34.6043276140392,"SAENZ PEÑA, ROQUE, PRES. DIAGONAL NORTE AV.",998,"SAENZ PEÑA, ROQUE, PRES. DIAGONAL NORTE AV. 998",San Nicolas,Comuna 1,1035,C1035AAR
-58.3622497654331,-34.6063249544154,"SAENZ, MANUELA",494,"SAENZ, MANUELA 494",Puerto Madero,Comuna 1,1107,C1107BPA
-58.3620056055409,-34.6059234187316,"SAENZ, MANUELA",550,"SAENZ, MANUELA 550",Puerto Madero,Comuna 1,1107,C1107BPA
-58.5236214486907,-34.6561448834655,SALADILLO,1309,SALADILLO 1309,Mataderos,Comuna 9,1440,C1440FFA
-58.4010044534005,-34.6311199162843,SALCEDO,2610,SALCEDO 2610,Parque Patricios,Comuna 4,1259,C1259ABB
-58.4143003694229,-34.5880243832698,"SALGUERO, JERONIMO",1905,"SALGUERO, JERONIMO 1905",Palermo,Comuna 14,1425,C1425DED
-58.4092052613869,-34.580996245697,"SALGUERO, JERONIMO",2605,"SALGUERO, JERONIMO 2605",Palermo,Comuna 14,1425,C1425DEK
-58.4079320541334,-34.5798965707373,"SALGUERO, JERONIMO",2723,"SALGUERO, JERONIMO 2723",Palermo,Comuna 14,1425,C1425DEL
-58.4197338217142,-34.6106898990522,,29,"SALGUERO, JERONIMO 29",,,,
-58.4194327040135,-34.6030695661394,"SALGUERO, JERONIMO",621,"SALGUERO, JERONIMO 621",Almagro,Comuna 5,1177,C1177AEK
-58.3828262533212,-34.6258470632466,SALTA,1492,SALTA 1492,Constitucion,Comuna 1,1137,C1137ACF
-58.3827940070922,-34.6266937843436,SALTA,1584,SALTA 1584,Constitucion,Comuna 1,1137,C1137ACH
-58.3827916110977,-34.6267701616794,SALTA,1590,SALTA 1590,Constitucion,Comuna 1,1137,C1137ACH
-58.3832935482374,-34.6116656863209,SALTA,268,SALTA 268,Monserrat,Comuna 1,1074,C1074AAF
-58.383109386371,-34.614114336565,SALTA,482,SALTA 482,Monserrat,Comuna 1,1074,C1074AAJ
-58.3756228643586,-34.6345777768477,"SAMPERIO, MANUEL J.",901,"SAMPERIO, MANUEL J. 901",Barracas,Comuna 4,1268,C1268AEA
-58.4333940249687,-34.5680770489403,SAN BENITO DE PALERMO,1694,SAN BENITO DE PALERMO 1694,Palermo,Comuna 14,1426,C1426DED
-58.4649000120766,-34.6033571119066,SAN BLAS,1605,SAN BLAS 1605,Villa Gral. Mitre,Comuna 11,1416,C1416EFA
-58.481708180533,-34.6115198977755,SAN BLAS,2909,SAN BLAS 2909,Villa Santa Rita,Comuna 11,1416,C1416EGA
-58.5065828556669,-34.6285229122264,SAN BLAS,5125,SAN BLAS 5125,Villa Luro,Comuna 10,1407,C1407FUK
-58.4165266855318,-34.6233396591728,SAN IGNACIO,3609,SAN IGNACIO 3609,Boedo,Comuna 5,1231,C1231ADA
-58.4704912106291,-34.5467136138014,SAN ISIDRO LABRADOR AV.,4034,SAN ISIDRO LABRADOR AV. 4034,Saavedra,Comuna 12,1429,C1429ADO
-58.4711571898883,-34.5459385515452,SAN ISIDRO LABRADOR AV.,4147,SAN ISIDRO LABRADOR AV. 4147,Saavedra,Comuna 12,1429,C1429ADC
-58.3862552425474,-34.6100790827976,SAN JOSE,107,SAN JOSE 107,Monserrat,Comuna 1,1076,C1076AAC
-58.3857957821779,-34.6262367570525,SAN JOSE,1509,SAN JOSE 1509,Constitucion,Comuna 1,1136,C1136AAG
-58.3857747816478,-34.6273010815791,SAN JOSE,1611,SAN JOSE 1611,Constitucion,Comuna 1,1136,C1136AAI
-58.3725886923414,-34.6219647632782,SAN JUAN AV.,480,SAN JUAN AV. 480,San Telmo,Comuna 1,1147,C1147AAP
-58.373776435688,-34.6220123835249,SAN JUAN AV.,580,SAN JUAN AV. 580,San Telmo,Comuna 1,1147,C1147AAQ
-58.3753871136699,-34.6219060116031,SAN JUAN AV.,677,SAN JUAN AV. 677,San Telmo,Comuna 1,1147,C1147AAE
-58.3770601103486,-34.6219727989408,SAN JUAN AV.,795,SAN JUAN AV. 795,San Telmo,Comuna 1,1147,C1147AAF
-58.3688505212484,-34.6218028604113,SAN JUAN AV.,230,SAN JUAN AV. 230,San Telmo,Comuna 1,1147,C1147AAN
-58.3693391094536,-34.6218264284566,SAN JUAN AV.,252,SAN JUAN AV. 252,San Telmo,Comuna 1,1147,C1147AAN
-58.3707228298563,-34.6218932747762,SAN JUAN AV.,350,SAN JUAN AV. 350,San Telmo,Comuna 1,1147,C1147AAO
-58.3709405859607,-34.6217281463365,SAN JUAN AV.,369,SAN JUAN AV. 369,San Telmo,Comuna 1,1147,C1147AAB
-58.3755129710647,-34.621911313744,SAN JUAN AV.,685,SAN JUAN AV. 685,San Telmo,Comuna 1,1147,C1147AAE
-58.376753251848,-34.6221385895016,SAN JUAN AV.,780,SAN JUAN AV. 780,San Telmo,Comuna 1,1147,C1147AAS
-58.3769713171846,-34.6219703450531,SAN JUAN AV.,785,SAN JUAN AV. 785,San Telmo,Comuna 1,1147,C1147AAF
-58.3784792410663,-34.6220101059701,SAN JUAN AV.,895,SAN JUAN AV. 895,Constitucion,Comuna 1,1147,C1147AAG
-58.4021761381826,-34.6001528747749,SAN LUIS,2488,SAN LUIS 2488,Balvanera,Comuna 3,1056,C1056AAB
-58.4021761381826,-34.6001528747749,SAN LUIS,2492,SAN LUIS 2492,Balvanera,Comuna 3,1056,C1056AAB
-58.40399476114,-34.5999530362935,SAN LUIS,2686,SAN LUIS 2686,Balvanera,Comuna 3,1056,C1056AAF
-58.404042076331,-34.5999478694413,SAN LUIS,2694,SAN LUIS 2694,Balvanera,Comuna 3,1056,C1056AAF
-58.4051001702196,-34.5998326228225,SAN LUIS,2776,SAN LUIS 2776,Balvanera,Comuna 3,1186,C1186ACB
-58.4060681789681,-34.5997235767554,SAN LUIS,2872,SAN LUIS 2872,Balvanera,Comuna 3,1186,C1186ACD
-58.4069251751817,-34.5996555375462,SAN LUIS,2972,SAN LUIS 2972,Balvanera,Comuna 3,1186,C1186ACF
-58.4104325442799,-34.5994501640793,SAN LUIS,3200,SAN LUIS 3200,Balvanera,Comuna 3,1186,C1186ACJ
-58.3739039435944,-34.6029750287321,SAN MARTIN,424,SAN MARTIN 424,San Nicolas,Comuna 1,1004,C1004AAJ
-58.477886666995,-34.6326372137364,,21,SAN NICOLAS 21,,,,
-58.5154004665986,-34.5902622920608,SAN NICOLAS,5001,SAN NICOLAS 5001,Villa Devoto,Comuna 11,1419,C1419AWO
-58.5155743245257,-34.5901930995163,SAN NICOLAS,5020,SAN NICOLAS 5020,Villa Devoto,Comuna 11,1419,C1419AWP
-58.4820022527899,-34.6240452510633,SAN NICOLAS,810,SAN NICOLAS 810,Villa Santa Rita,Comuna 11,1407,C1407DCP
-58.4823527979839,-34.6236588895151,SAN NICOLAS,883,SAN NICOLAS 883,Villa Santa Rita,Comuna 11,1407,C1407DCO
-58.5119190590568,-34.6055537713017,SANABRIA,3415,SANABRIA 3415,Villa Devoto,Comuna 11,1419,C1419BMA
-58.4891180614158,-34.6269507534092,SANABRIA,825,SANABRIA 825,Floresta,Comuna 10,1407,C1407MBA
-58.48988938393,-34.6263405341459,SANABRIA,907,SANABRIA 907,Floresta,Comuna 10,1407,C1407MBC
-58.4899495295496,-34.626292668732,SANABRIA,915,SANABRIA 915,Floresta,Comuna 10,1407,C1407MBC
-58.402371445268,-34.5838001368397,SANCHEZ DE BUSTAMANTE,2584,SANCHEZ DE BUSTAMANTE 2584,Recoleta,Comuna 2,1425,C1425DUZ
-58.4088805631515,-34.590353961969,SANCHEZ DE BUSTAMANTE,1788,SANCHEZ DE BUSTAMANTE 1788,Recoleta,Comuna 2,1425,C1425DUJ
-58.4083222190519,-34.589487664406,SANCHEZ DE BUSTAMANTE,1880,SANCHEZ DE BUSTAMANTE 1880,Recoleta,Comuna 2,1425,C1425DUL
-58.4082247150675,-34.5894055642376,SANCHEZ DE BUSTAMANTE,1888,SANCHEZ DE BUSTAMANTE 1888,Recoleta,Comuna 2,1425,C1425DUL
-58.4022182305276,-34.5837180457184,SANCHEZ DE BUSTAMANTE,2596,SANCHEZ DE BUSTAMANTE 2596,Recoleta,Comuna 2,1425,C1425DUZ
-58.4145080289507,-34.6042500594824,SANCHEZ DE BUSTAMANTE,493,SANCHEZ DE BUSTAMANTE 493,Almagro,Comuna 5,1173,C1173ABG
-58.4121188914496,-34.6251791540753,SANCHEZ DE LORIA,1311,SANCHEZ DE LORIA 1311,Boedo,Comuna 5,1241,C1241ACA
-58.4118884591575,-34.6294438852265,SANCHEZ DE LORIA,1609,SANCHEZ DE LORIA 1609,Boedo,Comuna 5,1241,C1241ACG
-58.4143868816483,-34.6109978648662,,25,SANCHEZ DE LORIA 25,,,,
-58.4334410116394,-34.5761451938469,SANTA FE AV.,5222,SANTA FE AV. 5222,Palermo,Comuna 14,1425,C1425BIO
-58.4327940901682,-34.5763969706183,SANTA FE AV.,5170,SANTA FE AV. 5170,Palermo,Comuna 14,1425,C1425BIN
-58.4329104232177,-34.5763551917813,SANTA FE AV.,5176,SANTA FE AV. 5176,Palermo,Comuna 14,1425,C1425BIN
-58.4335745925747,-34.5760857213103,SANTA FE AV.,5224,SANTA FE AV. 5224,Palermo,Comuna 14,1425,C1425BIO
-58.4334860731965,-34.5756066957998,SANTA FE AV.,5247,SANTA FE AV. 5247,Palermo,Comuna 14,1425,C1425BIB
-58.4334860731965,-34.5756066957998,SANTA FE AV.,5251,SANTA FE AV. 5251,Palermo,Comuna 14,1425,C1425BIB
-58.4341587635854,-34.5758256396348,SANTA FE AV.,5280,SANTA FE AV. 5280,Palermo,Comuna 14,1425,
-58.4342595540347,-34.5757807657136,SANTA FE AV.,5288,SANTA FE AV. 5288,Palermo,Comuna 14,1425,
-58.3848557911782,-34.6099952959776,SANTIAGO DEL ESTERO,107,SANTIAGO DEL ESTERO 107,Monserrat,Comuna 1,1075,
-58.3843642545709,-34.6284342143653,SANTIAGO DEL ESTERO,1721,SANTIAGO DEL ESTERO 1721,Constitucion,Comuna 1,1136,
-58.384791823656,-34.6123289761002,SANTIAGO DEL ESTERO,307,SANTIAGO DEL ESTERO 307,Monserrat,Comuna 1,1075,
-58.3944267976409,-34.6215676440689,SARANDI,1096,SARANDI 1096,San Cristobal,Comuna 3,1222,
-58.3931992782994,-34.6271556574414,SARANDI,1580,SARANDI 1580,San Cristobal,Comuna 3,1251,
-58.3946341662591,-34.6138762442383,SARANDI,398,SARANDI 398,Balvanera,Comuna 3,1081,
-58.3945884681454,-34.6150282427613,SARANDI,492,SARANDI 492,Balvanera,Comuna 3,1081,
-58.3945587831895,-34.6157222794929,SARANDI,580,SARANDI 580,Balvanera,Comuna 3,1222,
-58.3945081341072,-34.6169818572611,SARANDI,700,SARANDI 700,Balvanera,Comuna 3,1222,
-58.3944566367536,-34.6202976322966,SARANDI,990,SARANDI 990,San Cristobal,Comuna 3,1222,
-58.3983127297278,-34.6059921347506,SARMIENTO,2225,SARMIENTO 2225,Balvanera,Comuna 3,1044,
-58.3983127297278,-34.6059921347506,SARMIENTO,2227,SARMIENTO 2227,Balvanera,Comuna 3,1044,
-58.399987730443,-34.6060707520289,SARMIENTO,2347,SARMIENTO 2347,Balvanera,Comuna 3,1044,
-58.4000385712465,-34.6060737042301,SARMIENTO,2349,SARMIENTO 2349,Balvanera,Comuna 3,1044,
-58.4000894120523,-34.606076658213,SARMIENTO,2351,SARMIENTO 2351,Balvanera,Comuna 3,1044,
-58.4012360865497,-34.6061581294277,SARMIENTO,2435,SARMIENTO 2435,Balvanera,Comuna 3,1044,
-58.4012360865497,-34.6061581294277,SARMIENTO,2437,SARMIENTO 2437,Balvanera,Comuna 3,1044,
-58.4015000538269,-34.6061792639103,SARMIENTO,2457,SARMIENTO 2457,Balvanera,Comuna 3,1044,
-58.4027163965464,-34.6062691954373,SARMIENTO,2541,SARMIENTO 2541,Balvanera,Comuna 3,1045,
-58.4027481719487,-34.6062715584094,SARMIENTO,2543,SARMIENTO 2543,Balvanera,Comuna 3,1045,
-58.4027799484432,-34.6062739213737,SARMIENTO,2545,SARMIENTO 2545,Balvanera,Comuna 3,1045,
-58.4028117249394,-34.6062762843297,SARMIENTO,2547,SARMIENTO 2547,Balvanera,Comuna 3,1045,
-58.3851890622204,-34.6051621802126,SARMIENTO,1301,SARMIENTO 1301,San Nicolas,Comuna 1,1041,
-58.3866259249114,-34.6052479084254,SARMIENTO,1401,SARMIENTO 1401,San Nicolas,Comuna 1,1042,
-58.387781213789,-34.6053887406987,SARMIENTO,1500,SARMIENTO 1500,San Nicolas,Comuna 1,1042,
-58.3897753871095,-34.6054364650748,SARMIENTO,1601,SARMIENTO 1601,San Nicolas,Comuna 1,1042,
-58.3910036489764,-34.6055081887629,SARMIENTO,1711,SARMIENTO 1711,San Nicolas,Comuna 1,1042,
-58.3924574679972,-34.6056314366778,SARMIENTO,1805,SARMIENTO 1805,Balvanera,Comuna 3,1044,
-58.3953190837285,-34.6058323665709,SARMIENTO,2005,SARMIENTO 2005,Balvanera,Comuna 3,1044,
-58.3953483351768,-34.6058343505691,SARMIENTO,2015,SARMIENTO 2015,Balvanera,Comuna 3,1044,
-58.3968911011997,-34.6059309643264,SARMIENTO,2113,SARMIENTO 2113,Balvanera,Comuna 3,1044,
-58.3970127329318,-34.6059363988574,SARMIENTO,2121,SARMIENTO 2121,Balvanera,Comuna 3,1044,
-58.3983127297278,-34.6059921347506,SARMIENTO,2221,SARMIENTO 2221,Balvanera,Comuna 3,1044,
-58.4048506459041,-34.6064349419859,SARMIENTO,2719,SARMIENTO 2719,Balvanera,Comuna 3,1045,
-58.4245579916605,-34.6044288860279,SARMIENTO,4209,SARMIENTO 4209,Almagro,Comuna 5,1197,
-58.4878515056042,-34.6033676509615,"SASTRE, MARCOS",2894,"SASTRE, MARCOS 2894",Villa Del Parque,Comuna 11,1417,
-58.5156076156602,-34.6207786935912,"SASTRE, MARCOS",5282,"SASTRE, MARCOS 5282",Monte Castro,Comuna 10,1417,
-58.4744455594362,-34.6776818403775,SAYOS,5692,SAYOS 5692,Villa Lugano,Comuna 8,1439,
-58.4156375689492,-34.5850191887704,"SCALABRINI ORTIZ, RAUL",2523,"SCALABRINI ORTIZ, RAUL 2523",Palermo,Comuna 14,1425,
-58.4156375689492,-34.5850191887704,"SCALABRINI ORTIZ, RAUL",2527,"SCALABRINI ORTIZ, RAUL 2527",Palermo,Comuna 14,1425,
-58.4156401811587,-34.5850218679711,"SCALABRINI ORTIZ, RAUL",2539,"SCALABRINI ORTIZ, RAUL 2539",Palermo,Comuna 14,1425,
-58.4152810629854,-34.5846569691064,"SCALABRINI ORTIZ, RAUL",2588,"SCALABRINI ORTIZ, RAUL 2588",Palermo,Comuna 14,1425,
-58.4105789430279,-34.5810443011569,"SCALABRINI ORTIZ, RAUL",3090,"SCALABRINI ORTIZ, RAUL 3090",Palermo,Comuna 14,1425,
-58.4100594510142,-34.580147374062,"SCALABRINI ORTIZ, RAUL",3178,"SCALABRINI ORTIZ, RAUL 3178",Palermo,Comuna 14,1425,
-58.4099668525737,-34.5799919149134,"SCALABRINI ORTIZ, RAUL",3196,"SCALABRINI ORTIZ, RAUL 3196",Palermo,Comuna 14,1425,
-58.4092826031958,-34.5790542713786,"SCALABRINI ORTIZ, RAUL",3295,"SCALABRINI ORTIZ, RAUL 3295",Palermo,Comuna 14,1425,
-58.4156375689492,-34.5850191887704,"SCALABRINI ORTIZ, RAUL",2517,"SCALABRINI ORTIZ, RAUL 2517",Palermo,Comuna 14,1425,
-58.4615924323928,-34.6063532973617,"SEGUI, F. J., ALTE.",1731,"SEGUI, F. J., ALTE. 1731",Villa Gral. Mitre,Comuna 11,1416,
-58.4627506774922,-34.6030346586876,"SEGUI, F. J., ALTE.",2017,"SEGUI, F. J., ALTE. 2017",Paternal,Comuna 15,1416,
-58.4628118038252,-34.6032318419943,"SEGUI, F. J., ALTE.",2005,"SEGUI, F. J., ALTE. 2005",Paternal,Comuna 15,1416,
-58.4627894132973,-34.6031596157316,"SEGUI, F. J., ALTE.",2011,"SEGUI, F. J., ALTE. 2011",Paternal,Comuna 15,1416,
-58.4079479788862,-34.5794057216702,"SEGUI, JUAN FRANCISCO",3515,"SEGUI, JUAN FRANCISCO 3515",Palermo,Comuna 14,1425,
-58.4094872164106,-34.5787923356452,"SEGUI, JUAN FRANCISCO",3609,"SEGUI, JUAN FRANCISCO 3609",Palermo,Comuna 14,1425,
-58.4910544846749,-34.6271094803226,SEGUROLA AV.,900,SEGUROLA AV. 900,Velez Sarsfield,Comuna 10,1407,
-58.5022793552907,-34.6181884631758,SEGUROLA AV.,1986,SEGUROLA AV. 1986,Monte Castro,Comuna 10,1407,
-58.490079500861,-34.6278808606195,SEGUROLA AV.,790,SEGUROLA AV. 790,Velez Sarsfield,Comuna 10,1407,
-58.434072162354,-34.5913190419173,SERRANO,1217,SERRANO 1217,Palermo,Comuna 14,1414,
-58.4331181286285,-34.5906969845826,SERRANO,1321,SERRANO 1321,Palermo,Comuna 14,1414,
-58.4318945334544,-34.589896585033,SERRANO,1417,SERRANO 1417,Palermo,Comuna 14,1414,
-58.4315708757945,-34.5895652950719,SERRANO,1466,SERRANO 1466,Palermo,Comuna 14,1414,
-58.4309776708763,-34.5893011083133,SERRANO,1509,SERRANO 1509,Palermo,Comuna 14,1414,
-58.4455611496293,-34.5986970694673,SERRANO,206,SERRANO 206,Villa Crespo,Comuna 15,1414,
-58.4423126300197,-34.5962644432911,SERRANO,511,SERRANO 511,Villa Crespo,Comuna 15,1414,
-58.4928308914344,-34.5973911021397,SIMBRON,2902,SIMBRON 2902,Villa Del Parque,Comuna 11,1417,
-58.5221767061834,-34.6165342099517,SIMBRON,5317,SIMBRON 5317,Villa Real,Comuna 10,1408,
-58.4991910740338,-34.5957452349152,"SOLANO LOPEZ, F., MARISCAL",3184,"SOLANO LOPEZ, F., MARISCAL 3184",Agronomia,Comuna 15,1419,
-58.4998470598692,-34.5961639089594,"SOLANO LOPEZ, F., MARISCAL",3210,"SOLANO LOPEZ, F., MARISCAL 3210",Villa Devoto,Comuna 11,1419,
-58.5000146322723,-34.5962680232363,"SOLANO LOPEZ, F., MARISCAL",3238,"SOLANO LOPEZ, F., MARISCAL 3238",Villa Devoto,Comuna 11,1419,
-58.4372009327368,-34.5659056106559,SOLDADO DE LA INDEPENDENCIA,1009,SOLDADO DE LA INDEPENDENCIA 1009,Palermo,Comuna 14,1426,
-58.4387260568816,-34.5649704238979,SOLDADO DE LA INDEPENDENCIA,1127,SOLDADO DE LA INDEPENDENCIA 1127,Palermo,Comuna 14,1426,
-58.4398602742642,-34.5644041983543,SOLDADO DE LA INDEPENDENCIA,1216,SOLDADO DE LA INDEPENDENCIA 1216,Palermo,Comuna 14,1426,
-58.4318244650852,-34.5690307614215,SOLDADO DE LA INDEPENDENCIA,511,SOLDADO DE LA INDEPENDENCIA 511,Palermo,Comuna 14,1426,
-58.4338931599485,-34.5678228585283,SOLDADO DE LA INDEPENDENCIA,719,SOLDADO DE LA INDEPENDENCIA 719,Palermo,Comuna 14,1426,
-58.4350529136043,-34.5672399837328,SOLDADO DE LA INDEPENDENCIA,810,SOLDADO DE LA INDEPENDENCIA 810,Palermo,Comuna 14,1426,
-58.4308446593224,-34.582189969194,SOLER,5421,SOLER 5421,Palermo,Comuna 14,1425,
-58.3904555761755,-34.6105871696247,SOLIS,115,SOLIS 115,Monserrat,Comuna 1,1078,
-58.3903565546217,-34.6103007474139,SOLIS,104,SOLIS 104,Monserrat,Comuna 1,1078,
-58.3900607403294,-34.6216211801897,SOLIS,1107,SOLIS 1107,Constitucion,Comuna 1,1078,
-58.3894564718016,-34.6276302338719,SOLIS,1639,SOLIS 1639,Constitucion,Comuna 1,1134,
-58.3904093885502,-34.6127023294948,SOLIS,309,SOLIS 309,Monserrat,Comuna 1,1078,
-58.390421287393,-34.6139487623322,SOLIS,415,SOLIS 415,Monserrat,Comuna 1,1078,
-58.3903964513963,-34.6169783700607,SOLIS,709,SOLIS 709,Monserrat,Comuna 1,1078,
-58.4766423004975,-34.6764444244135,SOMELLERA,5711,SOMELLERA 5711,Villa Lugano,Comuna 8,1439,
-58.4633263909953,-34.5851569234562,STEPHENSON,2900,STEPHENSON 2900,Villa Ortuzar,Comuna 15,1427,
-58.368046084808,-34.6380476356286,SUAREZ,1101,SUAREZ 1101,Boca,Comuna 4,1162,
-58.3740745965169,-34.6386701586275,SUAREZ,1686,SUAREZ 1686,Barracas,Comuna 4,1288,
-58.5226282961762,-34.6557048208514,"SUAREZ, JOSE LEON",1517,"SUAREZ, JOSE LEON 1517",Mataderos,Comuna 9,1440,
-58.5152620922863,-34.6609895617326,"SUAREZ, JOSE LEON",2102,"SUAREZ, JOSE LEON 2102",Mataderos,Comuna 9,1440,
-58.454813959969,-34.5637311964648,"SUCRE, ANTONIO JOSE DE, MCAL.",2397,"SUCRE, ANTONIO JOSE DE, MCAL. 2397",Belgrano,Comuna 13,1428,
-58.4553050791446,-34.56402489023,"SUCRE, ANTONIO JOSE DE, MCAL.",2415,"SUCRE, ANTONIO JOSE DE, MCAL. 2415",Belgrano,Comuna 13,1428,
-58.3787373559762,-34.6200029654892,TACUARI,1015,TACUARI 1015,Constitucion,Comuna 1,1071,
-58.4003983219932,-34.5841752393247,TAGLE,2520,TAGLE 2520,Palermo,Comuna 14,1425,
-58.3856951085722,-34.5959663415628,TALCAHUANO,1097,TALCAHUANO 1097,Retiro,Comuna 1,1013,
-58.3858511440638,-34.5947997269618,TALCAHUANO,1186,TALCAHUANO 1186,Retiro,Comuna 1,1013,
-58.3857338884952,-34.5966948241375,TALCAHUANO,1014,TALCAHUANO 1014,Retiro,Comuna 1,1013,
-58.3857929124654,-34.5959615724071,TALCAHUANO,1086,TALCAHUANO 1086,Retiro,Comuna 1,1013,
-58.3858595101213,-34.5946663330142,TALCAHUANO,1198,TALCAHUANO 1198,Retiro,Comuna 1,1013,
-58.385073876508,-34.6054346038685,TALCAHUANO,292,TALCAHUANO 292,San Nicolas,Comuna 1,1013,
-58.3855545552426,-34.5996180103104,TALCAHUANO,770,TALCAHUANO 770,San Nicolas,Comuna 1,1013,
-58.3855687273574,-34.5994656916633,TALCAHUANO,778,TALCAHUANO 778,San Nicolas,Comuna 1,1013,
-58.3855699033182,-34.5994530523756,TALCAHUANO,780,TALCAHUANO 780,San Nicolas,Comuna 1,1013,
-58.3855768521648,-34.5984220008212,TALCAHUANO,888,TALCAHUANO 888,Retiro,Comuna 1,1013,
-58.3856660882898,-34.5971739002081,TALCAHUANO,992,TALCAHUANO 992,Retiro,Comuna 1,1013,
-58.4940459581272,-34.5674451303073,"TAMBORINI, JOSE PASCUAL",5312,"TAMBORINI, JOSE PASCUAL 5312",Villa Urquiza,Comuna 12,1431,
-58.4731043008485,-34.6195449435478,TERRADA,1125,TERRADA 1125,Villa Santa Rita,Comuna 11,1416,
-58.4555721323761,-34.6259476081385,,12,TERRERO 12,,,,
-58.4620582853949,-34.6145502351152,TERRERO,1130,TERRERO 1130,Villa Gral. Mitre,Comuna 11,1416,
-58.465521062298,-34.6093829275071,TERRERO,1707,TERRERO 1707,Villa Gral. Mitre,Comuna 11,1416,
-58.4220072044992,-34.5813490532077,THAMES,2490,THAMES 2490,Palermo,Comuna 14,1425,
-58.4219270108928,-34.5812847073923,THAMES,2498,THAMES 2498,Palermo,Comuna 14,1425,
-58.4439094587712,-34.5957070089272,THAMES,482,THAMES 482,Villa Crespo,Comuna 15,1414,
-58.4896904444052,-34.5970044427736,TINOGASTA,2694,TINOGASTA 2694,Agronomia,Comuna 15,1417,
-58.4904498454573,-34.5974598240716,TINOGASTA,2740,TINOGASTA 2740,Villa Del Parque,Comuna 11,1417,
-58.4955387562161,-34.6004942731555,TINOGASTA,3176,TINOGASTA 3176,Villa Del Parque,Comuna 11,1417,
-58.4753098642814,-34.5823077638122,TORRENT,1397,TORRENT 1397,Parque Chas,Comuna 15,1427,
-58.4638215389933,-34.6084122221449,"TRELLES, MANUEL R.",1690,"TRELLES, MANUEL R. 1690",Villa Gral. Mitre,Comuna 11,1416,
-58.4671951833982,-34.6025046709717,"TRELLES, MANUEL R.",2250,"TRELLES, MANUEL R. 2250",Villa Gral. Mitre,Comuna 11,1416,
-58.4671807389811,-34.601632078564,"TRELLES, MANUEL R. AV.",2350,"TRELLES, MANUEL R. AV. 2350",Paternal,Comuna 15,1416,
-58.4769283792714,-34.6175525151031,TRES ARROYOS,2913,TRES ARROYOS 2913,Villa Santa Rita,Comuna 11,1416,
-58.4910302311719,-34.5705531652882,TRIUNVIRATO AV.,5285,TRIUNVIRATO AV. 5285,Villa Urquiza,Comuna 12,1431,
-58.4920978366494,-34.569588193754,TRIUNVIRATO AV.,5390,TRIUNVIRATO AV. 5390,Villa Urquiza,Comuna 12,1431,
-58.4950940819191,-34.5657223808292,TRIUNVIRATO AV.,5744,TRIUNVIRATO AV. 5744,Villa Urquiza,Comuna 12,1431,
-58.3688422102091,-34.6005074765699,,10,TUCUMAN 10,,,,
-58.3860185810689,-34.6016762755949,TUCUMAN,1310,TUCUMAN 1310,San Nicolas,Comuna 1,1050,
-58.392738103972,-34.601955835667,TUCUMAN,1805,TUCUMAN 1805,Balvanera,Comuna 3,1050,
-58.3927931477755,-34.6019589609657,TUCUMAN,1813,TUCUMAN 1813,Balvanera,Comuna 3,1050,
-58.3943337928073,-34.6021221800893,TUCUMAN,1916,TUCUMAN 1916,Balvanera,Comuna 3,1050,
-58.3943337928073,-34.6021221800893,TUCUMAN,1918,TUCUMAN 1918,Balvanera,Comuna 3,1050,
-58.3707372008522,-34.6006497383112,TUCUMAN,201,TUCUMAN 201,San Nicolas,Comuna 1,1049,
-58.3956968412455,-34.6022117724377,TUCUMAN,2010,TUCUMAN 2010,Balvanera,Comuna 3,1050,
-58.3971680344127,-34.6021460341619,TUCUMAN,2105,TUCUMAN 2105,Balvanera,Comuna 3,1050,
-58.3972736938883,-34.6021472383985,TUCUMAN,2111,TUCUMAN 2111,Balvanera,Comuna 3,1050,
-58.3986644798325,-34.6021676853499,TUCUMAN,2201,TUCUMAN 2201,Balvanera,Comuna 3,1051,
-58.3986644798325,-34.6021676853499,TUCUMAN,2209,TUCUMAN 2209,Balvanera,Comuna 3,1051,
-58.3999722002841,-34.6021805395183,TUCUMAN,2309,TUCUMAN 2309,Balvanera,Comuna 3,1051,
-58.4000740469323,-34.6021795668935,TUCUMAN,2315,TUCUMAN 2315,Balvanera,Comuna 3,1051,
-58.4002288299214,-34.6021781083767,TUCUMAN,2331,TUCUMAN 2331,Balvanera,Comuna 3,1051,
-58.401107508876,-34.6021563696782,TUCUMAN,2409,TUCUMAN 2409,Balvanera,Comuna 3,1052,
-58.401107508876,-34.6021563696782,TUCUMAN,2413,TUCUMAN 2413,Balvanera,Comuna 3,1052,
-58.4024510956176,-34.6020376597576,TUCUMAN,2505,TUCUMAN 2505,Balvanera,Comuna 3,1052,
-58.402571690612,-34.6020251062599,TUCUMAN,2521,TUCUMAN 2521,Balvanera,Comuna 3,1052,
-58.4038115808845,-34.6019001273839,TUCUMAN,2611,TUCUMAN 2611,Balvanera,Comuna 3,1052,
-58.4038115808845,-34.6019001273839,TUCUMAN,2615,TUCUMAN 2615,Balvanera,Comuna 3,1052,
-58.4050106420724,-34.601777347678,TUCUMAN,2711,TUCUMAN 2711,Balvanera,Comuna 3,1189,
-58.4066692447164,-34.6016528687299,TUCUMAN,2873,TUCUMAN 2873,Balvanera,Comuna 3,1189,
-58.3715476741311,-34.6007355796362,TUCUMAN,315,TUCUMAN 315,San Nicolas,Comuna 1,1049,
-58.3721305458474,-34.6008453685534,TUCUMAN,362,TUCUMAN 362,San Nicolas,Comuna 1,1049,
-58.3721587819581,-34.6007873275973,TUCUMAN,363,TUCUMAN 363,San Nicolas,Comuna 1,1049,
-58.4195351759589,-34.5982795966685,TUCUMAN,3841,TUCUMAN 3841,Almagro,Comuna 5,1189,
-58.3723706065368,-34.6008665969867,TUCUMAN,399,TUCUMAN 399,San Nicolas,Comuna 1,1049,
-58.3727543517102,-34.6008357004677,TUCUMAN,401,TUCUMAN 401,San Nicolas,Comuna 1,1049,
-58.373185110146,-34.6008686106908,TUCUMAN,439,TUCUMAN 439,San Nicolas,Comuna 1,1049,
-58.3734078594974,-34.6008856272663,TUCUMAN,455,TUCUMAN 455,San Nicolas,Comuna 1,1049,
-58.3741155112554,-34.6009395652461,TUCUMAN,501,TUCUMAN 501,San Nicolas,Comuna 1,1049,
-58.3745124618942,-34.6009658611978,TUCUMAN,531,TUCUMAN 531,San Nicolas,Comuna 1,1049,
-58.3756014873911,-34.6010340875316,TUCUMAN,601,TUCUMAN 601,San Nicolas,Comuna 1,1049,
-58.3758860698716,-34.6010499790408,TUCUMAN,649,TUCUMAN 649,San Nicolas,Comuna 1,1049,
-58.3768693901218,-34.6011016530588,TUCUMAN,701,TUCUMAN 701,San Nicolas,Comuna 1,1049,
-58.3783126826611,-34.6011948061074,TUCUMAN,801,TUCUMAN 801,San Nicolas,Comuna 1,1049,
-58.378939130509,-34.6012213074585,TUCUMAN,857,TUCUMAN 857,San Nicolas,Comuna 1,1049,
-58.3792964304633,-34.6012364214986,TUCUMAN,877,TUCUMAN 877,San Nicolas,Comuna 1,1049,
-58.3798213927456,-34.6012575168781,TUCUMAN,901,TUCUMAN 901,San Nicolas,Comuna 1,1049,
-58.4615485200474,-34.556312905976,"UGARTE, MANUEL",2399,"UGARTE, MANUEL 2399",Belgrano,Comuna 13,1428,
-58.4620019393552,-34.5561940532957,"UGARTE, MANUEL",2401,"UGARTE, MANUEL 2401",Belgrano,Comuna 13,1428,
-58.412569053866,-34.5815004036076,UGARTECHE,2910,UGARTECHE 2910,Palermo,Comuna 14,1425,
-58.412569053866,-34.5815004036076,UGARTECHE,2924,UGARTECHE 2924,Palermo,Comuna 14,1425,
-58.4121471637847,-34.5807970821311,UGARTECHE,3050,UGARTECHE 3050,Palermo,Comuna 14,1425,
-58.4107803077642,-34.5785095274882,UGARTECHE,3294,UGARTECHE 3294,Palermo,Comuna 14,1425,
-58.422833255615,-34.580832256548,URIARTE,2477,URIARTE 2477,Palermo,Comuna 14,1425,
-58.422850113537,-34.5807035743574,URIARTE,2491,URIARTE 2491,Palermo,Comuna 14,1425,
-58.3976603923033,-34.6093985387646,,10,"URIBURU JOSE E., PRES. 10",,,,
-58.3987832132896,-34.5968660302426,"URIBURU JOSE E., PRES.",1009,"URIBURU JOSE E., PRES. 1009",Recoleta,Comuna 2,1114,
-58.3978639267785,-34.5939278941689,"URIBURU JOSE E., PRES.",1223,"URIBURU JOSE E., PRES. 1223",Recoleta,Comuna 2,1114,
-58.3973876183494,-34.5927988098927,"URIBURU JOSE E., PRES.",1301,"URIBURU JOSE E., PRES. 1301",Recoleta,Comuna 2,1114,
-58.397376598886,-34.5927779842468,"URIBURU JOSE E., PRES.",1305,"URIBURU JOSE E., PRES. 1305",Recoleta,Comuna 2,1114,
-58.39568486055,-34.5901470128588,"URIBURU JOSE E., PRES.",1601,"URIBURU JOSE E., PRES. 1601",Recoleta,Comuna 2,1114,
-58.3977894433295,-34.6074086463823,"URIBURU JOSE E., PRES.",193,"URIBURU JOSE E., PRES. 193",Balvanera,Comuna 3,1027,
-58.3978891057253,-34.6073337534982,"URIBURU JOSE E., PRES.",200,"URIBURU JOSE E., PRES. 200",Balvanera,Comuna 3,1027,
-58.3979127477547,-34.6061827934292,"URIBURU JOSE E., PRES.",291,"URIBURU JOSE E., PRES. 291",Balvanera,Comuna 3,1027,
-58.39796242315,-34.6058400978871,"URIBURU JOSE E., PRES.",309,"URIBURU JOSE E., PRES. 309",Balvanera,Comuna 3,1027,
-58.3981406302564,-34.6048480372747,"URIBURU JOSE E., PRES.",391,"URIBURU JOSE E., PRES. 391",Balvanera,Comuna 3,1027,
-58.3982518041612,-34.6046757457249,"URIBURU JOSE E., PRES.",400,"URIBURU JOSE E., PRES. 400",Balvanera,Comuna 3,1027,
-58.3983107256952,-34.6034415609152,"URIBURU JOSE E., PRES.",493,"URIBURU JOSE E., PRES. 493",Balvanera,Comuna 3,1027,
-58.3985294340739,-34.6023483887768,"URIBURU JOSE E., PRES.",592,"URIBURU JOSE E., PRES. 592",Balvanera,Comuna 3,1027,
-58.3984763949357,-34.6020007628429,"URIBURU JOSE E., PRES.",605,"URIBURU JOSE E., PRES. 605",Balvanera,Comuna 3,1027,
-58.3985603150418,-34.6012318881852,"URIBURU JOSE E., PRES.",679,"URIBURU JOSE E., PRES. 679",Balvanera,Comuna 3,1027,
-58.3986293418138,-34.6010197392728,"URIBURU JOSE E., PRES.",705,"URIBURU JOSE E., PRES. 705",Balvanera,Comuna 3,1027,
-58.3986608020074,-34.6006218652922,"URIBURU JOSE E., PRES.",735,"URIBURU JOSE E., PRES. 735",Balvanera,Comuna 3,1027,
-58.3987251010041,-34.5997728904554,"URIBURU JOSE E., PRES.",799,"URIBURU JOSE E., PRES. 799",Balvanera,Comuna 3,1027,
-58.397661464853,-34.6085544124042,,97,"URIBURU JOSE E., PRES. 97",,,,
-58.3984971541851,-34.5954993423884,"URIBURU JOSE E., PRES.",1099,"URIBURU JOSE E., PRES. 1099",Recoleta,Comuna 2,1114,
-58.398367164479,-34.5951291908032,"URIBURU JOSE E., PRES.",1115,"URIBURU JOSE E., PRES. 1115",Recoleta,Comuna 2,1114,
-58.3956021750085,-34.5900745435907,"URIBURU JOSE E., PRES.",1617,"URIBURU JOSE E., PRES. 1617",Recoleta,Comuna 2,1114,
-58.3977018348858,-34.6081630892838,"URIBURU JOSE E., PRES.",105,"URIBURU JOSE E., PRES. 105",Balvanera,Comuna 3,1027,
-58.398497211808,-34.5952020012791,"URIBURU JOSE E., PRES.",1110,"URIBURU JOSE E., PRES. 1110",Recoleta,Comuna 2,1114,
-58.3946384002969,-34.589122060341,"URIBURU JOSE E., PRES.",1719,"URIBURU JOSE E., PRES. 1719",Recoleta,Comuna 2,1114,
-58.3978206488026,-34.6070970670227,"URIBURU JOSE E., PRES.",209,"URIBURU JOSE E., PRES. 209",Balvanera,Comuna 3,1027,
-58.3979596696101,-34.6058367971485,"URIBURU JOSE E., PRES.",305,"URIBURU JOSE E., PRES. 305",Balvanera,Comuna 3,1027,
-58.3982073195323,-34.6043521757033,"URIBURU JOSE E., PRES.",411,"URIBURU JOSE E., PRES. 411",Balvanera,Comuna 3,1027,
-58.3975717957572,-34.6093491330781,,5,"URIBURU JOSE E., PRES. 5",,,,
-58.3983450837405,-34.6031583575811,"URIBURU JOSE E., PRES.",505,"URIBURU JOSE E., PRES. 505",Balvanera,Comuna 3,1027,
-58.3984763949357,-34.6020007628429,"URIBURU JOSE E., PRES.",607,"URIBURU JOSE E., PRES. 607",Balvanera,Comuna 3,1027,
-58.4089062336828,-34.6248426281234,"URQUIZA, GRAL.",1209,"URQUIZA, GRAL. 1209",San Cristobal,Comuna 3,1243,
-58.387171722778,-34.5960007169941,URUGUAY,1090,URUGUAY 1090,Recoleta,Comuna 2,1016,
-58.3872914204195,-34.594977613092,URUGUAY,1176,URUGUAY 1176,Recoleta,Comuna 2,1016,
-58.3864098932407,-34.6066220874536,URUGUAY,194,URUGUAY 194,San Nicolas,Comuna 1,1015,
-58.3864817387418,-34.6054566248473,URUGUAY,292,URUGUAY 292,San Nicolas,Comuna 1,1015,
-58.3866795342921,-34.6007473190252,URUGUAY AV.,691,URUGUAY AV. 691,San Nicolas,Comuna 1,1015,
-58.3984138269833,-34.6382041674451,USPALLATA,2619,USPALLATA 2619,Parque Patricios,Comuna 4,1437,
-58.3754931304134,-34.6331843691446,USPALLATA,896,USPALLATA 896,Barracas,Comuna 4,1268,
-58.3702292952624,-34.6356394136299,"VALLE, ARISTOBULO DEL",1234,"VALLE, ARISTOBULO DEL 1234",Barracas,Comuna 4,1295,
-58.3704185142297,-34.635661311872,"VALLE, ARISTOBULO DEL",1236,"VALLE, ARISTOBULO DEL 1236",Barracas,Comuna 4,1295,
-58.3745833591153,-34.6362627322688,"VALLE, ARISTOBULO DEL",1674,"VALLE, ARISTOBULO DEL 1674",Barracas,Comuna 4,1295,
-58.3599907159101,-34.6327490307908,"VALLE, ARISTOBULO DEL",370,"VALLE, ARISTOBULO DEL 370",Boca,Comuna 4,1161,
-58.4732140167505,-34.6231900594299,"VALLESE, FELIPE",2909,"VALLESE, FELIPE 2909",Flores,Comuna 7,1406,
-58.4800875880232,-34.6250838628468,"VALLESE, FELIPE",3500,"VALLESE, FELIPE 3500",Floresta,Comuna 10,1407,
-58.439427812159,-34.6107924286358,"VALLESE, FELIPE",401,"VALLESE, FELIPE 401",Caballito,Comuna 6,1405,
-58.4951037171273,-34.5972252130798,"VARELA, JOSE PEDRO",3024,"VARELA, JOSE PEDRO 3024",Villa Del Parque,Comuna 11,1417,
-58.5229171347124,-34.6153903063732,"VARELA, JOSE PEDRO",5290,"VARELA, JOSE PEDRO 5290",Villa Devoto,Comuna 11,1417,
-58.4748412553141,-34.5398982168215,VEDIA,2399,VEDIA 2399,Nu\u00f1ez,Comuna 13,1429,
-58.475535648626,-34.5401195171503,VEDIA,2401,VEDIA 2401,Saavedra,Comuna 12,1429,
-58.4159869048261,-34.654159507806,"VEGA, VENTURA DE LA",3982,"VEGA, VENTURA DE LA 3982",Nueva Pompeya,Comuna 4,1437,
-58.4159869048261,-34.654159507806,"VEGA, VENTURA DE LA",3980,"VEGA, VENTURA DE LA 3980",Nueva Pompeya,Comuna 4,1437,
-58.4885353895623,-34.5970124902727,VENECIA,3124,VENECIA 3124,Agronomia,Comuna 15,1417,
-58.4159557761343,-34.6507994159242,VENTANA,3888,VENTANA 3888,Nueva Pompeya,Comuna 4,1437,
-58.4425708133205,-34.5939119686324,VERA,1096,VERA 1096,Villa Crespo,Comuna 15,1414,
-58.4373592781885,-34.5993084221413,VERA,479,VERA 479,Villa Crespo,Comuna 15,1414,
-58.3711696149629,-34.5995494606293,VIAMONTE,252,VIAMONTE 252,San Nicolas,Comuna 1,1053,
-58.4063912507689,-34.6007697830599,VIAMONTE,2872,VIAMONTE 2872,Balvanera,Comuna 3,1213,
-58.3715388994772,-34.5996160580146,VIAMONTE,302,VIAMONTE 302,San Nicolas,Comuna 1,1053,
-58.3737523941492,-34.5997905035732,VIAMONTE,486,VIAMONTE 486,San Nicolas,Comuna 1,1053,
-58.3739436638472,-34.5998053498855,VIAMONTE,498,VIAMONTE 498,San Nicolas,Comuna 1,1053,
-58.3752533880858,-34.5998974764467,VIAMONTE,600,VIAMONTE 600,San Nicolas,Comuna 1,1053,
-58.3765424297108,-34.5999366840038,VIAMONTE,682,VIAMONTE 682,San Nicolas,Comuna 1,1053,
-58.376774143841,-34.5999525775674,VIAMONTE,698,VIAMONTE 698,San Nicolas,Comuna 1,1053,
-58.3767813687141,-34.5999532190734,VIAMONTE,700,VIAMONTE 700,San Nicolas,Comuna 1,1053,
-58.378025263795,-34.6000971385253,VIAMONTE,798,VIAMONTE 798,San Nicolas,Comuna 1,1053,
-58.379354465235,-34.6000942648963,VIAMONTE,877,VIAMONTE 877,San Nicolas,Comuna 1,1053,
-58.379354465235,-34.6000942648963,VIAMONTE,885,VIAMONTE 885,San Nicolas,Comuna 1,1053,
-58.3811165203055,-34.6002083415867,VIAMONTE,996,VIAMONTE 996,San Nicolas,Comuna 1,1053,
-58.4789565261941,-34.5793608612936,"VICTORICA, BENJAMIN, GENERAL, AV.",2314,"VICTORICA, BENJAMIN, GENERAL, AV. 2314",Parque Chas,Comuna 15,1431,
-58.4573251354942,-34.5676577594768,VIDAL,1705,VIDAL 1705,Belgrano,Comuna 13,1426,
-58.4663577870009,-34.5571558362164,VIDAL,2915,VIDAL 2915,Nu\u00f1ez,Comuna 13,1429,
-58.4120481822459,-34.5873662818571,VIDT,2120,VIDT 2120,Palermo,Comuna 14,1425,
-58.4133402330347,-34.5885997333724,VIDT,2011,VIDT 2011,Palermo,Comuna 14,1425,
-58.4121103005851,-34.5874618066798,VIDT,2106,VIDT 2106,Palermo,Comuna 14,1425,
-58.4702797428056,-34.5460338023896,VILELA,2398,VILELA 2398,Nu\u00f1ez,Comuna 13,1429,
-58.3702302449022,-34.6345222980334,"VILLAFAÑE, WENCESLAO",1201,"VILLAFAÑE, WENCESLAO 1201",Barracas,Comuna 4,1295,
-58.370365470217,-34.634528099909,"VILLAFAÑE, WENCESLAO",1221,"VILLAFAÑE, WENCESLAO 1221",Barracas,Comuna 4,1295,
-58.3749904630594,-34.6351750074099,"VILLAFAÑE, WENCESLAO",1699,"VILLAFAÑE, WENCESLAO 1699",Barracas,Comuna 4,1295,
-58.4436896027885,-34.593992122348,VILLARROEL,1119,VILLARROEL 1119,Villa Crespo,Comuna 15,1414,
-58.443631820197,-34.6082915783754,"VIRASORO, VALENTIN",1014,"VIRASORO, VALENTIN 1014",Caballito,Comuna 6,1405,
-58.5259581319068,-34.6151815479047,VIRGILIO,2882,VIRGILIO 2882,Villa Real,Comuna 10,1408,
-58.5025751124799,-34.632618548332,VIRGILIO,523,VIRGILIO 523,Villa Luro,Comuna 10,1407,
-58.4615019023771,-34.554628793944,VUELTA DE OBLIGADO,2825,VUELTA DE OBLIGADO 2825,Nu\u00f1ez,Comuna 13,1429,
-58.4398935841622,-34.6033753008245,WARNES AV.,176,WARNES AV. 176,Villa Crespo,Comuna 15,1414,
-58.4222945213487,-34.6122628189896,,18,YAPEYU 18,,,,
-58.4278535942846,-34.6140966726144,,16,YATAY 16,,,,
-58.4285748322599,-34.6021105162465,YATAY,824,YATAY 824,Almagro,Comuna 5,1184,
-58.4651216215262,-34.6280959305601,YERBAL,2505,YERBAL 2505,Flores,Comuna 7,1406,
-58.4374250877133,-34.6171910058923,YERBAL,451,YERBAL 451,Caballito,Comuna 6,1405,
-58.4002332781612,-34.6109373409484,"YRIGOYEN, HIPOLITO",2398,"YRIGOYEN, HIPOLITO 2398",Balvanera,Comuna 3,1089,
-58.4008333371353,-34.6109785018235,"YRIGOYEN, HIPOLITO",2434,"YRIGOYEN, HIPOLITO 2434",Balvanera,Comuna 3,1089,
-58.4040262795469,-34.6111888727532,"YRIGOYEN, HIPOLITO",2690,"YRIGOYEN, HIPOLITO 2690",Balvanera,Comuna 3,1090,
-58.4055060275622,-34.6112788802919,"YRIGOYEN, HIPOLITO",2792,"YRIGOYEN, HIPOLITO 2792",Balvanera,Comuna 3,1090,
-58.4071154276331,-34.6113134227802,"YRIGOYEN, HIPOLITO",2889,"YRIGOYEN, HIPOLITO 2889",Balvanera,Comuna 3,1207,
-58.4484034216527,-34.5671635430254,ZABALA,2317,ZABALA 2317,Belgrano,Comuna 13,1426,
-58.448408993594,-34.5671688856579,ZABALA,2319,ZABALA 2319,Belgrano,Comuna 13,1426,
-58.4492885419134,-34.5682520199797,ZABALA,2420,ZABALA 2420,Colegiales,Comuna 13,1426,
-58.4834994300327,-34.5973716059484,ZAMUDIO,3112,ZAMUDIO 3112,Agronomia,Comuna 15,1417,
-58.4481899504849,-34.5761744885875,ZAPIOLA,690,ZAPIOLA 690,Colegiales,Comuna 13,1426,
-58.4037591975978,-34.6371795561567,,23,ZAVALETA 23,,,,
-58.4037917956882,-34.6370284563893,,15,ZAVALETA 15,,,,
