id,nombre,destinatar,requisito,objetivos,direccion,barrio,comuna,web,geometry
936,Solamente Amigos,Personas mayores de 60 años.,Tener 60 años o más. Inscribirse en la o las actividades elegidas en el Centro de Jubilados al que se concurre.,"La Secretaría de Bienestar integral impulsa en los distintos Centros de Jubilados y Pensionados diversos programas y talleres que favorecen el desarrollo de espacios colectivos de aprendizaje, productivos y placenteros, destinados a los adultos mayores.","Gutierrez, Ricardo 4302",Villa Devoto,Comuna 11,https://buenosaires.gob.ar/vicejefatura/bienestar-integral/puntos-de-bienestar/centros-de-jubilados,POINT (-58.514278000000004 -34.60288799999999)
940,Los Gurises,Personas mayores de 60 años.,Tener 60 años o más. Inscribirse en la o las actividades elegidas en el Centro de Jubilados al que se concurre.,"La Secretaría de Bienestar integral impulsa en los distintos Centros de Jubilados y Pensionados diversos programas y talleres que favorecen el desarrollo de espacios colectivos de aprendizaje, productivos y placenteros, destinados a los adultos mayores.",Bolonia 5382,Villa Luro,Comuna 10,https://buenosaires.gob.ar/vicejefatura/bienestar-integral/puntos-de-bienestar/centros-de-jubilados,POINT (-58.511817601790966 -34.62541504036409)
980,La Porteña,Personas mayores de 60 años.,Tener 60 años o más. Inscribirse en la o las actividades elegidas en el Centro de Jubilados al que se concurre.,"La Secretaría de Bienestar integral impulsa en los distintos Centros de Jubilados y Pensionados diversos programas y talleres que favorecen el desarrollo de espacios colectivos de aprendizaje, productivos y placenteros, destinados a los adultos mayores.",Reservistas Argentinos 219,Liniers,Comuna 9,https://buenosaires.gob.ar/vicejefatura/bienestar-integral/puntos-de-bienestar/centros-de-jubilados,POINT (-58.521265043596514 -34.63643597279915)
981,Manantial,Personas mayores de 60 años.,Tener 60 años o más. Inscribirse en la o las actividades elegidas en el Centro de Jubilados al que se concurre.,"La Secretaría de Bienestar integral impulsa en los distintos Centros de Jubilados y Pensionados diversos programas y talleres que favorecen el desarrollo de espacios colectivos de aprendizaje, productivos y placenteros, destinados a los adultos mayores.",Cabello 3958,Palermo,Comuna 14,https://buenosaires.gob.ar/vicejefatura/bienestar-integral/puntos-de-bienestar/centros-de-jubilados,POINT (-58.41486459944155 -34.57963253569482)
990,Vengo A Proponerles Un Sueño,Personas mayores de 60 años.,Tener 60 años o más. Inscribirse en la o las actividades elegidas en el Centro de Jubilados al que se concurre.,"La Secretaría de Bienestar integral impulsa en los distintos Centros de Jubilados y Pensionados diversos programas y talleres que favorecen el desarrollo de espacios colectivos de aprendizaje, productivos y placenteros, destinados a los adultos mayores.",Llavallol 5170,Villa Devoto,Comuna 11,https://buenosaires.gob.ar/vicejefatura/bienestar-integral/puntos-de-bienestar/centros-de-jubilados,POINT (-58.512241942120696 -34.58660769338475)
1000,Renacer 2001,Personas mayores de 60 años.,Tener 60 años o más. Inscribirse en la o las actividades elegidas en el Centro de Jubilados al que se concurre.,"La Secretaría de Bienestar integral impulsa en los distintos Centros de Jubilados y Pensionados diversos programas y talleres que favorecen el desarrollo de espacios colectivos de aprendizaje, productivos y placenteros, destinados a los adultos mayores.","De La Torre, Lisandro 5151",Villa Riachuelo,Comuna 8,https://buenosaires.gob.ar/vicejefatura/bienestar-integral/puntos-de-bienestar/centros-de-jubilados,POINT (-58.46833849580093 -34.688169222665614)
1012,Enrique Pavon Pereyra,Personas mayores de 60 años.,Tener 60 años o más. Inscribirse en la o las actividades elegidas en el Centro de Jubilados al que se concurre.,"La Secretaría de Bienestar integral impulsa en los distintos Centros de Jubilados y Pensionados diversos programas y talleres que favorecen el desarrollo de espacios colectivos de aprendizaje, productivos y placenteros, destinados a los adultos mayores.",California 2587,Barracas,Comuna 4,https://buenosaires.gob.ar/vicejefatura/bienestar-integral/puntos-de-bienestar/centros-de-jubilados,POINT (-58.382766936933095 -34.64893005292411)
1029,Dr Ramon Carrillo,Personas mayores de 60 años.,Tener 60 años o más. Inscribirse en la o las actividades elegidas en el Centro de Jubilados al que se concurre.,"La Secretaría de Bienestar integral impulsa en los distintos Centros de Jubilados y Pensionados diversos programas y talleres que favorecen el desarrollo de espacios colectivos de aprendizaje, productivos y placenteros, destinados a los adultos mayores.","Garcia, Juan Agustin 5566",Villa Luro,Comuna 10,https://buenosaires.gob.ar/vicejefatura/bienestar-integral/puntos-de-bienestar/centros-de-jubilados,POINT (-58.50959887803176 -34.62988894043302)
1036,Participar,Personas mayores de 60 años.,Tener 60 años o más. Inscribirse en la o las actividades elegidas en el Centro de Jubilados al que se concurre.,"La Secretaría de Bienestar integral impulsa en los distintos Centros de Jubilados y Pensionados diversos programas y talleres que favorecen el desarrollo de espacios colectivos de aprendizaje, productivos y placenteros, destinados a los adultos mayores.",Guatemala 5090,Palermo,Comuna 14,https://buenosaires.gob.ar/vicejefatura/bienestar-integral/puntos-de-bienestar/centros-de-jubilados,POINT (-58.42794268953735 -34.58363886131936)
1041,Abuelos Unidos,Personas mayores de 60 años.,Tener 60 años o más. Inscribirse en la o las actividades elegidas en el Centro de Jubilados al que se concurre.,"La Secretaría de Bienestar integral impulsa en los distintos Centros de Jubilados y Pensionados diversos programas y talleres que favorecen el desarrollo de espacios colectivos de aprendizaje, productivos y placenteros, destinados a los adultos mayores.",Asuncion 4309,Villa Devoto,Comuna 11,https://buenosaires.gob.ar/vicejefatura/bienestar-integral/puntos-de-bienestar/centros-de-jubilados,POINT (-58.514807255167696 -34.60309726855325)
1049,El Laberinto de Parque Chas,Personas mayores de 60 años.,Tener 60 años o más. Inscribirse en la o las actividades elegidas en el Centro de Jubilados al que se concurre.,"La Secretaría de Bienestar integral impulsa en los distintos Centros de Jubilados y Pensionados diversos programas y talleres que favorecen el desarrollo de espacios colectivos de aprendizaje, productivos y placenteros, destinados a los adultos mayores.","Victorica, Benjamin, General, Av. 2642",Parque Chas,Comuna 15,https://buenosaires.gob.ar/vicejefatura/bienestar-integral/puntos-de-bienestar/centros-de-jubilados,POINT (-58.47916121548131 -34.582157991210956)
1057,Amistad y Libertad,Personas mayores de 60 años.,Tener 60 años o más. Inscribirse en la o las actividades elegidas en el Centro de Jubilados al que se concurre.,"La Secretaría de Bienestar integral impulsa en los distintos Centros de Jubilados y Pensionados diversos programas y talleres que favorecen el desarrollo de espacios colectivos de aprendizaje, productivos y placenteros, destinados a los adultos mayores.",Terrada 4243,Villa Pueyrredon,Comuna 12,https://buenosaires.gob.ar/vicejefatura/bienestar-integral/puntos-de-bienestar/centros-de-jubilados,POINT (-58.49781816164446 -34.58886473225378)
1058,Nuestra Esperanza,Personas mayores de 60 años.,Tener 60 años o más. Inscribirse en la o las actividades elegidas en el Centro de Jubilados al que se concurre.,"La Secretaría de Bienestar integral impulsa en los distintos Centros de Jubilados y Pensionados diversos programas y talleres que favorecen el desarrollo de espacios colectivos de aprendizaje, productivos y placenteros, destinados a los adultos mayores.",Barco Centenera Del 1762,Parque Chacabuco,Comuna 7,https://buenosaires.gob.ar/vicejefatura/bienestar-integral/puntos-de-bienestar/centros-de-jubilados,POINT (-58.432317299106415 -34.63902963157807)
1073,Ribera Sur,Personas mayores de 60 años.,Tener 60 años o más. Inscribirse en la o las actividades elegidas en el Centro de Jubilados al que se concurre.,"La Secretaría de Bienestar integral impulsa en los distintos Centros de Jubilados y Pensionados diversos programas y talleres que favorecen el desarrollo de espacios colectivos de aprendizaje, productivos y placenteros, destinados a los adultos mayores.","Blanes, Juan Manuel 295",La Boca,Comuna 4,https://buenosaires.gob.ar/vicejefatura/bienestar-integral/puntos-de-bienestar/centros-de-jubilados,POINT (-58.36148912213448 -34.629949993515964)
1090,Caminemos Juntos,Personas mayores de 60 años.,Tener 60 años o más. Inscribirse en la o las actividades elegidas en el Centro de Jubilados al que se concurre.,"La Secretaría de Bienestar integral impulsa en los distintos Centros de Jubilados y Pensionados diversos programas y talleres que favorecen el desarrollo de espacios colectivos de aprendizaje, productivos y placenteros, destinados a los adultos mayores.",Moreno 3333,Almagro,Comuna 5,https://buenosaires.gob.ar/vicejefatura/bienestar-integral/puntos-de-bienestar/centros-de-jubilados,POINT (-58.41350352524825 -34.61414111279273)
1105,Yo Soy Luz,Personas mayores de 60 años.,Tener 60 años o más. Inscribirse en la o las actividades elegidas en el Centro de Jubilados al que se concurre.,"La Secretaría de Bienestar integral impulsa en los distintos Centros de Jubilados y Pensionados diversos programas y talleres que favorecen el desarrollo de espacios colectivos de aprendizaje, productivos y placenteros, destinados a los adultos mayores.",Terrero 300,Flores,Comuna 7,https://buenosaires.gob.ar/vicejefatura/bienestar-integral/puntos-de-bienestar/centros-de-jubilados,POINT (-58.457724958477456 -34.62314013959981)
1106,Los Pequeños Grandes,Personas mayores de 60 años.,Tener 60 años o más. Inscribirse en la o las actividades elegidas en el Centro de Jubilados al que se concurre.,"La Secretaría de Bienestar integral impulsa en los distintos Centros de Jubilados y Pensionados diversos programas y talleres que favorecen el desarrollo de espacios colectivos de aprendizaje, productivos y placenteros, destinados a los adultos mayores.","Quinquela Martin, Benito 2252",Barracas,Comuna 4,https://buenosaires.gob.ar/vicejefatura/bienestar-integral/puntos-de-bienestar/centros-de-jubilados,POINT (-58.38018229914394 -34.645275221183944)
1132,Luces de Buenos Aires,Personas mayores de 60 años.,Tener 60 años o más. Inscribirse en la o las actividades elegidas en el Centro de Jubilados al que se concurre.,"La Secretaría de Bienestar integral impulsa en los distintos Centros de Jubilados y Pensionados diversos programas y talleres que favorecen el desarrollo de espacios colectivos de aprendizaje, productivos y placenteros, destinados a los adultos mayores.",Sanabria 2350,Monte Castro,Comuna 10,https://buenosaires.gob.ar/vicejefatura/bienestar-integral/puntos-de-bienestar/centros-de-jubilados,POINT (-58.50325979658105 -34.61489570993671)
1135,La Fabrica,Personas mayores de 60 años.,Tener 60 años o más. Inscribirse en la o las actividades elegidas en el Centro de Jubilados al que se concurre.,"La Secretaría de Bienestar integral impulsa en los distintos Centros de Jubilados y Pensionados diversos programas y talleres que favorecen el desarrollo de espacios colectivos de aprendizaje, productivos y placenteros, destinados a los adultos mayores.",Estado Plurinacional De Bolivia 932,Flores,Comuna 7,https://buenosaires.gob.ar/vicejefatura/bienestar-integral/puntos-de-bienestar/centros-de-jubilados,POINT (-58.469707732465025 -34.620659575029634)
1137,Abuelos de Villa Luro,Personas mayores de 60 años.,Tener 60 años o más. Inscribirse en la o las actividades elegidas en el Centro de Jubilados al que se concurre.,"La Secretaría de Bienestar integral impulsa en los distintos Centros de Jubilados y Pensionados diversos programas y talleres que favorecen el desarrollo de espacios colectivos de aprendizaje, productivos y placenteros, destinados a los adultos mayores.",San Blas 5462,Villa Luro,Comuna 10,https://buenosaires.gob.ar/vicejefatura/bienestar-integral/puntos-de-bienestar/centros-de-jubilados,POINT (-58.509535519718824 -34.6314887395361)
1144,Renovacion,Personas mayores de 60 años.,Tener 60 años o más. Inscribirse en la o las actividades elegidas en el Centro de Jubilados al que se concurre.,"La Secretaría de Bienestar integral impulsa en los distintos Centros de Jubilados y Pensionados diversos programas y talleres que favorecen el desarrollo de espacios colectivos de aprendizaje, productivos y placenteros, destinados a los adultos mayores.",Larrea 784,Balvanera,Comuna 3,https://buenosaires.gob.ar/vicejefatura/bienestar-integral/puntos-de-bienestar/centros-de-jubilados,POINT (-58.402682549713916 -34.599458286525724)
1147,Reempezar,Personas mayores de 60 años.,Tener 60 años o más. Inscribirse en la o las actividades elegidas en el Centro de Jubilados al que se concurre.,"La Secretaría de Bienestar integral impulsa en los distintos Centros de Jubilados y Pensionados diversos programas y talleres que favorecen el desarrollo de espacios colectivos de aprendizaje, productivos y placenteros, destinados a los adultos mayores.","Peron, Eva Av. 3100",Flores,Comuna 7,https://buenosaires.gob.ar/vicejefatura/bienestar-integral/puntos-de-bienestar/centros-de-jubilados,POINT (-58.46039242080892 -34.64297403631669)
1158,Floparch,Personas mayores de 60 años.,Tener 60 años o más. Inscribirse en la o las actividades elegidas en el Centro de Jubilados al que se concurre.,"La Secretaría de Bienestar integral impulsa en los distintos Centros de Jubilados y Pensionados diversos programas y talleres que favorecen el desarrollo de espacios colectivos de aprendizaje, productivos y placenteros, destinados a los adultos mayores.","Alberdi, Juan Bautista Av. 2908",Flores,Comuna 7,https://buenosaires.gob.ar/vicejefatura/bienestar-integral/puntos-de-bienestar/centros-de-jubilados,POINT (-58.468749643407314 -34.63345988772265)
1181,Fortaleza,Personas mayores de 60 años.,Tener 60 años o más. Inscribirse en la o las actividades elegidas en el Centro de Jubilados al que se concurre.,"La Secretaría de Bienestar integral impulsa en los distintos Centros de Jubilados y Pensionados diversos programas y talleres que favorecen el desarrollo de espacios colectivos de aprendizaje, productivos y placenteros, destinados a los adultos mayores.","Aviles, Virrey 3167",Colegiales,Comuna 13,https://buenosaires.gob.ar/vicejefatura/bienestar-integral/puntos-de-bienestar/centros-de-jubilados,POINT (-58.45867616807279 -34.573119210571924)
1216,Quinta del Molino,Personas mayores de 60 años.,Tener 60 años o más. Inscribirse en la o las actividades elegidas en el Centro de Jubilados al que se concurre.,"La Secretaría de Bienestar integral impulsa en los distintos Centros de Jubilados y Pensionados diversos programas y talleres que favorecen el desarrollo de espacios colectivos de aprendizaje, productivos y placenteros, destinados a los adultos mayores.",Portela 3370,Villa Soldati,Comuna 8,https://buenosaires.gob.ar/vicejefatura/bienestar-integral/puntos-de-bienestar/centros-de-jubilados,POINT (-58.440540148238725 -34.663900251644634)
1234,Juan de Dios Filiberto,Personas mayores de 60 años.,Tener 60 años o más. Inscribirse en la o las actividades elegidas en el Centro de Jubilados al que se concurre.,"La Secretaría de Bienestar integral impulsa en los distintos Centros de Jubilados y Pensionados diversos programas y talleres que favorecen el desarrollo de espacios colectivos de aprendizaje, productivos y placenteros, destinados a los adultos mayores.","Rodriguez, Martin 732",La Boca,Comuna 4,https://buenosaires.gob.ar/vicejefatura/bienestar-integral/puntos-de-bienestar/centros-de-jubilados,POINT (-58.361023793870224 -34.63445943051797)
1249,General Pueyrredon,Personas mayores de 60 años.,Tener 60 años o más. Inscribirse en la o las actividades elegidas en el Centro de Jubilados al que se concurre.,"La Secretaría de Bienestar integral impulsa en los distintos Centros de Jubilados y Pensionados diversos programas y talleres que favorecen el desarrollo de espacios colectivos de aprendizaje, productivos y placenteros, destinados a los adultos mayores.",Zuviria 5921,Villa Lugano,Comuna 8,https://buenosaires.gob.ar/vicejefatura/bienestar-integral/puntos-de-bienestar/centros-de-jubilados,POINT (-58.48815564831603 -34.67073338902812)
1286,Vecinos Activos,Personas mayores de 60 años.,Tener 60 años o más. Inscribirse en la o las actividades elegidas en el Centro de Jubilados al que se concurre.,"La Secretaría de Bienestar integral impulsa en los distintos Centros de Jubilados y Pensionados diversos programas y talleres que favorecen el desarrollo de espacios colectivos de aprendizaje, productivos y placenteros, destinados a los adultos mayores.",Rivadavia Av. 10019,Villa Luro,Comuna 10,https://buenosaires.gob.ar/vicejefatura/bienestar-integral/puntos-de-bienestar/centros-de-jubilados,POINT (-58.50492354432196 -34.63813105972086)
1370,Encuentro Vecinal Sur,Personas mayores de 60 años.,Tener 60 años o más. Inscribirse en la o las actividades elegidas en el Centro de Jubilados al que se concurre.,"La Secretaría de Bienestar integral impulsa en los distintos Centros de Jubilados y Pensionados diversos programas y talleres que favorecen el desarrollo de espacios colectivos de aprendizaje, productivos y placenteros, destinados a los adultos mayores.",Picheuta 1517,Parque Chacabuco,Comuna 7,https://buenosaires.gob.ar/vicejefatura/bienestar-integral/puntos-de-bienestar/centros-de-jubilados,POINT (-58.435255486133094 -34.63660678415727)
1381,Esperanza Viva,Personas mayores de 60 años.,Tener 60 años o más. Inscribirse en la o las actividades elegidas en el Centro de Jubilados al que se concurre.,"La Secretaría de Bienestar integral impulsa en los distintos Centros de Jubilados y Pensionados diversos programas y talleres que favorecen el desarrollo de espacios colectivos de aprendizaje, productivos y placenteros, destinados a los adultos mayores.",La Rioja 1777,Parque Patricios,Comuna 4,https://buenosaires.gob.ar/vicejefatura/bienestar-integral/puntos-de-bienestar/centros-de-jubilados,POINT (-58.40647413607223 -34.631578645092866)
1397,Carlos Carella,Personas mayores de 60 años.,Tener 60 años o más. Inscribirse en la o las actividades elegidas en el Centro de Jubilados al que se concurre.,"La Secretaría de Bienestar integral impulsa en los distintos Centros de Jubilados y Pensionados diversos programas y talleres que favorecen el desarrollo de espacios colectivos de aprendizaje, productivos y placenteros, destinados a los adultos mayores.",San Nicolas 2394,Villa Del Parque,Comuna 11,https://buenosaires.gob.ar/vicejefatura/bienestar-integral/puntos-de-bienestar/centros-de-jubilados,POINT (-58.49739869580308 -34.61088588437635)
1408,Los Años Felices,Personas mayores de 60 años.,Tener 60 años o más. Inscribirse en la o las actividades elegidas en el Centro de Jubilados al que se concurre.,"La Secretaría de Bienestar integral impulsa en los distintos Centros de Jubilados y Pensionados diversos programas y talleres que favorecen el desarrollo de espacios colectivos de aprendizaje, productivos y placenteros, destinados a los adultos mayores.",Culpina 350,Flores,Comuna 7,https://buenosaires.gob.ar/vicejefatura/bienestar-integral/puntos-de-bienestar/centros-de-jubilados,POINT (-58.46484676423652 -34.63410370891142)
1409,Todos Unidos,Personas mayores de 60 años.,Tener 60 años o más. Inscribirse en la o las actividades elegidas en el Centro de Jubilados al que se concurre.,"La Secretaría de Bienestar integral impulsa en los distintos Centros de Jubilados y Pensionados diversos programas y talleres que favorecen el desarrollo de espacios colectivos de aprendizaje, productivos y placenteros, destinados a los adultos mayores.","Moran, Pedro 2446",Agronomia,Comuna 15,https://buenosaires.gob.ar/vicejefatura/bienestar-integral/puntos-de-bienestar/centros-de-jubilados,POINT (-58.49110175778751 -34.589612382271966)
1410,Liniers Sur,Personas mayores de 60 años.,Tener 60 años o más. Inscribirse en la o las actividades elegidas en el Centro de Jubilados al que se concurre.,"La Secretaría de Bienestar integral impulsa en los distintos Centros de Jubilados y Pensionados diversos programas y talleres que favorecen el desarrollo de espacios colectivos de aprendizaje, productivos y placenteros, destinados a los adultos mayores.","Paz, Gral. Av. 11297",Liniers,Comuna 9,https://buenosaires.gob.ar/vicejefatura/bienestar-integral/puntos-de-bienestar/centros-de-jubilados,POINT (-58.52941130002238 -34.6472175734697)
1414,San Miguel Arcangel,Personas mayores de 60 años.,Tener 60 años o más. Inscribirse en la o las actividades elegidas en el Centro de Jubilados al que se concurre.,"La Secretaría de Bienestar integral impulsa en los distintos Centros de Jubilados y Pensionados diversos programas y talleres que favorecen el desarrollo de espacios colectivos de aprendizaje, productivos y placenteros, destinados a los adultos mayores.",Zelada 4640,Villa Luro,Comuna 10,https://buenosaires.gob.ar/vicejefatura/bienestar-integral/puntos-de-bienestar/centros-de-jubilados,POINT (-58.49195666256918 -34.64150852110416)
1431,Pleno Vivir,Personas mayores de 60 años.,Tener 60 años o más. Inscribirse en la o las actividades elegidas en el Centro de Jubilados al que se concurre.,"La Secretaría de Bienestar integral impulsa en los distintos Centros de Jubilados y Pensionados diversos programas y talleres que favorecen el desarrollo de espacios colectivos de aprendizaje, productivos y placenteros, destinados a los adultos mayores.",Boston 2775,Villa Devoto,Comuna 11,https://buenosaires.gob.ar/vicejefatura/bienestar-integral/puntos-de-bienestar/centros-de-jubilados,POINT (-58.509153003382835 -34.61345768538718)
1446,Abuelos por El Cambio,Personas mayores de 60 años.,Tener 60 años o más. Inscribirse en la o las actividades elegidas en el Centro de Jubilados al que se concurre.,"La Secretaría de Bienestar integral impulsa en los distintos Centros de Jubilados y Pensionados diversos programas y talleres que favorecen el desarrollo de espacios colectivos de aprendizaje, productivos y placenteros, destinados a los adultos mayores.","Tamborini, Jose Pascual 6157",Villa Urquiza,Comuna 12,https://buenosaires.gob.ar/vicejefatura/bienestar-integral/puntos-de-bienestar/centros-de-jubilados,POINT (-58.503785000000015 -34.572450999999994)
1460,Barrio Espora,Personas mayores de 60 años.,Tener 60 años o más. Inscribirse en la o las actividades elegidas en el Centro de Jubilados al que se concurre.,"La Secretaría de Bienestar integral impulsa en los distintos Centros de Jubilados y Pensionados diversos programas y talleres que favorecen el desarrollo de espacios colectivos de aprendizaje, productivos y placenteros, destinados a los adultos mayores.",Iguazu 1685,Nueva Pompeya,Comuna 4,https://buenosaires.gob.ar/vicejefatura/bienestar-integral/puntos-de-bienestar/centros-de-jubilados,POINT (-58.40252184446555 -34.656568913359266)
1466,Nueva Esperanza de Flores,Personas mayores de 60 años.,Tener 60 años o más. Inscribirse en la o las actividades elegidas en el Centro de Jubilados al que se concurre.,"La Secretaría de Bienestar integral impulsa en los distintos Centros de Jubilados y Pensionados diversos programas y talleres que favorecen el desarrollo de espacios colectivos de aprendizaje, productivos y placenteros, destinados a los adultos mayores.",Castañon 1377,Flores,Comuna 7,https://buenosaires.gob.ar/vicejefatura/bienestar-integral/puntos-de-bienestar/centros-de-jubilados,POINT (-58.45783973029789 -34.64383645317205)
1475,Casa Feliz,Personas mayores de 60 años.,Tener 60 años o más. Inscribirse en la o las actividades elegidas en el Centro de Jubilados al que se concurre.,"La Secretaría de Bienestar integral impulsa en los distintos Centros de Jubilados y Pensionados diversos programas y talleres que favorecen el desarrollo de espacios colectivos de aprendizaje, productivos y placenteros, destinados a los adultos mayores.",Del Progreso 948,Parque Chacabuco,Comuna 7,https://buenosaires.gob.ar/vicejefatura/bienestar-integral/puntos-de-bienestar/centros-de-jubilados,POINT (-58.43956273642198 -34.63116307963248)
1485,Florecer,Personas mayores de 60 años.,Tener 60 años o más. Inscribirse en la o las actividades elegidas en el Centro de Jubilados al que se concurre.,"La Secretaría de Bienestar integral impulsa en los distintos Centros de Jubilados y Pensionados diversos programas y talleres que favorecen el desarrollo de espacios colectivos de aprendizaje, productivos y placenteros, destinados a los adultos mayores.",Guamini 5202,Villa Riachuelo,Comuna 8,https://buenosaires.gob.ar/vicejefatura/bienestar-integral/puntos-de-bienestar/centros-de-jubilados,POINT (-58.47348518858122 -34.690077067458)
1496,Los Colores de Quinquela,Personas mayores de 60 años.,Tener 60 años o más. Inscribirse en la o las actividades elegidas en el Centro de Jubilados al que se concurre.,"La Secretaría de Bienestar integral impulsa en los distintos Centros de Jubilados y Pensionados diversos programas y talleres que favorecen el desarrollo de espacios colectivos de aprendizaje, productivos y placenteros, destinados a los adultos mayores.","Valle, Aristobulo Del 236",La Boca,Comuna 4,https://buenosaires.gob.ar/vicejefatura/bienestar-integral/puntos-de-bienestar/centros-de-jubilados,POINT (-58.35800049907768 -34.63192527415771)
1499,Por Siempre Juntos,Personas mayores de 60 años.,Tener 60 años o más. Inscribirse en la o las actividades elegidas en el Centro de Jubilados al que se concurre.,"La Secretaría de Bienestar integral impulsa en los distintos Centros de Jubilados y Pensionados diversos programas y talleres que favorecen el desarrollo de espacios colectivos de aprendizaje, productivos y placenteros, destinados a los adultos mayores.",Ibarrola 6955,Liniers,Comuna 9,https://buenosaires.gob.ar/vicejefatura/bienestar-integral/puntos-de-bienestar/centros-de-jubilados,POINT (-58.5242219046545 -34.64149127599727)
1506,Paselo Bien,Personas mayores de 60 años.,Tener 60 años o más. Inscribirse en la o las actividades elegidas en el Centro de Jubilados al que se concurre.,"La Secretaría de Bienestar integral impulsa en los distintos Centros de Jubilados y Pensionados diversos programas y talleres que favorecen el desarrollo de espacios colectivos de aprendizaje, productivos y placenteros, destinados a los adultos mayores.",Lautaro 866,Flores,Comuna 7,https://buenosaires.gob.ar/vicejefatura/bienestar-integral/puntos-de-bienestar/centros-de-jubilados,POINT (-58.45336591834323 -34.636420855776734)
1513,El Hornero,Personas mayores de 60 años.,Tener 60 años o más. Inscribirse en la o las actividades elegidas en el Centro de Jubilados al que se concurre.,"La Secretaría de Bienestar integral impulsa en los distintos Centros de Jubilados y Pensionados diversos programas y talleres que favorecen el desarrollo de espacios colectivos de aprendizaje, productivos y placenteros, destinados a los adultos mayores.",Tapalque 4834,Parque Avellaneda,Comuna 9,https://buenosaires.gob.ar/vicejefatura/bienestar-integral/puntos-de-bienestar/centros-de-jubilados,POINT (-58.491667649644214 -34.6463407286608)
1516,La Isla de La Paternal,Personas mayores de 60 años.,Tener 60 años o más. Inscribirse en la o las actividades elegidas en el Centro de Jubilados al que se concurre.,"La Secretaría de Bienestar integral impulsa en los distintos Centros de Jubilados y Pensionados diversos programas y talleres que favorecen el desarrollo de espacios colectivos de aprendizaje, productivos y placenteros, destinados a los adultos mayores.","Alvarez, Donato, Tte. Gral. Av. 2696",Paternal,Comuna 15,https://buenosaires.gob.ar/vicejefatura/bienestar-integral/puntos-de-bienestar/centros-de-jubilados,POINT (-58.469075104240076 -34.59329616346723)
1534,Amigos y Abuelos del Barrio,Personas mayores de 60 años.,Tener 60 años o más. Inscribirse en la o las actividades elegidas en el Centro de Jubilados al que se concurre.,"La Secretaría de Bienestar integral impulsa en los distintos Centros de Jubilados y Pensionados diversos programas y talleres que favorecen el desarrollo de espacios colectivos de aprendizaje, productivos y placenteros, destinados a los adultos mayores.",Oliden 2819,Villa Lugano,Comuna 8,https://buenosaires.gob.ar/vicejefatura/bienestar-integral/puntos-de-bienestar/centros-de-jubilados,POINT (-58.489847530488866 -34.664627112203576)
1537,El Camino Real de Liniers,Personas mayores de 60 años.,Tener 60 años o más. Inscribirse en la o las actividades elegidas en el Centro de Jubilados al que se concurre.,"La Secretaría de Bienestar integral impulsa en los distintos Centros de Jubilados y Pensionados diversos programas y talleres que favorecen el desarrollo de espacios colectivos de aprendizaje, productivos y placenteros, destinados a los adultos mayores.",Montiel 305,Liniers,Comuna 9,https://buenosaires.gob.ar/vicejefatura/bienestar-integral/puntos-de-bienestar/centros-de-jubilados,POINT (-58.52621187113337 -34.64301050261615)
1540,Mi Esperanza,Personas mayores de 60 años.,Tener 60 años o más. Inscribirse en la o las actividades elegidas en el Centro de Jubilados al que se concurre.,"La Secretaría de Bienestar integral impulsa en los distintos Centros de Jubilados y Pensionados diversos programas y talleres que favorecen el desarrollo de espacios colectivos de aprendizaje, productivos y placenteros, destinados a los adultos mayores.",Soldado De La Frontera Av. 5012,Villa Lugano,Comuna 8,https://buenosaires.gob.ar/vicejefatura/bienestar-integral/puntos-de-bienestar/centros-de-jubilados,POINT (-58.46514579948329 -34.68315320426033)
1543,Cañada de Gomez,Personas mayores de 60 años.,Tener 60 años o más. Inscribirse en la o las actividades elegidas en el Centro de Jubilados al que se concurre.,"La Secretaría de Bienestar integral impulsa en los distintos Centros de Jubilados y Pensionados diversos programas y talleres que favorecen el desarrollo de espacios colectivos de aprendizaje, productivos y placenteros, destinados a los adultos mayores.",Tabare 6580,Villa Riachuelo,Comuna 8,https://buenosaires.gob.ar/vicejefatura/bienestar-integral/puntos-de-bienestar/centros-de-jubilados,POINT (-58.47110077973159 -34.69172945204579)
1574,Felicidad,Personas mayores de 60 años.,Tener 60 años o más. Inscribirse en la o las actividades elegidas en el Centro de Jubilados al que se concurre.,"La Secretaría de Bienestar integral impulsa en los distintos Centros de Jubilados y Pensionados diversos programas y talleres que favorecen el desarrollo de espacios colectivos de aprendizaje, productivos y placenteros, destinados a los adultos mayores.",Homero 243,Villa Luro,Comuna 10,https://buenosaires.gob.ar/vicejefatura/bienestar-integral/puntos-de-bienestar/centros-de-jubilados,POINT (-58.49454512543011 -34.63984535636904)
1587,Saavedra,Personas mayores de 60 años.,Tener 60 años o más. Inscribirse en la o las actividades elegidas en el Centro de Jubilados al que se concurre.,"La Secretaría de Bienestar integral impulsa en los distintos Centros de Jubilados y Pensionados diversos programas y talleres que favorecen el desarrollo de espacios colectivos de aprendizaje, productivos y placenteros, destinados a los adultos mayores.","Naon, Romulo 3745",Saavedra,Comuna 12,https://buenosaires.gob.ar/vicejefatura/bienestar-integral/puntos-de-bienestar/centros-de-jubilados,POINT (-58.48246283610614 -34.55473139992793)
1591,Amanecer de Primavera,Personas mayores de 60 años.,Tener 60 años o más. Inscribirse en la o las actividades elegidas en el Centro de Jubilados al que se concurre.,"La Secretaría de Bienestar integral impulsa en los distintos Centros de Jubilados y Pensionados diversos programas y talleres que favorecen el desarrollo de espacios colectivos de aprendizaje, productivos y placenteros, destinados a los adultos mayores.",Curapaligue Av. 1354,Parque Chacabuco,Comuna 7,https://buenosaires.gob.ar/vicejefatura/bienestar-integral/puntos-de-bienestar/centros-de-jubilados,POINT (-58.445052647710384 -34.637973049170384)
1597,Volver A Vivir Dias Felices,Personas mayores de 60 años.,Tener 60 años o más. Inscribirse en la o las actividades elegidas en el Centro de Jubilados al que se concurre.,"La Secretaría de Bienestar integral impulsa en los distintos Centros de Jubilados y Pensionados diversos programas y talleres que favorecen el desarrollo de espacios colectivos de aprendizaje, productivos y placenteros, destinados a los adultos mayores.",Boyaca Av. 561,Flores,Comuna 7,https://buenosaires.gob.ar/vicejefatura/bienestar-integral/puntos-de-bienestar/centros-de-jubilados,POINT (-58.46059149242766 -34.62068137944854)
1599,Jardin de La Amistad,Personas mayores de 60 años.,Tener 60 años o más. Inscribirse en la o las actividades elegidas en el Centro de Jubilados al que se concurre.,"La Secretaría de Bienestar integral impulsa en los distintos Centros de Jubilados y Pensionados diversos programas y talleres que favorecen el desarrollo de espacios colectivos de aprendizaje, productivos y placenteros, destinados a los adultos mayores.",Gallo 830,Almagro,Comuna 5,https://buenosaires.gob.ar/vicejefatura/bienestar-integral/puntos-de-bienestar/centros-de-jubilados,POINT (-58.41245083708992 -34.59993632668861)
1605,La Esperanza,Personas mayores de 60 años.,Tener 60 años o más. Inscribirse en la o las actividades elegidas en el Centro de Jubilados al que se concurre.,"La Secretaría de Bienestar integral impulsa en los distintos Centros de Jubilados y Pensionados diversos programas y talleres que favorecen el desarrollo de espacios colectivos de aprendizaje, productivos y placenteros, destinados a los adultos mayores.",Heredia 1253,Villa Ortuzar,Comuna 15,https://buenosaires.gob.ar/vicejefatura/bienestar-integral/puntos-de-bienestar/centros-de-jubilados,POINT (-58.46318635423613 -34.57897158797683)
1614,Gracias A La Vida,Personas mayores de 60 años.,Tener 60 años o más. Inscribirse en la o las actividades elegidas en el Centro de Jubilados al que se concurre.,"La Secretaría de Bienestar integral impulsa en los distintos Centros de Jubilados y Pensionados diversos programas y talleres que favorecen el desarrollo de espacios colectivos de aprendizaje, productivos y placenteros, destinados a los adultos mayores.",Espinosa 1899,Villa Crespo,Comuna 15,https://buenosaires.gob.ar/vicejefatura/bienestar-integral/puntos-de-bienestar/centros-de-jubilados,POINT (-58.457718516292445 -34.60303216507337)
1615,Cuqui Robles,Personas mayores de 60 años.,Tener 60 años o más. Inscribirse en la o las actividades elegidas en el Centro de Jubilados al que se concurre.,"La Secretaría de Bienestar integral impulsa en los distintos Centros de Jubilados y Pensionados diversos programas y talleres que favorecen el desarrollo de espacios colectivos de aprendizaje, productivos y placenteros, destinados a los adultos mayores.",Cañada De Gomez 1660,Mataderos,Comuna 9,https://buenosaires.gob.ar/vicejefatura/bienestar-integral/puntos-de-bienestar/centros-de-jubilados,POINT (-58.511693154418005 -34.65559827544085)
1622,Verde Esperanza,Personas mayores de 60 años.,Tener 60 años o más. Inscribirse en la o las actividades elegidas en el Centro de Jubilados al que se concurre.,"La Secretaría de Bienestar integral impulsa en los distintos Centros de Jubilados y Pensionados diversos programas y talleres que favorecen el desarrollo de espacios colectivos de aprendizaje, productivos y placenteros, destinados a los adultos mayores.",Bogota 1920,Flores,Comuna 7,https://buenosaires.gob.ar/vicejefatura/bienestar-integral/puntos-de-bienestar/centros-de-jubilados,POINT (-58.45766925930143 -34.62309507288336)
1629,Una Gota de Amor,Personas mayores de 60 años.,Tener 60 años o más. Inscribirse en la o las actividades elegidas en el Centro de Jubilados al que se concurre.,"La Secretaría de Bienestar integral impulsa en los distintos Centros de Jubilados y Pensionados diversos programas y talleres que favorecen el desarrollo de espacios colectivos de aprendizaje, productivos y placenteros, destinados a los adultos mayores.",San Antonio 481,Barracas,Comuna 4,https://buenosaires.gob.ar/vicejefatura/bienestar-integral/puntos-de-bienestar/centros-de-jubilados,POINT (-58.37888816974189 -34.64784623623508)
1630,Sueños del Alma,Personas mayores de 60 años.,Tener 60 años o más. Inscribirse en la o las actividades elegidas en el Centro de Jubilados al que se concurre.,"La Secretaría de Bienestar integral impulsa en los distintos Centros de Jubilados y Pensionados diversos programas y talleres que favorecen el desarrollo de espacios colectivos de aprendizaje, productivos y placenteros, destinados a los adultos mayores.",Chascomus 5240,Mataderos,Comuna 9,https://buenosaires.gob.ar/vicejefatura/bienestar-integral/puntos-de-bienestar/centros-de-jubilados,POINT (-58.4936717211881 -34.65172451237563)
1632,14 de Mayo,Personas mayores de 60 años.,Tener 60 años o más. Inscribirse en la o las actividades elegidas en el Centro de Jubilados al que se concurre.,"La Secretaría de Bienestar integral impulsa en los distintos Centros de Jubilados y Pensionados diversos programas y talleres que favorecen el desarrollo de espacios colectivos de aprendizaje, productivos y placenteros, destinados a los adultos mayores.",San Blas 3075,Villa Santa Rita,Comuna 11,https://buenosaires.gob.ar/vicejefatura/bienestar-integral/puntos-de-bienestar/centros-de-jubilados,POINT (-58.48352900000001 -34.61245999999999)
1645,Dignidad,Personas mayores de 60 años.,Tener 60 años o más. Inscribirse en la o las actividades elegidas en el Centro de Jubilados al que se concurre.,"La Secretaría de Bienestar integral impulsa en los distintos Centros de Jubilados y Pensionados diversos programas y talleres que favorecen el desarrollo de espacios colectivos de aprendizaje, productivos y placenteros, destinados a los adultos mayores.","Brown, Alte. Av. 1402",La Boca,Comuna 4,https://buenosaires.gob.ar/vicejefatura/bienestar-integral/puntos-de-bienestar/centros-de-jubilados,POINT (-58.35773407671204 -34.63707712371511)
1656,21 de Diciembre,Personas mayores de 60 años.,Tener 60 años o más. Inscribirse en la o las actividades elegidas en el Centro de Jubilados al que se concurre.,"La Secretaría de Bienestar integral impulsa en los distintos Centros de Jubilados y Pensionados diversos programas y talleres que favorecen el desarrollo de espacios colectivos de aprendizaje, productivos y placenteros, destinados a los adultos mayores.","Iriarte, Gral. Av. 2295",Barracas,Comuna 4,https://buenosaires.gob.ar/vicejefatura/bienestar-integral/puntos-de-bienestar/centros-de-jubilados,POINT (-58.37908030465968 -34.649324465626236)
1657,Nueva Argentina,Personas mayores de 60 años.,Tener 60 años o más. Inscribirse en la o las actividades elegidas en el Centro de Jubilados al que se concurre.,"La Secretaría de Bienestar integral impulsa en los distintos Centros de Jubilados y Pensionados diversos programas y talleres que favorecen el desarrollo de espacios colectivos de aprendizaje, productivos y placenteros, destinados a los adultos mayores.",Barco Centenera Del 2574,Nueva Pompeya,Comuna 4,https://buenosaires.gob.ar/vicejefatura/bienestar-integral/puntos-de-bienestar/centros-de-jubilados,POINT (-58.428669106664145 -34.647413578355504)
1665,Padre Federico Grote,Personas mayores de 60 años.,Tener 60 años o más. Inscribirse en la o las actividades elegidas en el Centro de Jubilados al que se concurre.,"La Secretaría de Bienestar integral impulsa en los distintos Centros de Jubilados y Pensionados diversos programas y talleres que favorecen el desarrollo de espacios colectivos de aprendizaje, productivos y placenteros, destinados a los adultos mayores.",Olavarria 1101,La Boca,Comuna 4,https://buenosaires.gob.ar/vicejefatura/bienestar-integral/puntos-de-bienestar/centros-de-jubilados,POINT (-58.36792619519579 -34.63885637890671)
1667,Los Caminantes,Personas mayores de 60 años.,Tener 60 años o más. Inscribirse en la o las actividades elegidas en el Centro de Jubilados al que se concurre.,"La Secretaría de Bienestar integral impulsa en los distintos Centros de Jubilados y Pensionados diversos programas y talleres que favorecen el desarrollo de espacios colectivos de aprendizaje, productivos y placenteros, destinados a los adultos mayores.",Andonaegui 3148,Villa Urquiza,Comuna 12,https://buenosaires.gob.ar/vicejefatura/bienestar-integral/puntos-de-bienestar/centros-de-jubilados,POINT (-58.495026379595615 -34.570208512125575)
1670,No Me Olvides,Personas mayores de 60 años.,Tener 60 años o más. Inscribirse en la o las actividades elegidas en el Centro de Jubilados al que se concurre.,"La Secretaría de Bienestar integral impulsa en los distintos Centros de Jubilados y Pensionados diversos programas y talleres que favorecen el desarrollo de espacios colectivos de aprendizaje, productivos y placenteros, destinados a los adultos mayores.",Lavalleja 1008,Villa Crespo,Comuna 15,https://buenosaires.gob.ar/vicejefatura/bienestar-integral/puntos-de-bienestar/centros-de-jubilados,POINT (-58.42880420483473 -34.597246438532885)
1678,Caracas,Personas mayores de 60 años.,Tener 60 años o más. Inscribirse en la o las actividades elegidas en el Centro de Jubilados al que se concurre.,"La Secretaría de Bienestar integral impulsa en los distintos Centros de Jubilados y Pensionados diversos programas y talleres que favorecen el desarrollo de espacios colectivos de aprendizaje, productivos y placenteros, destinados a los adultos mayores.",Caracas 2321,Villa Del Parque,Comuna 11,https://buenosaires.gob.ar/vicejefatura/bienestar-integral/puntos-de-bienestar/centros-de-jubilados,POINT (-58.47513602357065 -34.60562484663092)
1684,La Nueva Esperanza,Personas mayores de 60 años.,Tener 60 años o más. Inscribirse en la o las actividades elegidas en el Centro de Jubilados al que se concurre.,"La Secretaría de Bienestar integral impulsa en los distintos Centros de Jubilados y Pensionados diversos programas y talleres que favorecen el desarrollo de espacios colectivos de aprendizaje, productivos y placenteros, destinados a los adultos mayores.",Garcia De Cossio 7408,Liniers,Comuna 9,https://buenosaires.gob.ar/vicejefatura/bienestar-integral/puntos-de-bienestar/centros-de-jubilados,POINT (-58.523376137922455 -34.65329489699957)
1691,Barracas,Personas mayores de 60 años.,Tener 60 años o más. Inscribirse en la o las actividades elegidas en el Centro de Jubilados al que se concurre.,"La Secretaría de Bienestar integral impulsa en los distintos Centros de Jubilados y Pensionados diversos programas y talleres que favorecen el desarrollo de espacios colectivos de aprendizaje, productivos y placenteros, destinados a los adultos mayores.","Iriarte, Gral. Av. 2312",Barracas,Comuna 4,https://buenosaires.gob.ar/vicejefatura/bienestar-integral/puntos-de-bienestar/centros-de-jubilados,POINT (-58.37973548581608 -34.64950186223184)
1694,Un Lugar Diferente,Personas mayores de 60 años.,Tener 60 años o más. Inscribirse en la o las actividades elegidas en el Centro de Jubilados al que se concurre.,"La Secretaría de Bienestar integral impulsa en los distintos Centros de Jubilados y Pensionados diversos programas y talleres que favorecen el desarrollo de espacios colectivos de aprendizaje, productivos y placenteros, destinados a los adultos mayores.",Santander 2398,Flores,Comuna 7,https://buenosaires.gob.ar/vicejefatura/bienestar-integral/puntos-de-bienestar/centros-de-jubilados,POINT (-58.45146534676875 -34.642743759676065)
1700,Los Amigos de Versalles,Personas mayores de 60 años.,Tener 60 años o más. Inscribirse en la o las actividades elegidas en el Centro de Jubilados al que se concurre.,"La Secretaría de Bienestar integral impulsa en los distintos Centros de Jubilados y Pensionados diversos programas y talleres que favorecen el desarrollo de espacios colectivos de aprendizaje, productivos y placenteros, destinados a los adultos mayores.",Lascano 6888,Versalles,Comuna 10,https://buenosaires.gob.ar/vicejefatura/bienestar-integral/puntos-de-bienestar/centros-de-jubilados,POINT (-58.52851962711403 -34.63102264480034)
1715,Doña Filomena,Personas mayores de 60 años.,Tener 60 años o más. Inscribirse en la o las actividades elegidas en el Centro de Jubilados al que se concurre.,"La Secretaría de Bienestar integral impulsa en los distintos Centros de Jubilados y Pensionados diversos programas y talleres que favorecen el desarrollo de espacios colectivos de aprendizaje, productivos y placenteros, destinados a los adultos mayores.",Segurola Av. 2140,Monte Castro,Comuna 10,https://buenosaires.gob.ar/vicejefatura/bienestar-integral/puntos-de-bienestar/centros-de-jubilados,POINT (-58.50371517383853 -34.61673558629748)
1745,Renacimiento,Personas mayores de 60 años.,Tener 60 años o más. Inscribirse en la o las actividades elegidas en el Centro de Jubilados al que se concurre.,"La Secretaría de Bienestar integral impulsa en los distintos Centros de Jubilados y Pensionados diversos programas y talleres que favorecen el desarrollo de espacios colectivos de aprendizaje, productivos y placenteros, destinados a los adultos mayores.","Dellepiane, Luis, Tte. Gral. 4400",Villa Lugano,Comuna 8,https://buenosaires.gob.ar/vicejefatura/bienestar-integral/puntos-de-bienestar/centros-de-jubilados,POINT (-58.47115631619896 -34.66149479249979)
1752,Sol de Almagro,Personas mayores de 60 años.,Tener 60 años o más. Inscribirse en la o las actividades elegidas en el Centro de Jubilados al que se concurre.,"La Secretaría de Bienestar integral impulsa en los distintos Centros de Jubilados y Pensionados diversos programas y talleres que favorecen el desarrollo de espacios colectivos de aprendizaje, productivos y placenteros, destinados a los adultos mayores.",Rocamora 4100,Almagro,Comuna 5,https://buenosaires.gob.ar/vicejefatura/bienestar-integral/puntos-de-bienestar/centros-de-jubilados,POINT (-58.4218280366144 -34.59943050468424)
1760,Justicia Social,Personas mayores de 60 años.,Tener 60 años o más. Inscribirse en la o las actividades elegidas en el Centro de Jubilados al que se concurre.,"La Secretaría de Bienestar integral impulsa en los distintos Centros de Jubilados y Pensionados diversos programas y talleres que favorecen el desarrollo de espacios colectivos de aprendizaje, productivos y placenteros, destinados a los adultos mayores.",Charlone 2185,Villa Ortuzar,Comuna 15,https://buenosaires.gob.ar/vicejefatura/bienestar-integral/puntos-de-bienestar/centros-de-jubilados,POINT (-58.47193811596808 -34.580436444789584)
1762,Amistad y Union,Personas mayores de 60 años.,Tener 60 años o más. Inscribirse en la o las actividades elegidas en el Centro de Jubilados al que se concurre.,"La Secretaría de Bienestar integral impulsa en los distintos Centros de Jubilados y Pensionados diversos programas y talleres que favorecen el desarrollo de espacios colectivos de aprendizaje, productivos y placenteros, destinados a los adultos mayores.",Andonaegui 1246,Parque Chas,Comuna 15,https://buenosaires.gob.ar/vicejefatura/bienestar-integral/puntos-de-bienestar/centros-de-jubilados,POINT (-58.479301751824 -34.58789064558307)
1769,Albariño,Personas mayores de 60 años.,Tener 60 años o más. Inscribirse en la o las actividades elegidas en el Centro de Jubilados al que se concurre.,"La Secretaría de Bienestar integral impulsa en los distintos Centros de Jubilados y Pensionados diversos programas y talleres que favorecen el desarrollo de espacios colectivos de aprendizaje, productivos y placenteros, destinados a los adultos mayores.",Santander 5112,Villa Lugano,Comuna 8,https://buenosaires.gob.ar/vicejefatura/bienestar-integral/puntos-de-bienestar/centros-de-jubilados,POINT (-58.47802594967264 -34.66633064484528)
1773,Dr. Raul Matera,Personas mayores de 60 años.,Tener 60 años o más. Inscribirse en la o las actividades elegidas en el Centro de Jubilados al que se concurre.,"La Secretaría de Bienestar integral impulsa en los distintos Centros de Jubilados y Pensionados diversos programas y talleres que favorecen el desarrollo de espacios colectivos de aprendizaje, productivos y placenteros, destinados a los adultos mayores.",Albarellos Av. 2879,Villa Pueyrredon,Comuna 12,https://buenosaires.gob.ar/vicejefatura/bienestar-integral/puntos-de-bienestar/centros-de-jubilados,POINT (-58.50969884458913 -34.57740712830897)
1785,Los Pichones,Personas mayores de 60 años.,Tener 60 años o más. Inscribirse en la o las actividades elegidas en el Centro de Jubilados al que se concurre.,"La Secretaría de Bienestar integral impulsa en los distintos Centros de Jubilados y Pensionados diversos programas y talleres que favorecen el desarrollo de espacios colectivos de aprendizaje, productivos y placenteros, destinados a los adultos mayores.","Paz, Gral. Av. 7951",Villa Devoto,Comuna 11,https://buenosaires.gob.ar/vicejefatura/bienestar-integral/puntos-de-bienestar/centros-de-jubilados,POINT (-58.527738530347634 -34.60848047161541)
1786,El Reencuentro de Los Amigos,Personas mayores de 60 años.,Tener 60 años o más. Inscribirse en la o las actividades elegidas en el Centro de Jubilados al que se concurre.,"La Secretaría de Bienestar integral impulsa en los distintos Centros de Jubilados y Pensionados diversos programas y talleres que favorecen el desarrollo de espacios colectivos de aprendizaje, productivos y placenteros, destinados a los adultos mayores.",Ibera 6085,Villa Urquiza,Comuna 12,https://buenosaires.gob.ar/vicejefatura/bienestar-integral/puntos-de-bienestar/centros-de-jubilados,POINT (-58.50221475464488 -34.572953405451905)
1790,Abuelos Siglo Xxi,Personas mayores de 60 años.,Tener 60 años o más. Inscribirse en la o las actividades elegidas en el Centro de Jubilados al que se concurre.,"La Secretaría de Bienestar integral impulsa en los distintos Centros de Jubilados y Pensionados diversos programas y talleres que favorecen el desarrollo de espacios colectivos de aprendizaje, productivos y placenteros, destinados a los adultos mayores.",Quevedo 3770,Villa Devoto,Comuna 11,https://buenosaires.gob.ar/vicejefatura/bienestar-integral/puntos-de-bienestar/centros-de-jubilados,POINT (-58.52163800000001 -34.60891)
1793,Adultos Mayores Que Saben Vivir,Personas mayores de 60 años.,Tener 60 años o más. Inscribirse en la o las actividades elegidas en el Centro de Jubilados al que se concurre.,"La Secretaría de Bienestar integral impulsa en los distintos Centros de Jubilados y Pensionados diversos programas y talleres que favorecen el desarrollo de espacios colectivos de aprendizaje, productivos y placenteros, destinados a los adultos mayores.","Trelles, Manuel R. Av. 2344",Paternal,Comuna 15,https://buenosaires.gob.ar/vicejefatura/bienestar-integral/puntos-de-bienestar/centros-de-jubilados,POINT (-58.46719971306281 -34.601689325635824)
1794,De Los Patricios,Personas mayores de 60 años.,Tener 60 años o más. Inscribirse en la o las actividades elegidas en el Centro de Jubilados al que se concurre.,"La Secretaría de Bienestar integral impulsa en los distintos Centros de Jubilados y Pensionados diversos programas y talleres que favorecen el desarrollo de espacios colectivos de aprendizaje, productivos y placenteros, destinados a los adultos mayores.",Regimiento De Patricios Av. 1537,Barracas,Comuna 4,https://buenosaires.gob.ar/vicejefatura/bienestar-integral/puntos-de-bienestar/centros-de-jubilados,POINT (-58.3688669017455 -34.64417863739367)
1801,Corazon Solidario,Personas mayores de 60 años.,Tener 60 años o más. Inscribirse en la o las actividades elegidas en el Centro de Jubilados al que se concurre.,"La Secretaría de Bienestar integral impulsa en los distintos Centros de Jubilados y Pensionados diversos programas y talleres que favorecen el desarrollo de espacios colectivos de aprendizaje, productivos y placenteros, destinados a los adultos mayores.",Gandara 2840,Parque Chas,Comuna 15,https://buenosaires.gob.ar/vicejefatura/bienestar-integral/puntos-de-bienestar/centros-de-jubilados,POINT (-58.48102033746513 -34.58332397535586)
1841,Simona Veron,Personas mayores de 60 años.,Tener 60 años o más. Inscribirse en la o las actividades elegidas en el Centro de Jubilados al que se concurre.,"La Secretaría de Bienestar integral impulsa en los distintos Centros de Jubilados y Pensionados diversos programas y talleres que favorecen el desarrollo de espacios colectivos de aprendizaje, productivos y placenteros, destinados a los adultos mayores.",Darregueyra 2148,Palermo,Comuna 14,https://buenosaires.gob.ar/vicejefatura/bienestar-integral/puntos-de-bienestar/centros-de-jubilados,POINT (-58.42694977412693 -34.583541354387364)
1858,Vivir En Amistad,Personas mayores de 60 años.,Tener 60 años o más. Inscribirse en la o las actividades elegidas en el Centro de Jubilados al que se concurre.,"La Secretaría de Bienestar integral impulsa en los distintos Centros de Jubilados y Pensionados diversos programas y talleres que favorecen el desarrollo de espacios colectivos de aprendizaje, productivos y placenteros, destinados a los adultos mayores.",Barco Centenera Del 2141,Parque Chacabuco,Comuna 7,https://buenosaires.gob.ar/vicejefatura/bienestar-integral/puntos-de-bienestar/centros-de-jubilados,POINT (-58.43244360798639 -34.64349454947381)
1862,Compartiendo Sueños,Personas mayores de 60 años.,Tener 60 años o más. Inscribirse en la o las actividades elegidas en el Centro de Jubilados al que se concurre.,"La Secretaría de Bienestar integral impulsa en los distintos Centros de Jubilados y Pensionados diversos programas y talleres que favorecen el desarrollo de espacios colectivos de aprendizaje, productivos y placenteros, destinados a los adultos mayores.",Cafayate 4295,Villa Lugano,Comuna 8,https://buenosaires.gob.ar/vicejefatura/bienestar-integral/puntos-de-bienestar/centros-de-jubilados,POINT (-58.47627168895613 -34.679062042697126)
1867,El Fortin de Villa Ortuzar,Personas mayores de 60 años.,Tener 60 años o más. Inscribirse en la o las actividades elegidas en el Centro de Jubilados al que se concurre.,"La Secretaría de Bienestar integral impulsa en los distintos Centros de Jubilados y Pensionados diversos programas y talleres que favorecen el desarrollo de espacios colectivos de aprendizaje, productivos y placenteros, destinados a los adultos mayores.",Estomba 294,Villa Ortuzar,Comuna 15,https://buenosaires.gob.ar/vicejefatura/bienestar-integral/puntos-de-bienestar/centros-de-jubilados,POINT (-58.468481884433814 -34.587786748944886)
1870,Momentos de Amigos,Personas mayores de 60 años.,Tener 60 años o más. Inscribirse en la o las actividades elegidas en el Centro de Jubilados al que se concurre.,"La Secretaría de Bienestar integral impulsa en los distintos Centros de Jubilados y Pensionados diversos programas y talleres que favorecen el desarrollo de espacios colectivos de aprendizaje, productivos y placenteros, destinados a los adultos mayores.",Directorio Av. 7315,Mataderos,Comuna 9,https://buenosaires.gob.ar/vicejefatura/bienestar-integral/puntos-de-bienestar/centros-de-jubilados,POINT (-58.50973727396919 -34.66540061869372)
1975,HORAS INOLVIDABLES,Personas mayores de 60 años.,Tener 60 años o más. Inscribirse en la o las actividades elegidas en el Centro de Jubilados al que se concurre.,"La Secretaría de Bienestar integral impulsa en los distintos Centros de Jubilados y Pensionados diversos programas y talleres que favorecen el desarrollo de espacios colectivos de aprendizaje, productivos y placenteros, destinados a los adultos mayores.",Avellaneda Av. 2743,Flores,Comuna 7,,POINT (-58.46960700000001 -34.62560900000001)
1976,BRINCA QUEM PODE,Personas mayores de 60 años.,Tener 60 años o más. Inscribirse en la o las actividades elegidas en el Centro de Jubilados al que se concurre.,"La Secretaría de Bienestar integral impulsa en los distintos Centros de Jubilados y Pensionados diversos programas y talleres que favorecen el desarrollo de espacios colectivos de aprendizaje, productivos y placenteros, destinados a los adultos mayores.",La Plata Av. 2632,Nueva Pompeya,Comuna 4,,POINT (-58.420568383984154 -34.64519897675804)
1977,MI SEGUNDA CASA,Personas mayores de 60 años.,Tener 60 años o más. Inscribirse en la o las actividades elegidas en el Centro de Jubilados al que se concurre.,"La Secretaría de Bienestar integral impulsa en los distintos Centros de Jubilados y Pensionados diversos programas y talleres que favorecen el desarrollo de espacios colectivos de aprendizaje, productivos y placenteros, destinados a los adultos mayores.",Zuviria 6150,Villa Lugano,Comuna 8,,POINT (-58.49091045082538 -34.672421399783495)
1978,PLAZA DE LOS PERIODISTAS,Personas mayores de 60 años.,Tener 60 años o más. Inscribirse en la o las actividades elegidas en el Centro de Jubilados al que se concurre.,"La Secretaría de Bienestar integral impulsa en los distintos Centros de Jubilados y Pensionados diversos programas y talleres que favorecen el desarrollo de espacios colectivos de aprendizaje, productivos y placenteros, destinados a los adultos mayores.",Terrada y Neuquen,Flores,Comuna 7,,POINT (-58.47258602146822 -34.62097814814665)
1979,LOS AMIGOS DE ALICIA,Personas mayores de 60 años.,Tener 60 años o más. Inscribirse en la o las actividades elegidas en el Centro de Jubilados al que se concurre.,"La Secretaría de Bienestar integral impulsa en los distintos Centros de Jubilados y Pensionados diversos programas y talleres que favorecen el desarrollo de espacios colectivos de aprendizaje, productivos y placenteros, destinados a los adultos mayores.","Belaustegui, Luis, Dr. 4015",Floresta,Comuna 10,,POINT (-58.48927570705538 -34.624211568587604)
1980,RUCA-MALEM,Personas mayores de 60 años.,Tener 60 años o más. Inscribirse en la o las actividades elegidas en el Centro de Jubilados al que se concurre.,"La Secretaría de Bienestar integral impulsa en los distintos Centros de Jubilados y Pensionados diversos programas y talleres que favorecen el desarrollo de espacios colectivos de aprendizaje, productivos y placenteros, destinados a los adultos mayores.",Araujo 2950,Villa Lugano,Comuna 8,,POINT (-58.47502562584256 -34.66446176561003)
1981,DE VILLA REAL,Personas mayores de 60 años.,Tener 60 años o más. Inscribirse en la o las actividades elegidas en el Centro de Jubilados al que se concurre.,"La Secretaría de Bienestar integral impulsa en los distintos Centros de Jubilados y Pensionados diversos programas y talleres que favorecen el desarrollo de espacios colectivos de aprendizaje, productivos y placenteros, destinados a los adultos mayores.",Arregui Av. 6013,Versalles,Comuna 10,,POINT (-58.519524401332035 -34.627287548883565)
1982,CENTRO DE JUBILADOS CABOPE,Personas mayores de 60 años.,Tener 60 años o más. Inscribirse en la o las actividades elegidas en el Centro de Jubilados al que se concurre.,"La Secretaría de Bienestar integral impulsa en los distintos Centros de Jubilados y Pensionados diversos programas y talleres que favorecen el desarrollo de espacios colectivos de aprendizaje, productivos y placenteros, destinados a los adultos mayores.",Bauness 2751,Villa Urquiza,Comuna 12,,POINT (-58.48992149456743 -34.572152707717436)
1983,SARMIENTO EL SAUCE,Personas mayores de 60 años.,Tener 60 años o más. Inscribirse en la o las actividades elegidas en el Centro de Jubilados al que se concurre.,"La Secretaría de Bienestar integral impulsa en los distintos Centros de Jubilados y Pensionados diversos programas y talleres que favorecen el desarrollo de espacios colectivos de aprendizaje, productivos y placenteros, destinados a los adultos mayores.","Bufano, Alfredo R. 2030",Villa Gral. Mitre,Comuna 11,,POINT (-58.47473209938901 -34.6088772480562)
1984,VIEJO RINCON,Personas mayores de 60 años.,Tener 60 años o más. Inscribirse en la o las actividades elegidas en el Centro de Jubilados al que se concurre.,"La Secretaría de Bienestar integral impulsa en los distintos Centros de Jubilados y Pensionados diversos programas y talleres que favorecen el desarrollo de espacios colectivos de aprendizaje, productivos y placenteros, destinados a los adultos mayores.","Calvo, Carlos 1405",Constitucion,Comuna 1,,POINT (-58.38601439716026 -34.619698215983966)
1985,AÑOS FELICES,Personas mayores de 60 años.,Tener 60 años o más. Inscribirse en la o las actividades elegidas en el Centro de Jubilados al que se concurre.,"La Secretaría de Bienestar integral impulsa en los distintos Centros de Jubilados y Pensionados diversos programas y talleres que favorecen el desarrollo de espacios colectivos de aprendizaje, productivos y placenteros, destinados a los adultos mayores.",Cañada De Gomez 5169,Villa Riachuelo,Comuna 8,,POINT (-58.47085600000001 -34.688723000000024)
1986,ASOC.JYP VILLA LUGANO EL TREBOL,Personas mayores de 60 años.,Tener 60 años o más. Inscribirse en la o las actividades elegidas en el Centro de Jubilados al que se concurre.,"La Secretaría de Bienestar integral impulsa en los distintos Centros de Jubilados y Pensionados diversos programas y talleres que favorecen el desarrollo de espacios colectivos de aprendizaje, productivos y placenteros, destinados a los adultos mayores.","De La Torre, Lisandro 4837",Villa Riachuelo,Comuna 8,,POINT (-58.472038180508 -34.68527544924075)
1987,LA CASITA,Personas mayores de 60 años.,Tener 60 años o más. Inscribirse en la o las actividades elegidas en el Centro de Jubilados al que se concurre.,"La Secretaría de Bienestar integral impulsa en los distintos Centros de Jubilados y Pensionados diversos programas y talleres que favorecen el desarrollo de espacios colectivos de aprendizaje, productivos y placenteros, destinados a los adultos mayores.",De Los Corrales Av. 6772,Mataderos,Comuna 9,,POINT (-58.5021881233786 -34.664415078096035)
1988,CENTRO DE JUBILADOS ASIMRA,Personas mayores de 60 años.,Tener 60 años o más. Inscribirse en la o las actividades elegidas en el Centro de Jubilados al que se concurre.,"La Secretaría de Bienestar integral impulsa en los distintos Centros de Jubilados y Pensionados diversos programas y talleres que favorecen el desarrollo de espacios colectivos de aprendizaje, productivos y placenteros, destinados a los adultos mayores.",Dean Funes 673,Balvanera,Comuna 3,,POINT (-58.406569739343155 -34.61845322588988)
1989,ABUELOS DEL RIESTRA,Personas mayores de 60 años.,Tener 60 años o más. Inscribirse en la o las actividades elegidas en el Centro de Jubilados al que se concurre.,"La Secretaría de Bienestar integral impulsa en los distintos Centros de Jubilados y Pensionados diversos programas y talleres que favorecen el desarrollo de espacios colectivos de aprendizaje, productivos y placenteros, destinados a los adultos mayores.",Del Bañado 2359,Nueva Pompeya,Comuna 4,,POINT (-58.42796346823939 -34.6443907095063)
1990,LA CASA DE EVA PERON (CLUB DE LA 3RA JUVENTUD RINCON ARGENTINO),Personas mayores de 60 años.,Tener 60 años o más. Inscribirse en la o las actividades elegidas en el Centro de Jubilados al que se concurre.,"La Secretaría de Bienestar integral impulsa en los distintos Centros de Jubilados y Pensionados diversos programas y talleres que favorecen el desarrollo de espacios colectivos de aprendizaje, productivos y placenteros, destinados a los adultos mayores.",Caracas 4604,Villa Pueyrredon,Comuna 12,,POINT (-58.49499600000001 -34.582902999999995)
1991,UN ESTILO DE VIDA,Personas mayores de 60 años.,Tener 60 años o más. Inscribirse en la o las actividades elegidas en el Centro de Jubilados al que se concurre.,"La Secretaría de Bienestar integral impulsa en los distintos Centros de Jubilados y Pensionados diversos programas y talleres que favorecen el desarrollo de espacios colectivos de aprendizaje, productivos y placenteros, destinados a los adultos mayores.",Carhue 3191,Mataderos,Comuna 9,,POINT (-58.49783300000002 -34.671413000000015)
1992,CENTRO DEL BICENTENARIO,Personas mayores de 60 años.,Tener 60 años o más. Inscribirse en la o las actividades elegidas en el Centro de Jubilados al que se concurre.,"La Secretaría de Bienestar integral impulsa en los distintos Centros de Jubilados y Pensionados diversos programas y talleres que favorecen el desarrollo de espacios colectivos de aprendizaje, productivos y placenteros, destinados a los adultos mayores.",Castro 1941,Boedo,Comuna 5,,POINT (-58.419585000000005 -34.63608200000001)
1993,PARQUE LEZAMA (SUBCOMISION DE J. Y P. DE ASOCIACION VECINAL),Personas mayores de 60 años.,Tener 60 años o más. Inscribirse en la o las actividades elegidas en el Centro de Jubilados al que se concurre.,"La Secretaría de Bienestar integral impulsa en los distintos Centros de Jubilados y Pensionados diversos programas y talleres que favorecen el desarrollo de espacios colectivos de aprendizaje, productivos y placenteros, destinados a los adultos mayores.","Garcia, Martin Av. 294",La Boca,Comuna 4,,POINT (-58.369169345927894 -34.62833950243266)
1994,CENTRO ARMONIA SANTA LUCIA DE PALERMO,Personas mayores de 60 años.,Tener 60 años o más. Inscribirse en la o las actividades elegidas en el Centro de Jubilados al que se concurre.,"La Secretaría de Bienestar integral impulsa en los distintos Centros de Jubilados y Pensionados diversos programas y talleres que favorecen el desarrollo de espacios colectivos de aprendizaje, productivos y placenteros, destinados a los adultos mayores.",Gascon 1549,Palermo,Comuna 14,,POINT (-58.42252100000001 -34.592414)
1995,ENCUENTRO CON AMIGOS,Personas mayores de 60 años.,Tener 60 años o más. Inscribirse en la o las actividades elegidas en el Centro de Jubilados al que se concurre.,"La Secretaría de Bienestar integral impulsa en los distintos Centros de Jubilados y Pensionados diversos programas y talleres que favorecen el desarrollo de espacios colectivos de aprendizaje, productivos y placenteros, destinados a los adultos mayores.","Gonzalez, Elpidio 4807",Monte Castro,Comuna 10,,POINT (-58.50339330165124 -34.62252732970848)
1996,MIS MEJORES AÑOS,Personas mayores de 60 años.,Tener 60 años o más. Inscribirse en la o las actividades elegidas en el Centro de Jubilados al que se concurre.,"La Secretaría de Bienestar integral impulsa en los distintos Centros de Jubilados y Pensionados diversos programas y talleres que favorecen el desarrollo de espacios colectivos de aprendizaje, productivos y placenteros, destinados a los adultos mayores.","Cevallos, Virrey 549",Monserrat,Comuna 1,,POINT (-58.3891970902253 -34.615122306252196)
1997,17 DE NOVIEMBRE,Personas mayores de 60 años.,Tener 60 años o más. Inscribirse en la o las actividades elegidas en el Centro de Jubilados al que se concurre.,"La Secretaría de Bienestar integral impulsa en los distintos Centros de Jubilados y Pensionados diversos programas y talleres que favorecen el desarrollo de espacios colectivos de aprendizaje, productivos y placenteros, destinados a los adultos mayores.",Chile 1481,Monserrat,Comuna 1,,POINT (-58.38706000000001 -34.616621)
1998,CENTRO DE JUBILADOS BIENVENIDOS,Personas mayores de 60 años.,Tener 60 años o más. Inscribirse en la o las actividades elegidas en el Centro de Jubilados al que se concurre.,"La Secretaría de Bienestar integral impulsa en los distintos Centros de Jubilados y Pensionados diversos programas y talleres que favorecen el desarrollo de espacios colectivos de aprendizaje, productivos y placenteros, destinados a los adultos mayores.",Cochabamba 1360,Constitucion,Comuna 1,,POINT (-58.385212261847286 -34.623725618460114)
1999,LA RAZON DE MI VIDA - NELLY OMAR,Personas mayores de 60 años.,Tener 60 años o más. Inscribirse en la o las actividades elegidas en el Centro de Jubilados al que se concurre.,"La Secretaría de Bienestar integral impulsa en los distintos Centros de Jubilados y Pensionados diversos programas y talleres que favorecen el desarrollo de espacios colectivos de aprendizaje, productivos y placenteros, destinados a los adultos mayores.","Garcia, Juan Agustin 2791",Villa Santa Rita,Comuna 11,,POINT (-58.48079702367043 -34.609597118527766)
2000,ARMANDO CANZZIANI,Personas mayores de 60 años.,Tener 60 años o más. Inscribirse en la o las actividades elegidas en el Centro de Jubilados al que se concurre.,"La Secretaría de Bienestar integral impulsa en los distintos Centros de Jubilados y Pensionados diversos programas y talleres que favorecen el desarrollo de espacios colectivos de aprendizaje, productivos y placenteros, destinados a los adultos mayores.",Cosquin 1367,Mataderos,Comuna 9,,POINT (-58.51717583418613 -34.652991212752504)
2001,NUESTRO RINCONCITO,Personas mayores de 60 años.,Tener 60 años o más. Inscribirse en la o las actividades elegidas en el Centro de Jubilados al que se concurre.,"La Secretaría de Bienestar integral impulsa en los distintos Centros de Jubilados y Pensionados diversos programas y talleres que favorecen el desarrollo de espacios colectivos de aprendizaje, productivos y placenteros, destinados a los adultos mayores.",Cosquin 4757,Villa Riachuelo,Comuna 8,,POINT (-58.47638400000002 -34.685685000000014)
2002,NEGRITO DIAZ,Personas mayores de 60 años.,Tener 60 años o más. Inscribirse en la o las actividades elegidas en el Centro de Jubilados al que se concurre.,"La Secretaría de Bienestar integral impulsa en los distintos Centros de Jubilados y Pensionados diversos programas y talleres que favorecen el desarrollo de espacios colectivos de aprendizaje, productivos y placenteros, destinados a los adultos mayores.",Cosquin 1367,Liniers,Comuna 9,,POINT (-58.517552000000016 -34.65267300000002)
2003,ROMULO VINCIGUERRA,Personas mayores de 60 años.,Tener 60 años o más. Inscribirse en la o las actividades elegidas en el Centro de Jubilados al que se concurre.,"La Secretaría de Bienestar integral impulsa en los distintos Centros de Jubilados y Pensionados diversos programas y talleres que favorecen el desarrollo de espacios colectivos de aprendizaje, productivos y placenteros, destinados a los adultos mayores.",Cucha Cucha 2802,Paternal,Comuna 15,,POINT (-58.468401000000014 -34.59961299999999)
2004,HIPOLITO YRIGOYEN,Personas mayores de 60 años.,Tener 60 años o más. Inscribirse en la o las actividades elegidas en el Centro de Jubilados al que se concurre.,"La Secretaría de Bienestar integral impulsa en los distintos Centros de Jubilados y Pensionados diversos programas y talleres que favorecen el desarrollo de espacios colectivos de aprendizaje, productivos y placenteros, destinados a los adultos mayores.",La Rioja 982,San Cristobal,Comuna 3,,POINT (-58.40730300000001 -34.621766000000015)
2005,LA NUEVA ESPERANZA DE SOLDATI,Personas mayores de 60 años.,Tener 60 años o más. Inscribirse en la o las actividades elegidas en el Centro de Jubilados al que se concurre.,"La Secretaría de Bienestar integral impulsa en los distintos Centros de Jubilados y Pensionados diversos programas y talleres que favorecen el desarrollo de espacios colectivos de aprendizaje, productivos y placenteros, destinados a los adultos mayores.",Lafuente 2949,Villa Soldati,Comuna 8,,POINT (-58.441403000000015 -34.66095400000001)
2006,AMIGOS PLAZA  LEANDRO N. ALEM,Personas mayores de 60 años.,Tener 60 años o más. Inscribirse en la o las actividades elegidas en el Centro de Jubilados al que se concurre.,"La Secretaría de Bienestar integral impulsa en los distintos Centros de Jubilados y Pensionados diversos programas y talleres que favorecen el desarrollo de espacios colectivos de aprendizaje, productivos y placenteros, destinados a los adultos mayores.",Larsen 2400,Villa Pueyrredon,Comuna 12,,POINT (-58.50353600000001 -34.57606899999999)
2007,APEJURA (ASOCIACION JUBILADOS Y PENSIONADOS DE LA REP. ARGENTINA),Personas mayores de 60 años.,Tener 60 años o más. Inscribirse en la o las actividades elegidas en el Centro de Jubilados al que se concurre.,"La Secretaría de Bienestar integral impulsa en los distintos Centros de Jubilados y Pensionados diversos programas y talleres que favorecen el desarrollo de espacios colectivos de aprendizaje, productivos y placenteros, destinados a los adultos mayores.",Estados Unidos 926,Constitucion,Comuna 1,,POINT (-58.37909397854072 -34.61869384777637)
2008,RICARDO ROJAS,Personas mayores de 60 años.,Tener 60 años o más. Inscribirse en la o las actividades elegidas en el Centro de Jubilados al que se concurre.,"La Secretaría de Bienestar integral impulsa en los distintos Centros de Jubilados y Pensionados diversos programas y talleres que favorecen el desarrollo de espacios colectivos de aprendizaje, productivos y placenteros, destinados a los adultos mayores.",Forest Av. 1083,Chacarita,Comuna 15,,POINT (-58.45852674524878 -34.57990819341513)
2009,ALMABASTO ASOCIACION CIVIL,Personas mayores de 60 años.,Tener 60 años o más. Inscribirse en la o las actividades elegidas en el Centro de Jubilados al que se concurre.,"La Secretaría de Bienestar integral impulsa en los distintos Centros de Jubilados y Pensionados diversos programas y talleres que favorecen el desarrollo de espacios colectivos de aprendizaje, productivos y placenteros, destinados a los adultos mayores.",Gallo 333,Balvanera,Comuna 3,,POINT (-58.413118000000004 -34.604721)
2010,CENTRO DE JUBILADOS Y PENSIONADOS SABRINA PETRILLI,Personas mayores de 60 años.,Tener 60 años o más. Inscribirse en la o las actividades elegidas en el Centro de Jubilados al que se concurre.,"La Secretaría de Bienestar integral impulsa en los distintos Centros de Jubilados y Pensionados diversos programas y talleres que favorecen el desarrollo de espacios colectivos de aprendizaje, productivos y placenteros, destinados a los adultos mayores.",Garcia Del Rio Av. 2607,Saavedra,Comuna 12,,POINT (-58.47124049808936 -34.54868856694286)
2011,ARCOIRIS DE LUGANO,Personas mayores de 60 años.,Tener 60 años o más. Inscribirse en la o las actividades elegidas en el Centro de Jubilados al que se concurre.,"La Secretaría de Bienestar integral impulsa en los distintos Centros de Jubilados y Pensionados diversos programas y talleres que favorecen el desarrollo de espacios colectivos de aprendizaje, productivos y placenteros, destinados a los adultos mayores.",Madariaga 6526,Villa Riachuelo,Comuna 8,,POINT (-58.4694109904449 -34.69238609153831)
2012,MEMORIA Y FUTURO,Personas mayores de 60 años.,Tener 60 años o más. Inscribirse en la o las actividades elegidas en el Centro de Jubilados al que se concurre.,"La Secretaría de Bienestar integral impulsa en los distintos Centros de Jubilados y Pensionados diversos programas y talleres que favorecen el desarrollo de espacios colectivos de aprendizaje, productivos y placenteros, destinados a los adultos mayores.",Magallanes 1505,Barracas,Comuna 4,,POINT (-58.37198463715438 -34.641375082768015)
2013,SONRISAS,Personas mayores de 60 años.,Tener 60 años o más. Inscribirse en la o las actividades elegidas en el Centro de Jubilados al que se concurre.,"La Secretaría de Bienestar integral impulsa en los distintos Centros de Jubilados y Pensionados diversos programas y talleres que favorecen el desarrollo de espacios colectivos de aprendizaje, productivos y placenteros, destinados a los adultos mayores.",Maza 2118,Boedo,Comuna 5,,POINT (-58.413699306203625 -34.63627524756177)
2014,2 DE ABRIL MALVINAS ARGENTINAS,Personas mayores de 60 años.,Tener 60 años o más. Inscribirse en la o las actividades elegidas en el Centro de Jubilados al que se concurre.,"La Secretaría de Bienestar integral impulsa en los distintos Centros de Jubilados y Pensionados diversos programas y talleres que favorecen el desarrollo de espacios colectivos de aprendizaje, productivos y placenteros, destinados a los adultos mayores.",Moldes 3045,Nuñez,Comuna 13,,POINT (-58.46642292427707 -34.55532558923678)
2015,LA FLOR DEL PARQUE,Personas mayores de 60 años.,Tener 60 años o más. Inscribirse en la o las actividades elegidas en el Centro de Jubilados al que se concurre.,"La Secretaría de Bienestar integral impulsa en los distintos Centros de Jubilados y Pensionados diversos programas y talleres que favorecen el desarrollo de espacios colectivos de aprendizaje, productivos y placenteros, destinados a los adultos mayores.",Helguera 2181,Villa Del Parque,Comuna 11,,POINT (-58.48661900000002 -34.609281)
2016,CENTRO SOCIAL SANTA LUCIA,Personas mayores de 60 años.,Tener 60 años o más. Inscribirse en la o las actividades elegidas en el Centro de Jubilados al que se concurre.,"La Secretaría de Bienestar integral impulsa en los distintos Centros de Jubilados y Pensionados diversos programas y talleres que favorecen el desarrollo de espacios colectivos de aprendizaje, productivos y placenteros, destinados a los adultos mayores.","Montes De Oca, Manuel Av. 1517",Barracas,Comuna 4,,POINT (-58.373651314134534 -34.64486078358937)
2017,ETERNA Y VIEJA JUVENTUD,Personas mayores de 60 años.,Tener 60 años o más. Inscribirse en la o las actividades elegidas en el Centro de Jubilados al que se concurre.,"La Secretaría de Bienestar integral impulsa en los distintos Centros de Jubilados y Pensionados diversos programas y talleres que favorecen el desarrollo de espacios colectivos de aprendizaje, productivos y placenteros, destinados a los adultos mayores.",Montiel 5382,Villa Riachuelo,Comuna 8,,POINT (-58.474646000000014 -34.690470000000026)
2018,CENTRO DE JUBILADOS Y PENSIONADOS VILLA PUEYRREDON,Personas mayores de 60 años.,Tener 60 años o más. Inscribirse en la o las actividades elegidas en el Centro de Jubilados al que se concurre.,"La Secretaría de Bienestar integral impulsa en los distintos Centros de Jubilados y Pensionados diversos programas y talleres que favorecen el desarrollo de espacios colectivos de aprendizaje, productivos y placenteros, destinados a los adultos mayores.",Mosconi General Av. 2978,Villa Pueyrredon,Comuna 12,,POINT (-58.50306267793125 -34.58703435921187)
2019,AMIGOS DE LA COMUNA 12,Personas mayores de 60 años.,Tener 60 años o más. Inscribirse en la o las actividades elegidas en el Centro de Jubilados al que se concurre.,"La Secretaría de Bienestar integral impulsa en los distintos Centros de Jubilados y Pensionados diversos programas y talleres que favorecen el desarrollo de espacios colectivos de aprendizaje, productivos y placenteros, destinados a los adultos mayores.",Holmberg 4025,Saavedra,Comuna 12,,POINT (-58.48774699447362 -34.554509777076255)
2020,LA MUCHACHADA DEL AYER,Personas mayores de 60 años.,Tener 60 años o más. Inscribirse en la o las actividades elegidas en el Centro de Jubilados al que se concurre.,"La Secretaría de Bienestar integral impulsa en los distintos Centros de Jubilados y Pensionados diversos programas y talleres que favorecen el desarrollo de espacios colectivos de aprendizaje, productivos y placenteros, destinados a los adultos mayores.","Hugo, Victor 1351",Villa Luro,Comuna 10,,POINT (-58.513835149279664 -34.62708729872424)
2021,DISCEPOLIN UNIDAD BASICA J. M. ROSAS,Personas mayores de 60 años.,Tener 60 años o más. Inscribirse en la o las actividades elegidas en el Centro de Jubilados al que se concurre.,"La Secretaría de Bienestar integral impulsa en los distintos Centros de Jubilados y Pensionados diversos programas y talleres que favorecen el desarrollo de espacios colectivos de aprendizaje, productivos y placenteros, destinados a los adultos mayores.",Nazarre 5417,Villa Real,Comuna 10,,POINT (-58.52070344642468 -34.61942911209085)
2022,"ESPACIO SOCIAL, CULTURAL Y DEPORTIVO TIERRA, TECHO Y TRABAJO",Personas mayores de 60 años.,Tener 60 años o más. Inscribirse en la o las actividades elegidas en el Centro de Jubilados al que se concurre.,"La Secretaría de Bienestar integral impulsa en los distintos Centros de Jubilados y Pensionados diversos programas y talleres que favorecen el desarrollo de espacios colectivos de aprendizaje, productivos y placenteros, destinados a los adultos mayores.","Newbery, Jorge Av. 4870",Chacarita,Comuna 15,,POINT (-58.45844100000001 -34.596095000000005)
2023,PASO A PASO,Personas mayores de 60 años.,Tener 60 años o más. Inscribirse en la o las actividades elegidas en el Centro de Jubilados al que se concurre.,"La Secretaría de Bienestar integral impulsa en los distintos Centros de Jubilados y Pensionados diversos programas y talleres que favorecen el desarrollo de espacios colectivos de aprendizaje, productivos y placenteros, destinados a los adultos mayores.",Nogoya 3045,Villa Del Parque,Comuna 11,,POINT (-58.491395000000004 -34.602556)
2024,FUNDACION CASASAN,Personas mayores de 60 años.,Tener 60 años o más. Inscribirse en la o las actividades elegidas en el Centro de Jubilados al que se concurre.,"La Secretaría de Bienestar integral impulsa en los distintos Centros de Jubilados y Pensionados diversos programas y talleres que favorecen el desarrollo de espacios colectivos de aprendizaje, productivos y placenteros, destinados a los adultos mayores.",Olavarria 815,La Boca,Comuna 4,,POINT (-58.364327577274246 -34.63845441762419)
2025,ASOCIACION MUTUAL DE CENTROS DE JUBILADOS DE LA BOCA DOÑA BETTY DE LA BOCA,Personas mayores de 60 años.,Tener 60 años o más. Inscribirse en la o las actividades elegidas en el Centro de Jubilados al que se concurre.,"La Secretaría de Bienestar integral impulsa en los distintos Centros de Jubilados y Pensionados diversos programas y talleres que favorecen el desarrollo de espacios colectivos de aprendizaje, productivos y placenteros, destinados a los adultos mayores.",Irala 1562,La Boca,Comuna 4,,POINT (-58.365453705323695 -34.64310778516832)
2026,GANAS DE VIVIR,Personas mayores de 60 años.,Tener 60 años o más. Inscribirse en la o las actividades elegidas en el Centro de Jubilados al que se concurre.,"La Secretaría de Bienestar integral impulsa en los distintos Centros de Jubilados y Pensionados diversos programas y talleres que favorecen el desarrollo de espacios colectivos de aprendizaje, productivos y placenteros, destinados a los adultos mayores.",Pola 934,Mataderos,Comuna 9,,POINT (-58.503350832596574 -34.64734464267235)
2027,ROBUSTIANA SAN MARTIN,Personas mayores de 60 años.,Tener 60 años o más. Inscribirse en la o las actividades elegidas en el Centro de Jubilados al que se concurre.,"La Secretaría de Bienestar integral impulsa en los distintos Centros de Jubilados y Pensionados diversos programas y talleres que favorecen el desarrollo de espacios colectivos de aprendizaje, productivos y placenteros, destinados a los adultos mayores.","Iriarte, Gral. Av. 3880",Barracas,Comuna 4,,POINT (-58.40105900000001 -34.651317000000006)
2028,AMOR Y AMISTAD,Personas mayores de 60 años.,Tener 60 años o más. Inscribirse en la o las actividades elegidas en el Centro de Jubilados al que se concurre.,"La Secretaría de Bienestar integral impulsa en los distintos Centros de Jubilados y Pensionados diversos programas y talleres que favorecen el desarrollo de espacios colectivos de aprendizaje, productivos y placenteros, destinados a los adultos mayores.","Oroño, Nicasio 566",Caballito,Comuna 6,,POINT (-58.45267300000001 -34.617687)
2029,22 DE AGOSTO,Personas mayores de 60 años.,Tener 60 años o más. Inscribirse en la o las actividades elegidas en el Centro de Jubilados al que se concurre.,"La Secretaría de Bienestar integral impulsa en los distintos Centros de Jubilados y Pensionados diversos programas y talleres que favorecen el desarrollo de espacios colectivos de aprendizaje, productivos y placenteros, destinados a los adultos mayores.",Padilla 620,Villa Crespo,Comuna 15,,POINT (-58.44222700000002 -34.60064500000001)
2030,CENTRO DE JUBILADOS Y PENSIONADOS ACTUARTE,Personas mayores de 60 años.,Tener 60 años o más. Inscribirse en la o las actividades elegidas en el Centro de Jubilados al que se concurre.,"La Secretaría de Bienestar integral impulsa en los distintos Centros de Jubilados y Pensionados diversos programas y talleres que favorecen el desarrollo de espacios colectivos de aprendizaje, productivos y placenteros, destinados a los adultos mayores.",Palos 424,La Boca,Comuna 4,,POINT (-58.362460108577814 -34.63496626884681)
2031,NUESTRA SEÑORA DE LOS BS. AS.,Personas mayores de 60 años.,Tener 60 años o más. Inscribirse en la o las actividades elegidas en el Centro de Jubilados al que se concurre.,"La Secretaría de Bienestar integral impulsa en los distintos Centros de Jubilados y Pensionados diversos programas y talleres que favorecen el desarrollo de espacios colectivos de aprendizaje, productivos y placenteros, destinados a los adultos mayores.",Paysandu 1221,Caballito,Comuna 6,,POINT (-58.454479497173956 -34.60994665365039)
2032,AMIGOS DEL PARQUECITO,Personas mayores de 60 años.,Tener 60 años o más. Inscribirse en la o las actividades elegidas en el Centro de Jubilados al que se concurre.,"La Secretaría de Bienestar integral impulsa en los distintos Centros de Jubilados y Pensionados diversos programas y talleres que favorecen el desarrollo de espacios colectivos de aprendizaje, productivos y placenteros, destinados a los adultos mayores.",Beauchef 1050,Parque Chacabuco,Comuna 7,,POINT (-58.43169630900176 -34.6296066754225)
2033,ANGELITA,Personas mayores de 60 años.,Tener 60 años o más. Inscribirse en la o las actividades elegidas en el Centro de Jubilados al que se concurre.,"La Secretaría de Bienestar integral impulsa en los distintos Centros de Jubilados y Pensionados diversos programas y talleres que favorecen el desarrollo de espacios colectivos de aprendizaje, productivos y placenteros, destinados a los adultos mayores.",Bragado 6875,Mataderos,Comuna 9,,POINT (-58.509886220845914 -34.659277287280844)
2034,PREMIER SOLIDARIO,Personas mayores de 60 años.,Tener 60 años o más. Inscribirse en la o las actividades elegidas en el Centro de Jubilados al que se concurre.,"La Secretaría de Bienestar integral impulsa en los distintos Centros de Jubilados y Pensionados diversos programas y talleres que favorecen el desarrollo de espacios colectivos de aprendizaje, productivos y placenteros, destinados a los adultos mayores.",Campichuelo 472,Caballito,Comuna 6,,POINT (-58.435327000000015 -34.611940999999995)
2035,PLAZA VILLA REAL,Personas mayores de 60 años.,Tener 60 años o más. Inscribirse en la o las actividades elegidas en el Centro de Jubilados al que se concurre.,"La Secretaría de Bienestar integral impulsa en los distintos Centros de Jubilados y Pensionados diversos programas y talleres que favorecen el desarrollo de espacios colectivos de aprendizaje, productivos y placenteros, destinados a los adultos mayores.",Irigoyen 2340,Villa Real,Comuna 10,,POINT (-58.52725486970995 -34.6203216712441)
2036,BARRIO J. F. KENNEDY,Personas mayores de 60 años.,Tener 60 años o más. Inscribirse en la o las actividades elegidas en el Centro de Jubilados al que se concurre.,"La Secretaría de Bienestar integral impulsa en los distintos Centros de Jubilados y Pensionados diversos programas y talleres que favorecen el desarrollo de espacios colectivos de aprendizaje, productivos y placenteros, destinados a los adultos mayores.","Justo, Juan B. Av. 9100",Liniers,Comuna 9,,POINT (-58.51714914907518 -34.63360925450325)
2037,FLORENTINO AMEGHINO,Personas mayores de 60 años.,Tener 60 años o más. Inscribirse en la o las actividades elegidas en el Centro de Jubilados al que se concurre.,"La Secretaría de Bienestar integral impulsa en los distintos Centros de Jubilados y Pensionados diversos programas y talleres que favorecen el desarrollo de espacios colectivos de aprendizaje, productivos y placenteros, destinados a los adultos mayores.",La Facultad 1772,Parque Avellaneda,Comuna 9,,POINT (-58.47269064880538 -34.651868629598646)
2038,EL SOL DE VILLA REAL,Personas mayores de 60 años.,Tener 60 años o más. Inscribirse en la o las actividades elegidas en el Centro de Jubilados al que se concurre.,"La Secretaría de Bienestar integral impulsa en los distintos Centros de Jubilados y Pensionados diversos programas y talleres que favorecen el desarrollo de espacios colectivos de aprendizaje, productivos y placenteros, destinados a los adultos mayores.","Porcel De Peralta, Manuel 1470",Villa Real,Comuna 10,,POINT (-58.529454020010434 -34.62176761123303)
2039,EL ESFUERZO DE LOS ABUELOS,Personas mayores de 60 años.,Tener 60 años o más. Inscribirse en la o las actividades elegidas en el Centro de Jubilados al que se concurre.,"La Secretaría de Bienestar integral impulsa en los distintos Centros de Jubilados y Pensionados diversos programas y talleres que favorecen el desarrollo de espacios colectivos de aprendizaje, productivos y placenteros, destinados a los adultos mayores.",Portela 836,Flores,Comuna 7,,POINT (-58.46864283739131 -34.64162925546176)
2040,VOLVER A VIVIR ASOCIACION CIVIL,Personas mayores de 60 años.,Tener 60 años o más. Inscribirse en la o las actividades elegidas en el Centro de Jubilados al que se concurre.,"La Secretaría de Bienestar integral impulsa en los distintos Centros de Jubilados y Pensionados diversos programas y talleres que favorecen el desarrollo de espacios colectivos de aprendizaje, productivos y placenteros, destinados a los adultos mayores.",Reservistas Argentinos Av. 452,Liniers,Comuna 9,,POINT (-58.524833521015324 -34.63581334345034)
2041,HUGO DEL CARRIL - BARRACAS,Personas mayores de 60 años.,Tener 60 años o más. Inscribirse en la o las actividades elegidas en el Centro de Jubilados al que se concurre.,"La Secretaría de Bienestar integral impulsa en los distintos Centros de Jubilados y Pensionados diversos programas y talleres que favorecen el desarrollo de espacios colectivos de aprendizaje, productivos y placenteros, destinados a los adultos mayores.",Rocha 1521,Barracas,Comuna 4,,POINT (-58.371988000000016 -34.64215500000002)
2042,CONVIVENCIA FELIZ,Personas mayores de 60 años.,Tener 60 años o más. Inscribirse en la o las actividades elegidas en el Centro de Jubilados al que se concurre.,"La Secretaría de Bienestar integral impulsa en los distintos Centros de Jubilados y Pensionados diversos programas y talleres que favorecen el desarrollo de espacios colectivos de aprendizaje, productivos y placenteros, destinados a los adultos mayores.",Ruiz Huidobro 3538,Saavedra,Comuna 12,,POINT (-58.48332070824337 -34.54945235008924)
2043,LA AMISTAD DE MONTE CASTRO,Personas mayores de 60 años.,Tener 60 años o más. Inscribirse en la o las actividades elegidas en el Centro de Jubilados al que se concurre.,"La Secretaría de Bienestar integral impulsa en los distintos Centros de Jubilados y Pensionados diversos programas y talleres que favorecen el desarrollo de espacios colectivos de aprendizaje, productivos y placenteros, destinados a los adultos mayores.",Segurola Av. 2112,Monte Castro,Comuna 10,,POINT (-58.503588074857944 -34.617095946541255)
2044,CENTRO DE TERCERA EDAD 8 DE OCTUBRE,Personas mayores de 60 años.,Tener 60 años o más. Inscribirse en la o las actividades elegidas en el Centro de Jubilados al que se concurre.,"La Secretaría de Bienestar integral impulsa en los distintos Centros de Jubilados y Pensionados diversos programas y talleres que favorecen el desarrollo de espacios colectivos de aprendizaje, productivos y placenteros, destinados a los adultos mayores.",San Blas 4369,Floresta,Comuna 10,,POINT (-58.49685400000001 -34.621872)
2045,CLUB DE TERCERA EDAD SANTA ISABEL DE HUNGRIA,Personas mayores de 60 años.,Tener 60 años o más. Inscribirse en la o las actividades elegidas en el Centro de Jubilados al que se concurre.,"La Secretaría de Bienestar integral impulsa en los distintos Centros de Jubilados y Pensionados diversos programas y talleres que favorecen el desarrollo de espacios colectivos de aprendizaje, productivos y placenteros, destinados a los adultos mayores.",San Jose De Calasanz 1049,Parque Chacabuco,Comuna 7,,POINT (-58.43657040697817 -34.63153060029639)
2046,PATERNAL,Personas mayores de 60 años.,Tener 60 años o más. Inscribirse en la o las actividades elegidas en el Centro de Jubilados al que se concurre.,"La Secretaría de Bienestar integral impulsa en los distintos Centros de Jubilados y Pensionados diversos programas y talleres que favorecen el desarrollo de espacios colectivos de aprendizaje, productivos y placenteros, destinados a los adultos mayores.",Sanchez 2256,Villa Gral. Mitre,Comuna 11,,POINT (-58.46901839003441 -34.602864754964365)
2047,EL RESURGIR DE BARRACAS,Personas mayores de 60 años.,Tener 60 años o más. Inscribirse en la o las actividades elegidas en el Centro de Jubilados al que se concurre.,"La Secretaría de Bienestar integral impulsa en los distintos Centros de Jubilados y Pensionados diversos programas y talleres que favorecen el desarrollo de espacios colectivos de aprendizaje, productivos y placenteros, destinados a los adultos mayores.",Santa Maria Del Buen Aire 341,Barracas,Comuna 4,,POINT (-58.383871000000006 -34.64673400000001)
2048,EL ENCANTO POR LA VIDA ASOCIACION CIVIL,Personas mayores de 60 años.,Tener 60 años o más. Inscribirse en la o las actividades elegidas en el Centro de Jubilados al que se concurre.,"La Secretaría de Bienestar integral impulsa en los distintos Centros de Jubilados y Pensionados diversos programas y talleres que favorecen el desarrollo de espacios colectivos de aprendizaje, productivos y placenteros, destinados a los adultos mayores.",Santander 915,Parque Chacabuco,Comuna 7,,POINT (-58.43290599740345 -34.634796226432776)
2049,CENTRO DE JUBILADOS Y PENSIONADOS SUYAI,Personas mayores de 60 años.,Tener 60 años o más. Inscribirse en la o las actividades elegidas en el Centro de Jubilados al que se concurre.,"La Secretaría de Bienestar integral impulsa en los distintos Centros de Jubilados y Pensionados diversos programas y talleres que favorecen el desarrollo de espacios colectivos de aprendizaje, productivos y placenteros, destinados a los adultos mayores.",Segurola Av. 1174,Velez Sarsfield,Comuna 10,,POINT (-58.49391901773872 -34.62501133026498)
2050,FLORES SOLIDARIO,Personas mayores de 60 años.,Tener 60 años o más. Inscribirse en la o las actividades elegidas en el Centro de Jubilados al que se concurre.,"La Secretaría de Bienestar integral impulsa en los distintos Centros de Jubilados y Pensionados diversos programas y talleres que favorecen el desarrollo de espacios colectivos de aprendizaje, productivos y placenteros, destinados a los adultos mayores.","Bonorino, Esteban, Cnel. Av. 1001",Flores,Comuna 7,,POINT (-58.45339400000001 -34.63887900000001)
2051,JUAN PUEBLO,Personas mayores de 60 años.,Tener 60 años o más. Inscribirse en la o las actividades elegidas en el Centro de Jubilados al que se concurre.,"La Secretaría de Bienestar integral impulsa en los distintos Centros de Jubilados y Pensionados diversos programas y talleres que favorecen el desarrollo de espacios colectivos de aprendizaje, productivos y placenteros, destinados a los adultos mayores.",Zañartu 817,Parque Chacabuco,Comuna 7,,POINT (-58.429512000000024 -34.638928000000014)
2052,LOS GALANCITOS,Personas mayores de 60 años.,Tener 60 años o más. Inscribirse en la o las actividades elegidas en el Centro de Jubilados al que se concurre.,"La Secretaría de Bienestar integral impulsa en los distintos Centros de Jubilados y Pensionados diversos programas y talleres que favorecen el desarrollo de espacios colectivos de aprendizaje, productivos y placenteros, destinados a los adultos mayores.","Torres Y Tenorio, Pres. 2081",Flores,Comuna 7,,POINT (-58.44078500000001 -34.64477100000001)
2053,CENTRO DE JUBILADOS ALMAGRO-BOEDO,Personas mayores de 60 años.,Tener 60 años o más. Inscribirse en la o las actividades elegidas en el Centro de Jubilados al que se concurre.,"La Secretaría de Bienestar integral impulsa en los distintos Centros de Jubilados y Pensionados diversos programas y talleres que favorecen el desarrollo de espacios colectivos de aprendizaje, productivos y placenteros, destinados a los adultos mayores.",Treinta Y Tres Orientales 842,Boedo,Comuna 5,,POINT (-58.423157355329515 -34.62383627293108)
2054,MOSCONI,Personas mayores de 60 años.,Tener 60 años o más. Inscribirse en la o las actividades elegidas en el Centro de Jubilados al que se concurre.,"La Secretaría de Bienestar integral impulsa en los distintos Centros de Jubilados y Pensionados diversos programas y talleres que favorecen el desarrollo de espacios colectivos de aprendizaje, productivos y placenteros, destinados a los adultos mayores.",Urdininea 1679,Villa Ortuzar,Comuna 15,,POINT (-58.47530200000001 -34.578984)
2055,RINCONCITO DE RECOLETA,Personas mayores de 60 años.,Tener 60 años o más. Inscribirse en la o las actividades elegidas en el Centro de Jubilados al que se concurre.,"La Secretaría de Bienestar integral impulsa en los distintos Centros de Jubilados y Pensionados diversos programas y talleres que favorecen el desarrollo de espacios colectivos de aprendizaje, productivos y placenteros, destinados a los adultos mayores.","Uriburu Jose E., Pres. 1022",Recoleta,Comuna 2,,POINT (-58.39909300000001 -34.59667100000001)
2056,FAVALORO,Personas mayores de 60 años.,Tener 60 años o más. Inscribirse en la o las actividades elegidas en el Centro de Jubilados al que se concurre.,"La Secretaría de Bienestar integral impulsa en los distintos Centros de Jubilados y Pensionados diversos programas y talleres que favorecen el desarrollo de espacios colectivos de aprendizaje, productivos y placenteros, destinados a los adultos mayores.",Varela Av. 1237,Flores,Comuna 7,,POINT (-58.45504017849805 -34.64286570180809)
2057,"RECREATIVO BELGRANO, NUÑEZ Y COLEGIALES",Personas mayores de 60 años.,Tener 60 años o más. Inscribirse en la o las actividades elegidas en el Centro de Jubilados al que se concurre.,"La Secretaría de Bienestar integral impulsa en los distintos Centros de Jubilados y Pensionados diversos programas y talleres que favorecen el desarrollo de espacios colectivos de aprendizaje, productivos y placenteros, destinados a los adultos mayores.",Vidal 2505,Belgrano,Comuna 13,,POINT (-58.463711858397126 -34.56023362564222)
2058,FLORECER,Personas mayores de 60 años.,Tener 60 años o más. Inscribirse en la o las actividades elegidas en el Centro de Jubilados al que se concurre.,"La Secretaría de Bienestar integral impulsa en los distintos Centros de Jubilados y Pensionados diversos programas y talleres que favorecen el desarrollo de espacios colectivos de aprendizaje, productivos y placenteros, destinados a los adultos mayores.",Billinghurst 226,Almagro,Comuna 5,,POINT (-58.41629800000001 -34.608066)
2059,PINTANDO FLORES,Personas mayores de 60 años.,Tener 60 años o más. Inscribirse en la o las actividades elegidas en el Centro de Jubilados al que se concurre.,"La Secretaría de Bienestar integral impulsa en los distintos Centros de Jubilados y Pensionados diversos programas y talleres que favorecen el desarrollo de espacios colectivos de aprendizaje, productivos y placenteros, destinados a los adultos mayores.",Lafuente 515,Flores,Comuna 7,,POINT (-58.46585200000001 -34.636566000000016)
2060,BENITO QUINQUELA MARTIN,Personas mayores de 60 años.,Tener 60 años o más. Inscribirse en la o las actividades elegidas en el Centro de Jubilados al que se concurre.,"La Secretaría de Bienestar integral impulsa en los distintos Centros de Jubilados y Pensionados diversos programas y talleres que favorecen el desarrollo de espacios colectivos de aprendizaje, productivos y placenteros, destinados a los adultos mayores.",Olavarria 456,La Boca,Comuna 4,,POINT (-58.359130000000015 -34.636548)
2061,EDUARDO MONTENEGRO,Personas mayores de 60 años.,Tener 60 años o más. Inscribirse en la o las actividades elegidas en el Centro de Jubilados al que se concurre.,"La Secretaría de Bienestar integral impulsa en los distintos Centros de Jubilados y Pensionados diversos programas y talleres que favorecen el desarrollo de espacios colectivos de aprendizaje, productivos y placenteros, destinados a los adultos mayores.",Parral 129,Caballito,Comuna 6,,POINT (-58.43959196499974 -34.61787504189418)
2062,ONG LUZ MATINAL,Personas mayores de 60 años.,Tener 60 años o más. Inscribirse en la o las actividades elegidas en el Centro de Jubilados al que se concurre.,"La Secretaría de Bienestar integral impulsa en los distintos Centros de Jubilados y Pensionados diversos programas y talleres que favorecen el desarrollo de espacios colectivos de aprendizaje, productivos y placenteros, destinados a los adultos mayores.",Pasco 1234,San Cristobal,Comuna 3,,POINT (-58.396141000000014 -34.623465)
2063,INTEGRACION CON PROYECTO DE VIDA  LAS BASES - CLUB ALBERDI,Personas mayores de 60 años.,Tener 60 años o más. Inscribirse en la o las actividades elegidas en el Centro de Jubilados al que se concurre.,"La Secretaría de Bienestar integral impulsa en los distintos Centros de Jubilados y Pensionados diversos programas y talleres que favorecen el desarrollo de espacios colectivos de aprendizaje, productivos y placenteros, destinados a los adultos mayores.",White 1041,Parque Avellaneda,Comuna 9,,POINT (-58.48783769739684 -34.64721854307851)
2064,DEL SUR,Personas mayores de 60 años.,Tener 60 años o más. Inscribirse en la o las actividades elegidas en el Centro de Jubilados al que se concurre.,"La Secretaría de Bienestar integral impulsa en los distintos Centros de Jubilados y Pensionados diversos programas y talleres que favorecen el desarrollo de espacios colectivos de aprendizaje, productivos y placenteros, destinados a los adultos mayores.","Alcorta, Amancio Av. 4007",Nueva Pompeya,Comuna 4,,POINT (-58.41525500000001 -34.655927000000005)
2065,CLUB HURACAN ADULTOS MAYORES,Personas mayores de 60 años.,Tener 60 años o más. Inscribirse en la o las actividades elegidas en el Centro de Jubilados al que se concurre.,"La Secretaría de Bienestar integral impulsa en los distintos Centros de Jubilados y Pensionados diversos programas y talleres que favorecen el desarrollo de espacios colectivos de aprendizaje, productivos y placenteros, destinados a los adultos mayores.",Caseros Av. 3159,Parque Patricios,Comuna 4,,POINT (-58.40818300000001 -34.637353)
2066,CANDIDA,Personas mayores de 60 años.,Tener 60 años o más. Inscribirse en la o las actividades elegidas en el Centro de Jubilados al que se concurre.,"La Secretaría de Bienestar integral impulsa en los distintos Centros de Jubilados y Pensionados diversos programas y talleres que favorecen el desarrollo de espacios colectivos de aprendizaje, productivos y placenteros, destinados a los adultos mayores.","Cruz, Osvaldo 3470",Barracas,Comuna 4,,POINT (-58.39690900000001 -34.656284000000014)
2067,LOS DORADOS AÑOS,Personas mayores de 60 años.,Tener 60 años o más. Inscribirse en la o las actividades elegidas en el Centro de Jubilados al que se concurre.,"La Secretaría de Bienestar integral impulsa en los distintos Centros de Jubilados y Pensionados diversos programas y talleres que favorecen el desarrollo de espacios colectivos de aprendizaje, productivos y placenteros, destinados a los adultos mayores.","Alcorta, Amancio Av. 3655",Nueva Pompeya,Comuna 4,,POINT (-58.410779000000005 -34.65384800000002)
2068,EL RINCON FELIZ,Personas mayores de 60 años.,Tener 60 años o más. Inscribirse en la o las actividades elegidas en el Centro de Jubilados al que se concurre.,"La Secretaría de Bienestar integral impulsa en los distintos Centros de Jubilados y Pensionados diversos programas y talleres que favorecen el desarrollo de espacios colectivos de aprendizaje, productivos y placenteros, destinados a los adultos mayores.","Leguizamon, Martiniano 3434",Villa Lugano,Comuna 8,,POINT (-58.484851000000006 -34.671159000000024)
2069,ARGENTINA NUESTRO HOGAR,Personas mayores de 60 años.,Tener 60 años o más. Inscribirse en la o las actividades elegidas en el Centro de Jubilados al que se concurre.,"La Secretaría de Bienestar integral impulsa en los distintos Centros de Jubilados y Pensionados diversos programas y talleres que favorecen el desarrollo de espacios colectivos de aprendizaje, productivos y placenteros, destinados a los adultos mayores.","Artigas, Jose Gervasio, Gral. 5285",Villa Pueyrredon,Comuna 12,,POINT (-58.50180837788946 -34.57882317812361)
2070,SIN RUMBO,Personas mayores de 60 años.,Tener 60 años o más. Inscribirse en la o las actividades elegidas en el Centro de Jubilados al que se concurre.,"La Secretaría de Bienestar integral impulsa en los distintos Centros de Jubilados y Pensionados diversos programas y talleres que favorecen el desarrollo de espacios colectivos de aprendizaje, productivos y placenteros, destinados a los adultos mayores.","Tamborini, Jose Pascual 6157",Villa Urquiza,Comuna 12,,POINT (-58.503815000000024 -34.572478999999994)
2071,AMIGOS DE VILLA MITRE,Personas mayores de 60 años.,Tener 60 años o más. Inscribirse en la o las actividades elegidas en el Centro de Jubilados al que se concurre.,"La Secretaría de Bienestar integral impulsa en los distintos Centros de Jubilados y Pensionados diversos programas y talleres que favorecen el desarrollo de espacios colectivos de aprendizaje, productivos y placenteros, destinados a los adultos mayores.",Alvarez Jonte Av. 3176,Villa Santa Rita,Comuna 11,,POINT (-58.48744300000002 -34.60998399999999)
2072,CERVANTES,Personas mayores de 60 años.,Tener 60 años o más. Inscribirse en la o las actividades elegidas en el Centro de Jubilados al que se concurre.,"La Secretaría de Bienestar integral impulsa en los distintos Centros de Jubilados y Pensionados diversos programas y talleres que favorecen el desarrollo de espacios colectivos de aprendizaje, productivos y placenteros, destinados a los adultos mayores.","Calderon De La Barca, Pedro 1733",Monte Castro,Comuna 10,,POINT (-58.50951400000001 -34.623504000000004)
2073,DON RAUL,Personas mayores de 60 años.,Tener 60 años o más. Inscribirse en la o las actividades elegidas en el Centro de Jubilados al que se concurre.,"La Secretaría de Bienestar integral impulsa en los distintos Centros de Jubilados y Pensionados diversos programas y talleres que favorecen el desarrollo de espacios colectivos de aprendizaje, productivos y placenteros, destinados a los adultos mayores.","Magariños Cervantes, A. 2774",Villa Santa Rita,Comuna 11,,POINT (-58.47811700000001 -34.612700000000004)
2074,CENTRO DE JUBILADOS DON RAMON CARRILLO,Personas mayores de 60 años.,Tener 60 años o más. Inscribirse en la o las actividades elegidas en el Centro de Jubilados al que se concurre.,"La Secretaría de Bienestar integral impulsa en los distintos Centros de Jubilados y Pensionados diversos programas y talleres que favorecen el desarrollo de espacios colectivos de aprendizaje, productivos y placenteros, destinados a los adultos mayores.","Posadas, Alejandro, Dr. 2760",Villa Devoto,Comuna 11,,POINT (-58.51193000000001 -34.615303000000004)
2075,EL PARAJE DE ALEGRIAS,Personas mayores de 60 años.,Tener 60 años o más. Inscribirse en la o las actividades elegidas en el Centro de Jubilados al que se concurre.,"La Secretaría de Bienestar integral impulsa en los distintos Centros de Jubilados y Pensionados diversos programas y talleres que favorecen el desarrollo de espacios colectivos de aprendizaje, productivos y placenteros, destinados a los adultos mayores.",Soldado De La Frontera Av. 5230,Villa Lugano,Comuna 8,,POINT (-58.46337502456676 -34.685318118389176)
2076,LOS ABUELOS DEL NORTE,Personas mayores de 60 años.,Tener 60 años o más. Inscribirse en la o las actividades elegidas en el Centro de Jubilados al que se concurre.,"La Secretaría de Bienestar integral impulsa en los distintos Centros de Jubilados y Pensionados diversos programas y talleres que favorecen el desarrollo de espacios colectivos de aprendizaje, productivos y placenteros, destinados a los adultos mayores.","Acha, Mariano, Gral. 3743",Saavedra,Comuna 12,,POINT (-58.48905700000001 -34.55798199999999)
2077,LES CHIQUES EN RED,Personas mayores de 60 años.,Tener 60 años o más. Inscribirse en la o las actividades elegidas en el Centro de Jubilados al que se concurre.,"La Secretaría de Bienestar integral impulsa en los distintos Centros de Jubilados y Pensionados diversos programas y talleres que favorecen el desarrollo de espacios colectivos de aprendizaje, productivos y placenteros, destinados a los adultos mayores.","Brown, Alte. Av. 1351",La Boca,Comuna 4,,POINT (-58.358384000000015 -34.636531)
2078,LOS ABUELOS DE MATADEROS,Personas mayores de 60 años.,Tener 60 años o más. Inscribirse en la o las actividades elegidas en el Centro de Jubilados al que se concurre.,"La Secretaría de Bienestar integral impulsa en los distintos Centros de Jubilados y Pensionados diversos programas y talleres que favorecen el desarrollo de espacios colectivos de aprendizaje, productivos y placenteros, destinados a los adultos mayores.",De Los Corrales Av. 6772,Mataderos,Comuna 9,,POINT (-58.50212900000001 -34.66447300000002)
2079,VIRGEN DEL CARMEN (CENTRO COMUNITARIO DEL ADULTO MAYOR),Personas mayores de 60 años.,Tener 60 años o más. Inscribirse en la o las actividades elegidas en el Centro de Jubilados al que se concurre.,"La Secretaría de Bienestar integral impulsa en los distintos Centros de Jubilados y Pensionados diversos programas y talleres que favorecen el desarrollo de espacios colectivos de aprendizaje, productivos y placenteros, destinados a los adultos mayores.",España Av. 1800,Puerto Madero,Comuna 1,,POINT (-58.35220800000001 -34.617832)
2080,LA CASONA,Personas mayores de 60 años.,Tener 60 años o más. Inscribirse en la o las actividades elegidas en el Centro de Jubilados al que se concurre.,"La Secretaría de Bienestar integral impulsa en los distintos Centros de Jubilados y Pensionados diversos programas y talleres que favorecen el desarrollo de espacios colectivos de aprendizaje, productivos y placenteros, destinados a los adultos mayores.","Juarez, Benito 2686",Monte Castro,Comuna 10,,POINT (-58.509291000000005 -34.61479099999999)
2081,PAPA FRANCISCO,Personas mayores de 60 años.,Tener 60 años o más. Inscribirse en la o las actividades elegidas en el Centro de Jubilados al que se concurre.,"La Secretaría de Bienestar integral impulsa en los distintos Centros de Jubilados y Pensionados diversos programas y talleres que favorecen el desarrollo de espacios colectivos de aprendizaje, productivos y placenteros, destinados a los adultos mayores.",Riestra Av. 2232,Flores,Comuna 7,,POINT (-58.44002600000002 -34.64878600000001)
2082,SIEMPRE PRIMAVERA-,Personas mayores de 60 años.,Tener 60 años o más. Inscribirse en la o las actividades elegidas en el Centro de Jubilados al que se concurre.,"La Secretaría de Bienestar integral impulsa en los distintos Centros de Jubilados y Pensionados diversos programas y talleres que favorecen el desarrollo de espacios colectivos de aprendizaje, productivos y placenteros, destinados a los adultos mayores.",Diaz Velez Av. 4245,Almagro,Comuna 5,,POINT (-58.42696200000002 -34.608525)
2083,SANTA ANA Y SAN JOAQUIN,Personas mayores de 60 años.,Tener 60 años o más. Inscribirse en la o las actividades elegidas en el Centro de Jubilados al que se concurre.,"La Secretaría de Bienestar integral impulsa en los distintos Centros de Jubilados y Pensionados diversos programas y talleres que favorecen el desarrollo de espacios colectivos de aprendizaje, productivos y placenteros, destinados a los adultos mayores.",España Av. 1800,Puerto Madero,Comuna 1,,POINT (-58.35322100000001 -34.618778999999996)
2084,DE LA AMISTAD DE MONTE CASTRO,Personas mayores de 60 años.,Tener 60 años o más. Inscribirse en la o las actividades elegidas en el Centro de Jubilados al que se concurre.,"La Secretaría de Bienestar integral impulsa en los distintos Centros de Jubilados y Pensionados diversos programas y talleres que favorecen el desarrollo de espacios colectivos de aprendizaje, productivos y placenteros, destinados a los adultos mayores.",Segurola Av. 2112,Monte Castro,Comuna 10,,POINT (-58.50353200000001 -34.61704100000001)
2085,LA CASA DEL ENCUENTRO,Personas mayores de 60 años.,Tener 60 años o más. Inscribirse en la o las actividades elegidas en el Centro de Jubilados al que se concurre.,"La Secretaría de Bienestar integral impulsa en los distintos Centros de Jubilados y Pensionados diversos programas y talleres que favorecen el desarrollo de espacios colectivos de aprendizaje, productivos y placenteros, destinados a los adultos mayores.",Billinghurst 226,Almagro,Comuna 5,,POINT (-58.416281000000005 -34.60806600000001)
2086,ESPERANZA,Personas mayores de 60 años.,Tener 60 años o más. Inscribirse en la o las actividades elegidas en el Centro de Jubilados al que se concurre.,"La Secretaría de Bienestar integral impulsa en los distintos Centros de Jubilados y Pensionados diversos programas y talleres que favorecen el desarrollo de espacios colectivos de aprendizaje, productivos y placenteros, destinados a los adultos mayores.",Billinghurst 226,Almagro,Comuna 5,,POINT (-58.41626400000001 -34.60805200000001)
2087,CENTRO DE JUBILADOS GRUPO PARA VIVIR MEJOR,Personas mayores de 60 años.,Tener 60 años o más. Inscribirse en la o las actividades elegidas en el Centro de Jubilados al que se concurre.,"La Secretaría de Bienestar integral impulsa en los distintos Centros de Jubilados y Pensionados diversos programas y talleres que favorecen el desarrollo de espacios colectivos de aprendizaje, productivos y placenteros, destinados a los adultos mayores.",Castro Barros 966,Boedo,Comuna 5,,POINT (-58.418954190610165 -34.623907413887814)
2088,HUGO DEL CARRIL DE VILLA DEL PARQUE,Personas mayores de 60 años.,Tener 60 años o más. Inscribirse en la o las actividades elegidas en el Centro de Jubilados al que se concurre.,"La Secretaría de Bienestar integral impulsa en los distintos Centros de Jubilados y Pensionados diversos programas y talleres que favorecen el desarrollo de espacios colectivos de aprendizaje, productivos y placenteros, destinados a los adultos mayores.",Cervantes 2944,Villa Devoto,Comuna 11,,POINT (-58.51902400000002 -34.614629)
2089,MAYORES ACTIVOS UNIDOS,Personas mayores de 60 años.,Tener 60 años o más. Inscribirse en la o las actividades elegidas en el Centro de Jubilados al que se concurre.,"La Secretaría de Bienestar integral impulsa en los distintos Centros de Jubilados y Pensionados diversos programas y talleres que favorecen el desarrollo de espacios colectivos de aprendizaje, productivos y placenteros, destinados a los adultos mayores.",2 De Abril De 1982 6526,Villa Lugano,Comuna 8,,POINT (-58.49014700000001 -34.67751800000001)
2090,MILAGRO AL SUR,Personas mayores de 60 años.,Tener 60 años o más. Inscribirse en la o las actividades elegidas en el Centro de Jubilados al que se concurre.,"La Secretaría de Bienestar integral impulsa en los distintos Centros de Jubilados y Pensionados diversos programas y talleres que favorecen el desarrollo de espacios colectivos de aprendizaje, productivos y placenteros, destinados a los adultos mayores.",Boedo 1868,Boedo,Comuna 5,,POINT (-58.41596700000001 -34.63574700000001)
2091,MORDISQUITO,Personas mayores de 60 años.,Tener 60 años o más. Inscribirse en la o las actividades elegidas en el Centro de Jubilados al que se concurre.,"La Secretaría de Bienestar integral impulsa en los distintos Centros de Jubilados y Pensionados diversos programas y talleres que favorecen el desarrollo de espacios colectivos de aprendizaje, productivos y placenteros, destinados a los adultos mayores.",Alcaraz 4406,Monte Castro,Comuna 10,,POINT (-58.50035200000002 -34.618394000000016)
2092,PAMI 2,Personas mayores de 60 años.,Tener 60 años o más. Inscribirse en la o las actividades elegidas en el Centro de Jubilados al que se concurre.,"La Secretaría de Bienestar integral impulsa en los distintos Centros de Jubilados y Pensionados diversos programas y talleres que favorecen el desarrollo de espacios colectivos de aprendizaje, productivos y placenteros, destinados a los adultos mayores.",Allende 2640,Monte Castro,Comuna 10,,POINT (-58.51038100000002 -34.61608)
2093,SAN PEDRO APOSTOL,Personas mayores de 60 años.,Tener 60 años o más. Inscribirse en la o las actividades elegidas en el Centro de Jubilados al que se concurre.,"La Secretaría de Bienestar integral impulsa en los distintos Centros de Jubilados y Pensionados diversos programas y talleres que favorecen el desarrollo de espacios colectivos de aprendizaje, productivos y placenteros, destinados a los adultos mayores.",Arregui 4970,Monte Castro,Comuna 10,,POINT (-58.50903400000001 -34.619499000000005)
2094,EL TIEMPO DE LOS SUEÑOS,Personas mayores de 60 años.,Tener 60 años o más. Inscribirse en la o las actividades elegidas en el Centro de Jubilados al que se concurre.,"La Secretaría de Bienestar integral impulsa en los distintos Centros de Jubilados y Pensionados diversos programas y talleres que favorecen el desarrollo de espacios colectivos de aprendizaje, productivos y placenteros, destinados a los adultos mayores.","Bonifacio, Jose 2757",Flores,Comuna 7,,POINT (-58.46618300000001 -34.633805000000024)
2095,MONSEÑOR VERNAZZA,Personas mayores de 60 años.,Tener 60 años o más. Inscribirse en la o las actividades elegidas en el Centro de Jubilados al que se concurre.,"La Secretaría de Bienestar integral impulsa en los distintos Centros de Jubilados y Pensionados diversos programas y talleres que favorecen el desarrollo de espacios colectivos de aprendizaje, productivos y placenteros, destinados a los adultos mayores.",Carabobo Av. 162,Flores,Comuna 7,,POINT (-58.45555700000002 -34.62878)
2096,PODER JUDICIAL DE LA CIUDAD,Personas mayores de 60 años.,Tener 60 años o más. Inscribirse en la o las actividades elegidas en el Centro de Jubilados al que se concurre.,"La Secretaría de Bienestar integral impulsa en los distintos Centros de Jubilados y Pensionados diversos programas y talleres que favorecen el desarrollo de espacios colectivos de aprendizaje, productivos y placenteros, destinados a los adultos mayores.",Florida 141,San Nicolas,Comuna 1,,POINT (-58.374983000000014 -34.60643099999999)
2097,JUVENILIA,Personas mayores de 60 años.,Tener 60 años o más. Inscribirse en la o las actividades elegidas en el Centro de Jubilados al que se concurre.,"La Secretaría de Bienestar integral impulsa en los distintos Centros de Jubilados y Pensionados diversos programas y talleres que favorecen el desarrollo de espacios colectivos de aprendizaje, productivos y placenteros, destinados a los adultos mayores.",Empedrado 2622,Villa Del Parque,Comuna 11,,POINT (-58.48305300000001 -34.603276)
2098,9 DE JULIO LUGANO 1 Y 2,Personas mayores de 60 años.,Tener 60 años o más. Inscribirse en la o las actividades elegidas en el Centro de Jubilados al que se concurre.,"La Secretaría de Bienestar integral impulsa en los distintos Centros de Jubilados y Pensionados diversos programas y talleres que favorecen el desarrollo de espacios colectivos de aprendizaje, productivos y placenteros, destinados a los adultos mayores.","Guerrico, Martin, Ctte. 5431",Villa Lugano,Comuna 8,,POINT (-58.459974519191995 -34.68579023099543)
2099,CENTRO DE JUBILADOS CHACARITA - COLEGIALES,Personas mayores de 60 años.,Tener 60 años o más. Inscribirse en la o las actividades elegidas en el Centro de Jubilados al que se concurre.,"La Secretaría de Bienestar integral impulsa en los distintos Centros de Jubilados y Pensionados diversos programas y talleres que favorecen el desarrollo de espacios colectivos de aprendizaje, productivos y placenteros, destinados a los adultos mayores.",Guevara 490,Chacarita,Comuna 15,,POINT (-58.451664000000015 -34.58673300000001)
2100,RINCON FELIZ,Personas mayores de 60 años.,Tener 60 años o más. Inscribirse en la o las actividades elegidas en el Centro de Jubilados al que se concurre.,"La Secretaría de Bienestar integral impulsa en los distintos Centros de Jubilados y Pensionados diversos programas y talleres que favorecen el desarrollo de espacios colectivos de aprendizaje, productivos y placenteros, destinados a los adultos mayores.",Hubac 5200,Villa Lugano,Comuna 8,,POINT (-58.479547000000004 -34.65959500000002)
2101,INDUSTRIA DEL GAS. POR NUESTROS DERECHOS,Personas mayores de 60 años.,Tener 60 años o más. Inscribirse en la o las actividades elegidas en el Centro de Jubilados al que se concurre.,"La Secretaría de Bienestar integral impulsa en los distintos Centros de Jubilados y Pensionados diversos programas y talleres que favorecen el desarrollo de espacios colectivos de aprendizaje, productivos y placenteros, destinados a los adultos mayores.",Isabel La Catolica 832,Barracas,Comuna 4,,POINT (-58.373060950848405 -34.63982229906297)
2102,COLEGIALES,Personas mayores de 60 años.,Tener 60 años o más. Inscribirse en la o las actividades elegidas en el Centro de Jubilados al que se concurre.,"La Secretaría de Bienestar integral impulsa en los distintos Centros de Jubilados y Pensionados diversos programas y talleres que favorecen el desarrollo de espacios colectivos de aprendizaje, productivos y placenteros, destinados a los adultos mayores.","Lacroze, Federico Av. 2773",Colegiales,Comuna 13,,POINT (-58.44705500000001 -34.57310799999998)
2103,EL TIEMPO NO PARA,Personas mayores de 60 años.,Tener 60 años o más. Inscribirse en la o las actividades elegidas en el Centro de Jubilados al que se concurre.,"La Secretaría de Bienestar integral impulsa en los distintos Centros de Jubilados y Pensionados diversos programas y talleres que favorecen el desarrollo de espacios colectivos de aprendizaje, productivos y placenteros, destinados a los adultos mayores.",Laguna 1096,Parque Avellaneda,Comuna 9,,POINT (-58.47377900000001 -34.644217)
2104,AMIGOS DEL CLUB HABANA,Personas mayores de 60 años.,Tener 60 años o más. Inscribirse en la o las actividades elegidas en el Centro de Jubilados al que se concurre.,"La Secretaría de Bienestar integral impulsa en los distintos Centros de Jubilados y Pensionados diversos programas y talleres que favorecen el desarrollo de espacios colectivos de aprendizaje, productivos y placenteros, destinados a los adultos mayores.",Lastra Av. 4174,Villa Devoto,Comuna 11,,POINT (-58.523964000000014 -34.605989)
2105,RECREATIVO SAAVEDRA ASOCIACION CIVIL,Personas mayores de 60 años.,Tener 60 años o más. Inscribirse en la o las actividades elegidas en el Centro de Jubilados al que se concurre.,"La Secretaría de Bienestar integral impulsa en los distintos Centros de Jubilados y Pensionados diversos programas y talleres que favorecen el desarrollo de espacios colectivos de aprendizaje, productivos y placenteros, destinados a los adultos mayores.",Manzanares,Saavedra,Comuna 12,,POINT (-58.49178600000001 -34.559173999999985)
2106,CENTRO DE JUBILADOS CHACARITA - COLEGIALES,Personas mayores de 60 años.,Tener 60 años o más. Inscribirse en la o las actividades elegidas en el Centro de Jubilados al que se concurre.,"La Secretaría de Bienestar integral impulsa en los distintos Centros de Jubilados y Pensionados diversos programas y talleres que favorecen el desarrollo de espacios colectivos de aprendizaje, productivos y placenteros, destinados a los adultos mayores.",Maure 3955,Chacarita,Comuna 15,,POINT (-58.45172000000001 -34.58576099999999)
2107,CENTRO DE JUBILADOS PLAZA TERAN,Personas mayores de 60 años.,Tener 60 años o más. Inscribirse en la o las actividades elegidas en el Centro de Jubilados al que se concurre.,"La Secretaría de Bienestar integral impulsa en los distintos Centros de Jubilados y Pensionados diversos programas y talleres que favorecen el desarrollo de espacios colectivos de aprendizaje, productivos y placenteros, destinados a los adultos mayores.",Melincue 5450,Villa Real,Comuna 10,,POINT (-58.51979700000001 -34.620689)
2108,DOÑA ROSA,Personas mayores de 60 años.,Tener 60 años o más. Inscribirse en la o las actividades elegidas en el Centro de Jubilados al que se concurre.,"La Secretaría de Bienestar integral impulsa en los distintos Centros de Jubilados y Pensionados diversos programas y talleres que favorecen el desarrollo de espacios colectivos de aprendizaje, productivos y placenteros, destinados a los adultos mayores.",Mexico 2230,Balvanera,Comuna 3,,POINT (-58.39848800000001 -34.616433)
2109,SIEMPRE JUNTOS,Personas mayores de 60 años.,Tener 60 años o más. Inscribirse en la o las actividades elegidas en el Centro de Jubilados al que se concurre.,"La Secretaría de Bienestar integral impulsa en los distintos Centros de Jubilados y Pensionados diversos programas y talleres que favorecen el desarrollo de espacios colectivos de aprendizaje, productivos y placenteros, destinados a los adultos mayores.",Miller 2518,Villa Urquiza,Comuna 12,,POINT (-58.48130200000001 -34.57097399999999)
2110,LA LUZ DE EVA,Personas mayores de 60 años.,Tener 60 años o más. Inscribirse en la o las actividades elegidas en el Centro de Jubilados al que se concurre.,"La Secretaría de Bienestar integral impulsa en los distintos Centros de Jubilados y Pensionados diversos programas y talleres que favorecen el desarrollo de espacios colectivos de aprendizaje, productivos y placenteros, destinados a los adultos mayores.",Montiel 3988,Villa Lugano,Comuna 8,,POINT (-58.49134000000002 -34.677829000000024)
2111,LAS DELICIAS DE LUGANO,Personas mayores de 60 años.,Tener 60 años o más. Inscribirse en la o las actividades elegidas en el Centro de Jubilados al que se concurre.,"La Secretaría de Bienestar integral impulsa en los distintos Centros de Jubilados y Pensionados diversos programas y talleres que favorecen el desarrollo de espacios colectivos de aprendizaje, productivos y placenteros, destinados a los adultos mayores.","Moro, Juana 4718",Villa Lugano,Comuna 8,,POINT (-58.46500186878217 -34.67271147156394)
2112,ALEGRES MOMENTOS,Personas mayores de 60 años.,Tener 60 años o más. Inscribirse en la o las actividades elegidas en el Centro de Jubilados al que se concurre.,"La Secretaría de Bienestar integral impulsa en los distintos Centros de Jubilados y Pensionados diversos programas y talleres que favorecen el desarrollo de espacios colectivos de aprendizaje, productivos y placenteros, destinados a los adultos mayores.",Nazca 2458,Villa Del Parque,Comuna 11,,POINT (-58.485078000000016 -34.607377)
2113,UN BUEN LUGAR,Personas mayores de 60 años.,Tener 60 años o más. Inscribirse en la o las actividades elegidas en el Centro de Jubilados al que se concurre.,"La Secretaría de Bienestar integral impulsa en los distintos Centros de Jubilados y Pensionados diversos programas y talleres que favorecen el desarrollo de espacios colectivos de aprendizaje, productivos y placenteros, destinados a los adultos mayores.",Nueva York 4757,Villa Devoto,Comuna 11,,POINT (-58.520977000000016 -34.605745)
2114,CENTRO DE JUBILADOS CABALLITO - VILLA CRESPO,Personas mayores de 60 años.,Tener 60 años o más. Inscribirse en la o las actividades elegidas en el Centro de Jubilados al que se concurre.,"La Secretaría de Bienestar integral impulsa en los distintos Centros de Jubilados y Pensionados diversos programas y talleres que favorecen el desarrollo de espacios colectivos de aprendizaje, productivos y placenteros, destinados a los adultos mayores.",Olaya 1526,Villa Crespo,Comuna 15,,POINT (-58.44635600000001 -34.60331899999999)
2115,DULCES ENCUENTROS,Personas mayores de 60 años.,Tener 60 años o más. Inscribirse en la o las actividades elegidas en el Centro de Jubilados al que se concurre.,"La Secretaría de Bienestar integral impulsa en los distintos Centros de Jubilados y Pensionados diversos programas y talleres que favorecen el desarrollo de espacios colectivos de aprendizaje, productivos y placenteros, destinados a los adultos mayores.",Querandies 4390,Almagro,Comuna 5,,POINT (-58.428537000000006 -34.61168)
2116,ALFONSINA STORNI,Personas mayores de 60 años.,Tener 60 años o más. Inscribirse en la o las actividades elegidas en el Centro de Jubilados al que se concurre.,"La Secretaría de Bienestar integral impulsa en los distintos Centros de Jubilados y Pensionados diversos programas y talleres que favorecen el desarrollo de espacios colectivos de aprendizaje, productivos y placenteros, destinados a los adultos mayores.",Rivadavia 10019,Villa Luro,Comuna 10,,POINT (-58.50492354432196 -34.638131059720855)
2117,DR. RODOLFO FERRARI,Personas mayores de 60 años.,Tener 60 años o más. Inscribirse en la o las actividades elegidas en el Centro de Jubilados al que se concurre.,"La Secretaría de Bienestar integral impulsa en los distintos Centros de Jubilados y Pensionados diversos programas y talleres que favorecen el desarrollo de espacios colectivos de aprendizaje, productivos y placenteros, destinados a los adultos mayores.",Rivadavia 9692,Villa Luro,Comuna 10,,POINT (-58.50063900000001 -34.637837000000005)
2118,HONRAR LA VIDA,Personas mayores de 60 años.,Tener 60 años o más. Inscribirse en la o las actividades elegidas en el Centro de Jubilados al que se concurre.,"La Secretaría de Bienestar integral impulsa en los distintos Centros de Jubilados y Pensionados diversos programas y talleres que favorecen el desarrollo de espacios colectivos de aprendizaje, productivos y placenteros, destinados a los adultos mayores.",Rondeau 3016,Parque Patricios,Comuna 4,,POINT (-58.40614000000001 -34.636167000000015)
2119,GENTE COMO UNO,Personas mayores de 60 años.,Tener 60 años o más. Inscribirse en la o las actividades elegidas en el Centro de Jubilados al que se concurre.,"La Secretaría de Bienestar integral impulsa en los distintos Centros de Jubilados y Pensionados diversos programas y talleres que favorecen el desarrollo de espacios colectivos de aprendizaje, productivos y placenteros, destinados a los adultos mayores.","Rucci, Jose Ignacio 4330",Villa Lugano,Comuna 8,,POINT (-58.4762474651723 -34.67994630595547)
2120,JUAN XXIII,Personas mayores de 60 años.,Tener 60 años o más. Inscribirse en la o las actividades elegidas en el Centro de Jubilados al que se concurre.,"La Secretaría de Bienestar integral impulsa en los distintos Centros de Jubilados y Pensionados diversos programas y talleres que favorecen el desarrollo de espacios colectivos de aprendizaje, productivos y placenteros, destinados a los adultos mayores.",Salvigny 1789,Parque Chacabuco,Comuna 7,,POINT (-58.43664000000001 -34.645202000000005)
2121,COMBATIENTES DE MALVINAS,Personas mayores de 60 años.,Tener 60 años o más. Inscribirse en la o las actividades elegidas en el Centro de Jubilados al que se concurre.,"La Secretaría de Bienestar integral impulsa en los distintos Centros de Jubilados y Pensionados diversos programas y talleres que favorecen el desarrollo de espacios colectivos de aprendizaje, productivos y placenteros, destinados a los adultos mayores.",San Antonio 539,Barracas,Comuna 4,,POINT (-58.378603000000005 -34.64855600000001)
2122,JUAN JOSE NAGERA,Personas mayores de 60 años.,Tener 60 años o más. Inscribirse en la o las actividades elegidas en el Centro de Jubilados al que se concurre.,"La Secretaría de Bienestar integral impulsa en los distintos Centros de Jubilados y Pensionados diversos programas y talleres que favorecen el desarrollo de espacios colectivos de aprendizaje, productivos y placenteros, destinados a los adultos mayores.",Santander 4141,Parque Avellaneda,Comuna 9,,POINT (-58.46933300000001 -34.658091000000006)
2123,VIRGEN DE URKUPIÑA,Personas mayores de 60 años.,Tener 60 años o más. Inscribirse en la o las actividades elegidas en el Centro de Jubilados al que se concurre.,"La Secretaría de Bienestar integral impulsa en los distintos Centros de Jubilados y Pensionados diversos programas y talleres que favorecen el desarrollo de espacios colectivos de aprendizaje, productivos y placenteros, destinados a los adultos mayores.","Torres Y Tenorio, Pres. 2150",Parque Chacabuco,Comuna 7,,POINT (-58.439391000000015 -34.645389000000016)
2124,CENTRO DE PERSONAS MAYORES SOLIDARIAS,Personas mayores de 60 años.,Tener 60 años o más. Inscribirse en la o las actividades elegidas en el Centro de Jubilados al que se concurre.,"La Secretaría de Bienestar integral impulsa en los distintos Centros de Jubilados y Pensionados diversos programas y talleres que favorecen el desarrollo de espacios colectivos de aprendizaje, productivos y placenteros, destinados a los adultos mayores.",Triunvirato Av. 5791,Villa Urquiza,Comuna 12,,POINT (-58.49527900000001 -34.565033)
2125,EL REGRESO,Personas mayores de 60 años.,Tener 60 años o más. Inscribirse en la o las actividades elegidas en el Centro de Jubilados al que se concurre.,"La Secretaría de Bienestar integral impulsa en los distintos Centros de Jubilados y Pensionados diversos programas y talleres que favorecen el desarrollo de espacios colectivos de aprendizaje, productivos y placenteros, destinados a los adultos mayores.","Vedia, Agustin De 2084",Parque Chacabuco,Comuna 7,,POINT (-58.43580700000001 -34.643391000000015)
2126,VIDA,Personas mayores de 60 años.,Tener 60 años o más. Inscribirse en la o las actividades elegidas en el Centro de Jubilados al que se concurre.,"La Secretaría de Bienestar integral impulsa en los distintos Centros de Jubilados y Pensionados diversos programas y talleres que favorecen el desarrollo de espacios colectivos de aprendizaje, productivos y placenteros, destinados a los adultos mayores.","Viale, Luis 1791",Villa Gral. Mitre,Comuna 11,,POINT (-58.46157400000002 -34.61213900000001)
2127,LA NUEVA ESPERANZA DE BARRACAS,Personas mayores de 60 años.,Tener 60 años o más. Inscribirse en la o las actividades elegidas en el Centro de Jubilados al que se concurre.,"La Secretaría de Bienestar integral impulsa en los distintos Centros de Jubilados y Pensionados diversos programas y talleres que favorecen el desarrollo de espacios colectivos de aprendizaje, productivos y placenteros, destinados a los adultos mayores.",Vieytes 1282,Barracas,Comuna 4,,POINT (-58.37744700000001 -34.64749400000002)
2128,RAUL MATERA,Personas mayores de 60 años.,Tener 60 años o más. Inscribirse en la o las actividades elegidas en el Centro de Jubilados al que se concurre.,"La Secretaría de Bienestar integral impulsa en los distintos Centros de Jubilados y Pensionados diversos programas y talleres que favorecen el desarrollo de espacios colectivos de aprendizaje, productivos y placenteros, destinados a los adultos mayores.",Vieytes 1205,Barracas,Comuna 4,,POINT (-58.378374000000015 -34.64661800000001)
2129,DAR AMOR,Personas mayores de 60 años.,Tener 60 años o más. Inscribirse en la o las actividades elegidas en el Centro de Jubilados al que se concurre.,"La Secretaría de Bienestar integral impulsa en los distintos Centros de Jubilados y Pensionados diversos programas y talleres que favorecen el desarrollo de espacios colectivos de aprendizaje, productivos y placenteros, destinados a los adultos mayores.",Yerbal 721,Caballito,Comuna 6,,POINT (-58.441094000000014 -34.618771)
2130,BENDECIDOS PIEDRA BUENA,Personas mayores de 60 años.,Tener 60 años o más. Inscribirse en la o las actividades elegidas en el Centro de Jubilados al que se concurre.,"La Secretaría de Bienestar integral impulsa en los distintos Centros de Jubilados y Pensionados diversos programas y talleres que favorecen el desarrollo de espacios colectivos de aprendizaje, productivos y placenteros, destinados a los adultos mayores.",Zuviria 6870,Villa Lugano,Comuna 8,,POINT (-58.495232000000016 -34.67775100000002)
2131,TOMASA FANY ARIAS,Personas mayores de 60 años.,Tener 60 años o más. Inscribirse en la o las actividades elegidas en el Centro de Jubilados al que se concurre.,"La Secretaría de Bienestar integral impulsa en los distintos Centros de Jubilados y Pensionados diversos programas y talleres que favorecen el desarrollo de espacios colectivos de aprendizaje, productivos y placenteros, destinados a los adultos mayores.",Zuviria 4269,Parque Avellaneda,Comuna 9,,POINT (-58.47335800000001 -34.65758000000002)
2132,ENCUENTRO Y SALUD,Personas mayores de 60 años.,Tener 60 años o más. Inscribirse en la o las actividades elegidas en el Centro de Jubilados al que se concurre.,"La Secretaría de Bienestar integral impulsa en los distintos Centros de Jubilados y Pensionados diversos programas y talleres que favorecen el desarrollo de espacios colectivos de aprendizaje, productivos y placenteros, destinados a los adultos mayores.",Entre Rios Av. 1965,Parque Patricios,Comuna 4,,POINT (-58.390952000000006 -34.63114200000001)
2133,DEL MASO,Personas mayores de 60 años.,Tener 60 años o más. Inscribirse en la o las actividades elegidas en el Centro de Jubilados al que se concurre.,"La Secretaría de Bienestar integral impulsa en los distintos Centros de Jubilados y Pensionados diversos programas y talleres que favorecen el desarrollo de espacios colectivos de aprendizaje, productivos y placenteros, destinados a los adultos mayores.",San Juan Av. 3619,Boedo,Comuna 5,,POINT (-58.416573000000014 -34.62533300000001)
2134,A EMPEZAR,Personas mayores de 60 años.,Tener 60 años o más. Inscribirse en la o las actividades elegidas en el Centro de Jubilados al que se concurre.,"La Secretaría de Bienestar integral impulsa en los distintos Centros de Jubilados y Pensionados diversos programas y talleres que favorecen el desarrollo de espacios colectivos de aprendizaje, productivos y placenteros, destinados a los adultos mayores.","Cabezon, Jose Leon 3708",Villa Devoto,Comuna 11,,POINT (-58.516093000000005 -34.589782)
2135,DEL CARMEN DE URQUIZA,Personas mayores de 60 años.,Tener 60 años o más. Inscribirse en la o las actividades elegidas en el Centro de Jubilados al que se concurre.,"La Secretaría de Bienestar integral impulsa en los distintos Centros de Jubilados y Pensionados diversos programas y talleres que favorecen el desarrollo de espacios colectivos de aprendizaje, productivos y placenteros, destinados a los adultos mayores.",Triunvirato Av. 4940,Villa Urquiza,Comuna 12,,POINT (-58.488576000000016 -34.572878)
2136,AMIGOS POR EL TEJO,Personas mayores de 60 años.,Tener 60 años o más. Inscribirse en la o las actividades elegidas en el Centro de Jubilados al que se concurre.,"La Secretaría de Bienestar integral impulsa en los distintos Centros de Jubilados y Pensionados diversos programas y talleres que favorecen el desarrollo de espacios colectivos de aprendizaje, productivos y placenteros, destinados a los adultos mayores.","Curie, Maria Av.",Caballito,Comuna 6,,POINT (-58.43376900000001 -34.60745000000001)
2137,CREANDO REDES,Personas mayores de 60 años.,Tener 60 años o más. Inscribirse en la o las actividades elegidas en el Centro de Jubilados al que se concurre.,"La Secretaría de Bienestar integral impulsa en los distintos Centros de Jubilados y Pensionados diversos programas y talleres que favorecen el desarrollo de espacios colectivos de aprendizaje, productivos y placenteros, destinados a los adultos mayores.","Alberdi, Juan Bautista Av. 1115",Caballito,Comuna 6,,POINT (-58.44401700000001 -34.62303400000001)
2138,GRUPO COMUNAL VIAJEMOS CON ALEGRIA,Personas mayores de 60 años.,Tener 60 años o más. Inscribirse en la o las actividades elegidas en el Centro de Jubilados al que se concurre.,"La Secretaría de Bienestar integral impulsa en los distintos Centros de Jubilados y Pensionados diversos programas y talleres que favorecen el desarrollo de espacios colectivos de aprendizaje, productivos y placenteros, destinados a los adultos mayores.","Acosta, Mariano Av. 1271",Parque Avellaneda,Comuna 9,,POINT (-58.469303000000004 -34.64445700000002)
2139,ETERNA JUVENTUD,Personas mayores de 60 años.,Tener 60 años o más. Inscribirse en la o las actividades elegidas en el Centro de Jubilados al que se concurre.,"La Secretaría de Bienestar integral impulsa en los distintos Centros de Jubilados y Pensionados diversos programas y talleres que favorecen el desarrollo de espacios colectivos de aprendizaje, productivos y placenteros, destinados a los adultos mayores.",Diaz Velez Av. 3700,Almagro,Comuna 5,,POINT (-58.41861500000001 -34.608713)
2140,HOMERO MANZI,Personas mayores de 60 años.,Tener 60 años o más. Inscribirse en la o las actividades elegidas en el Centro de Jubilados al que se concurre.,"La Secretaría de Bienestar integral impulsa en los distintos Centros de Jubilados y Pensionados diversos programas y talleres que favorecen el desarrollo de espacios colectivos de aprendizaje, productivos y placenteros, destinados a los adultos mayores.","Gonzalez, Joaquin V. 1212",Floresta,Comuna 10,,POINT (-58.48649500000001 -34.621805000000016)
2141,LA FETRA ESPERANZA,Personas mayores de 60 años.,Tener 60 años o más. Inscribirse en la o las actividades elegidas en el Centro de Jubilados al que se concurre.,"La Secretaría de Bienestar integral impulsa en los distintos Centros de Jubilados y Pensionados diversos programas y talleres que favorecen el desarrollo de espacios colectivos de aprendizaje, productivos y placenteros, destinados a los adultos mayores.","Villafañe, Wenceslao 1223",Barracas,Comuna 4,,POINT (-58.37040000000001 -34.63447600000001)
2142,LA HISPANIDAD,Personas mayores de 60 años.,Tener 60 años o más. Inscribirse en la o las actividades elegidas en el Centro de Jubilados al que se concurre.,"La Secretaría de Bienestar integral impulsa en los distintos Centros de Jubilados y Pensionados diversos programas y talleres que favorecen el desarrollo de espacios colectivos de aprendizaje, productivos y placenteros, destinados a los adultos mayores.","Brown, Alte. Av. 1152",La Boca,Comuna 4,,POINT (-58.35901900000001 -34.63485000000002)
2143,NUEVA ESPERANZA,Personas mayores de 60 años.,Tener 60 años o más. Inscribirse en la o las actividades elegidas en el Centro de Jubilados al que se concurre.,"La Secretaría de Bienestar integral impulsa en los distintos Centros de Jubilados y Pensionados diversos programas y talleres que favorecen el desarrollo de espacios colectivos de aprendizaje, productivos y placenteros, destinados a los adultos mayores.","Perette, Carlos H.",Retiro,Comuna 1,,POINT (-58.376460000000016 -34.584033)
2144,PUERTAS ABIERTAS A LOS SUEÑOS,Personas mayores de 60 años.,Tener 60 años o más. Inscribirse en la o las actividades elegidas en el Centro de Jubilados al que se concurre.,"La Secretaría de Bienestar integral impulsa en los distintos Centros de Jubilados y Pensionados diversos programas y talleres que favorecen el desarrollo de espacios colectivos de aprendizaje, productivos y placenteros, destinados a los adultos mayores.",Riestra Av. 2313,Flores,Comuna 7,,POINT (-58.44110700000002 -34.64880000000001)
2145,VIDA,Personas mayores de 60 años.,Tener 60 años o más. Inscribirse en la o las actividades elegidas en el Centro de Jubilados al que se concurre.,"La Secretaría de Bienestar integral impulsa en los distintos Centros de Jubilados y Pensionados diversos programas y talleres que favorecen el desarrollo de espacios colectivos de aprendizaje, productivos y placenteros, destinados a los adultos mayores.","Diaz, Cesar, Gral. 5458",Villa Luro,Comuna 10,,POINT (-58.503412000000004 -34.632897)
2146,TU LUGAR,Personas mayores de 60 años.,Tener 60 años o más. Inscribirse en la o las actividades elegidas en el Centro de Jubilados al que se concurre.,"La Secretaría de Bienestar integral impulsa en los distintos Centros de Jubilados y Pensionados diversos programas y talleres que favorecen el desarrollo de espacios colectivos de aprendizaje, productivos y placenteros, destinados a los adultos mayores.","Gutierrez, Ricardo 3261",Villa Del Parque,Comuna 11,,POINT (-58.49642500000001 -34.601322999999994)
2147,SOÑAR JUNTOS,Personas mayores de 60 años.,Tener 60 años o más. Inscribirse en la o las actividades elegidas en el Centro de Jubilados al que se concurre.,"La Secretaría de Bienestar integral impulsa en los distintos Centros de Jubilados y Pensionados diversos programas y talleres que favorecen el desarrollo de espacios colectivos de aprendizaje, productivos y placenteros, destinados a los adultos mayores.",San Juan Av. 3619,Boedo,Comuna 5,,POINT (-58.41653800000002 -34.62539)
2148,LA CASA DE EVA PERON (CLUB DE LA 3RA JUVENTUD RINCON ARGENTINO),Personas mayores de 60 años.,Tener 60 años o más. Inscribirse en la o las actividades elegidas en el Centro de Jubilados al que se concurre.,"La Secretaría de Bienestar integral impulsa en los distintos Centros de Jubilados y Pensionados diversos programas y talleres que favorecen el desarrollo de espacios colectivos de aprendizaje, productivos y placenteros, destinados a los adultos mayores.",Albarellos Av. 2705,Villa Pueyrredon,Comuna 12,,POINT (-58.50792998990997 -34.57625045143067)
2149,CARLOS MORA,Personas mayores de 60 años.,Tener 60 años o más. Inscribirse en la o las actividades elegidas en el Centro de Jubilados al que se concurre.,"La Secretaría de Bienestar integral impulsa en los distintos Centros de Jubilados y Pensionados diversos programas y talleres que favorecen el desarrollo de espacios colectivos de aprendizaje, productivos y placenteros, destinados a los adultos mayores.","Oroño, Nicasio 2242",Paternal,Comuna 15,,POINT (-58.4607369583763 -34.6006564909725)
2150,CASA DEL JUBILADO,Personas mayores de 60 años.,Tener 60 años o más. Inscribirse en la o las actividades elegidas en el Centro de Jubilados al que se concurre.,"La Secretaría de Bienestar integral impulsa en los distintos Centros de Jubilados y Pensionados diversos programas y talleres que favorecen el desarrollo de espacios colectivos de aprendizaje, productivos y placenteros, destinados a los adultos mayores.",Besares 3933,Saavedra,Comuna 12,,POINT (-58.48573988968406 -34.55135016381766)
2151,CATALINAS SUR,Personas mayores de 60 años.,Tener 60 años o más. Inscribirse en la o las actividades elegidas en el Centro de Jubilados al que se concurre.,"La Secretaría de Bienestar integral impulsa en los distintos Centros de Jubilados y Pensionados diversos programas y talleres que favorecen el desarrollo de espacios colectivos de aprendizaje, productivos y placenteros, destinados a los adultos mayores.",Necochea 312,La Boca,Comuna 4,,POINT (-58.36444426801336 -34.6279142201702)
2152,CENTRO CULTURAL Y SOCIAL EVA DUARTE,Personas mayores de 60 años.,Tener 60 años o más. Inscribirse en la o las actividades elegidas en el Centro de Jubilados al que se concurre.,"La Secretaría de Bienestar integral impulsa en los distintos Centros de Jubilados y Pensionados diversos programas y talleres que favorecen el desarrollo de espacios colectivos de aprendizaje, productivos y placenteros, destinados a los adultos mayores.",Llavallol 4210,Villa Devoto,Comuna 11,,POINT (-58.50568314568974 -34.59406236723447)
2153,DESHOJANDO MARGARITAS,Personas mayores de 60 años.,Tener 60 años o más. Inscribirse en la o las actividades elegidas en el Centro de Jubilados al que se concurre.,"La Secretaría de Bienestar integral impulsa en los distintos Centros de Jubilados y Pensionados diversos programas y talleres que favorecen el desarrollo de espacios colectivos de aprendizaje, productivos y placenteros, destinados a los adultos mayores.",Montiel 968,Liniers,Comuna 9,,POINT (-58.52552332046341 -34.64959318210999)
2154,EL ALBA,Personas mayores de 60 años.,Tener 60 años o más. Inscribirse en la o las actividades elegidas en el Centro de Jubilados al que se concurre.,"La Secretaría de Bienestar integral impulsa en los distintos Centros de Jubilados y Pensionados diversos programas y talleres que favorecen el desarrollo de espacios colectivos de aprendizaje, productivos y placenteros, destinados a los adultos mayores.","Gonzalez, Joaquin V. 2469",Villa Del Parque,Comuna 11,,POINT (-58.49883814210531 -34.61035305319164)
2155,JOVENES CORAZONES,Personas mayores de 60 años.,Tener 60 años o más. Inscribirse en la o las actividades elegidas en el Centro de Jubilados al que se concurre.,"La Secretaría de Bienestar integral impulsa en los distintos Centros de Jubilados y Pensionados diversos programas y talleres que favorecen el desarrollo de espacios colectivos de aprendizaje, productivos y placenteros, destinados a los adultos mayores.","Bocayuva, Quintino 193",Almagro,Comuna 5,,POINT (-58.42313230430804 -34.61455987104021)
2156,JUNTOS,Personas mayores de 60 años.,Tener 60 años o más. Inscribirse en la o las actividades elegidas en el Centro de Jubilados al que se concurre.,"La Secretaría de Bienestar integral impulsa en los distintos Centros de Jubilados y Pensionados diversos programas y talleres que favorecen el desarrollo de espacios colectivos de aprendizaje, productivos y placenteros, destinados a los adultos mayores.","Naon, Romulo 2500",Villa Urquiza,Comuna 12,,POINT (-58.47339875486848 -34.566905305127904)
2157,LA NUEVA ESPERANZA,Personas mayores de 60 años.,Tener 60 años o más. Inscribirse en la o las actividades elegidas en el Centro de Jubilados al que se concurre.,"La Secretaría de Bienestar integral impulsa en los distintos Centros de Jubilados y Pensionados diversos programas y talleres que favorecen el desarrollo de espacios colectivos de aprendizaje, productivos y placenteros, destinados a los adultos mayores.","Ramirez, Carlos M. 2689",Villa Soldati,Comuna 8,,POINT (-58.43407511595778 -34.66113095623501)
2158,LUGANO EN MARCHA,Personas mayores de 60 años.,Tener 60 años o más. Inscribirse en la o las actividades elegidas en el Centro de Jubilados al que se concurre.,"La Secretaría de Bienestar integral impulsa en los distintos Centros de Jubilados y Pensionados diversos programas y talleres que favorecen el desarrollo de espacios colectivos de aprendizaje, productivos y placenteros, destinados a los adultos mayores.",Murguiondo 3384,Villa Lugano,Comuna 8,,POINT (-58.48466114352022 -34.66993584872449)
2159,MOMENTOS FELICES,Personas mayores de 60 años.,Tener 60 años o más. Inscribirse en la o las actividades elegidas en el Centro de Jubilados al que se concurre.,"La Secretaría de Bienestar integral impulsa en los distintos Centros de Jubilados y Pensionados diversos programas y talleres que favorecen el desarrollo de espacios colectivos de aprendizaje, productivos y placenteros, destinados a los adultos mayores.","Acosta, Mariano 1544",Parque Avellaneda,Comuna 9,,POINT (-58.46535190362583 -34.647158214557294)
2160,NUESTRO REFUGIO,Personas mayores de 60 años.,Tener 60 años o más. Inscribirse en la o las actividades elegidas en el Centro de Jubilados al que se concurre.,"La Secretaría de Bienestar integral impulsa en los distintos Centros de Jubilados y Pensionados diversos programas y talleres que favorecen el desarrollo de espacios colectivos de aprendizaje, productivos y placenteros, destinados a los adultos mayores.",Lascano 4384,Monte Castro,Comuna 10,,POINT (-58.50164746700508 -34.61642544660046)
2161,NUESTRO TIEMPO DE CABALLITO,Personas mayores de 60 años.,Tener 60 años o más. Inscribirse en la o las actividades elegidas en el Centro de Jubilados al que se concurre.,"La Secretaría de Bienestar integral impulsa en los distintos Centros de Jubilados y Pensionados diversos programas y talleres que favorecen el desarrollo de espacios colectivos de aprendizaje, productivos y placenteros, destinados a los adultos mayores.",Yerbal 813,Caballito,Comuna 6,,POINT (-58.44226081538764 -34.61921434345239)
2162,NUEVOS HORIZONTES,Personas mayores de 60 años.,Tener 60 años o más. Inscribirse en la o las actividades elegidas en el Centro de Jubilados al que se concurre.,"La Secretaría de Bienestar integral impulsa en los distintos Centros de Jubilados y Pensionados diversos programas y talleres que favorecen el desarrollo de espacios colectivos de aprendizaje, productivos y placenteros, destinados a los adultos mayores.",Chacabuco 1294,San Telmo,Comuna 1,,POINT (-58.37534681372805 -34.62325378996012)
2163,PAMPERO,Personas mayores de 60 años.,Tener 60 años o más. Inscribirse en la o las actividades elegidas en el Centro de Jubilados al que se concurre.,"La Secretaría de Bienestar integral impulsa en los distintos Centros de Jubilados y Pensionados diversos programas y talleres que favorecen el desarrollo de espacios colectivos de aprendizaje, productivos y placenteros, destinados a los adultos mayores.",Larrazabal 3033,Villa Lugano,Comuna 8,,POINT (-58.48372310442806 -34.667672569122246)
2164,PINTITAS,Personas mayores de 60 años.,Tener 60 años o más. Inscribirse en la o las actividades elegidas en el Centro de Jubilados al que se concurre.,"La Secretaría de Bienestar integral impulsa en los distintos Centros de Jubilados y Pensionados diversos programas y talleres que favorecen el desarrollo de espacios colectivos de aprendizaje, productivos y placenteros, destinados a los adultos mayores.","Acosta, Mariano 2005",Flores,Comuna 7,,POINT (-58.460613706275524 -34.65157960217779)
2165,REJUVENECER EL ATARDECER,Personas mayores de 60 años.,Tener 60 años o más. Inscribirse en la o las actividades elegidas en el Centro de Jubilados al que se concurre.,"La Secretaría de Bienestar integral impulsa en los distintos Centros de Jubilados y Pensionados diversos programas y talleres que favorecen el desarrollo de espacios colectivos de aprendizaje, productivos y placenteros, destinados a los adultos mayores.",San Martin Av. 5125,Agronomia,Comuna 15,,POINT (-58.490682679876485 -34.5970354666059)
2166,SAGRADO CORAZON,Personas mayores de 60 años.,Tener 60 años o más. Inscribirse en la o las actividades elegidas en el Centro de Jubilados al que se concurre.,"La Secretaría de Bienestar integral impulsa en los distintos Centros de Jubilados y Pensionados diversos programas y talleres que favorecen el desarrollo de espacios colectivos de aprendizaje, productivos y placenteros, destinados a los adultos mayores.",San Martin Av. 5125,Agronomia,Comuna 15,,POINT (-58.490682679876485 -34.5970354666059)
2167,SEGUIMOS SIENDO JOVENES,Personas mayores de 60 años.,Tener 60 años o más. Inscribirse en la o las actividades elegidas en el Centro de Jubilados al que se concurre.,"La Secretaría de Bienestar integral impulsa en los distintos Centros de Jubilados y Pensionados diversos programas y talleres que favorecen el desarrollo de espacios colectivos de aprendizaje, productivos y placenteros, destinados a los adultos mayores.",Ayacucho 345,Balvanera,Comuna 3,,POINT (-58.394997486903506 -34.605224826686566)
2168,TIEMPO FELIZ,Personas mayores de 60 años.,Tener 60 años o más. Inscribirse en la o las actividades elegidas en el Centro de Jubilados al que se concurre.,"La Secretaría de Bienestar integral impulsa en los distintos Centros de Jubilados y Pensionados diversos programas y talleres que favorecen el desarrollo de espacios colectivos de aprendizaje, productivos y placenteros, destinados a los adultos mayores.",Oliden 3604,Villa Lugano,Comuna 8,,POINT (-58.480337724711454 -34.671732701257596)
2169,UN NUEVO HOGAR,Personas mayores de 60 años.,Tener 60 años o más. Inscribirse en la o las actividades elegidas en el Centro de Jubilados al que se concurre.,"La Secretaría de Bienestar integral impulsa en los distintos Centros de Jubilados y Pensionados diversos programas y talleres que favorecen el desarrollo de espacios colectivos de aprendizaje, productivos y placenteros, destinados a los adultos mayores.",Perrault 1134,Flores,Comuna 7,,POINT (-58.45540285424508 -34.64094127463856)
2170,UNIDOS PARA SIEMPRE,Personas mayores de 60 años.,Tener 60 años o más. Inscribirse en la o las actividades elegidas en el Centro de Jubilados al que se concurre.,"La Secretaría de Bienestar integral impulsa en los distintos Centros de Jubilados y Pensionados diversos programas y talleres que favorecen el desarrollo de espacios colectivos de aprendizaje, productivos y placenteros, destinados a los adultos mayores.",Llerena 2727,Parque Chas,Comuna 15,,POINT (-58.4764058490832 -34.586393611379975)
2171,UPSA - VOLAR,Personas mayores de 60 años.,Tener 60 años o más. Inscribirse en la o las actividades elegidas en el Centro de Jubilados al que se concurre.,"La Secretaría de Bienestar integral impulsa en los distintos Centros de Jubilados y Pensionados diversos programas y talleres que favorecen el desarrollo de espacios colectivos de aprendizaje, productivos y placenteros, destinados a los adultos mayores.",Independencia Av. 1111,Monserrat,Comuna 1,,POINT (-58.381712874865464 -34.61748213656983)
