X;Y;ID;MES;SEMANA;ZONA;CALLE;ALTURA;ESTADO;DOM_NORMA;DOM_GEO
-58.4015170524235;-34.6134625610604;1;AGOSTO;1 AL 6;2 Y 3;ALBERTI;315;FINALIZADO;ALBERTI 315;315 ALBERTI
-58.4031742378493;-34.5988330861136;2;AGOSTO;1 AL 6;2 Y 3;CORDOBA AV;2554;FINALIZADO;CORDOBA AV. 2554;2554 CORDOBA AV.
-58.3944265721565;-34.6183713859873;3;AGOSTO;1 AL 6;2 Y 3;INDEPENDENCIA AV;1998;FINALIZADO;INDEPENDENCIA AV. 1998;1998 INDEPENDENCIA AV.
-58.5126673640788;-34.6091687616436;4;AGOSTO;1 AL 6;4;SIMBRON Y MARCOS PAZ;;FINALIZADO;SIMBRON Y PAZ, MARCOS;SIMBRON & PAZ, MARCOS
-58.5109532650939;-34.6096375668121;5;AGOSTO;1 AL 6;4;TINOGASTA Y ZURICH;;FINALIZADO;TINOGASTA Y ZURICH;TINOGASTA & ZURICH
-58.5152299699643;-34.6172035392726;6;AGOSTO;1 AL 6;4;CERVANTES Y NOGOYA;;FINALIZADO;CERVANTES Y NOGOYA;CERVANTES & NOGOYA
-58.5124698898213;-34.6151067340398;7;AGOSTO;1 AL 6;4;NOGOYA Y DESAGUADERO;;FINALIZADO;NOGOYA Y DESAGUADERO;NOGOYA & DESAGUADERO
-58.5097129786512;-34.6100756033678;8;AGOSTO;1 AL 6;4;SEGUROLA Y PEDRO LOZANO;;FINALIZADO;SEGUROLA AV. Y LOZANO, PEDRO;SEGUROLA AV. & LOZANO, PEDRO
-58.5156057945546;-34.6124802491222;9;AGOSTO;1 AL 6;4;TINOGASTA Y DESAGUADERO;;FINALIZADO;TINOGASTA Y DESAGUADERO;TINOGASTA & DESAGUADERO
-58.494785633418;-34.6150160430127;10;AGOSTO;1 AL 6;4;MIRANDA Y JOAQUIN V GONZALEZ;;FINALIZADO;MIRANDA Y GONZALEZ, JOAQUIN V.;MIRANDA & GONZALEZ, JOAQUIN V.
-58.4775218686599;-34.6019185956614;11;AGOSTO;1 AL 6;4;TERRERO Y BERNARDO DE LEON;;FINALIZADO;TERRERO Y LEON, BERNARDO DE;TERRERO & LEON, BERNARDO DE
-58.4836547943145;-34.6045796996639;12;AGOSTO;1 AL 6;4;CONDARCO Y EL QUIJOTE;;FINALIZADO;CONDARCO Y EL QUIJOTE;CONDARCO & EL QUIJOTE
-58.4372985396604;-34.6087899948485;13;AGOSTO;1 AL 6;5 Y 6;DIAZ VELEZ Y LEOPOLDO MARECHAL;;FINALIZADO;DIAZ VELEZ AV. Y MARECHAL, LEOPOLDO;DIAZ VELEZ AV. & MARECHAL, LEOPOLDO
-58.4376825983433;-34.6076748250144;14;AGOSTO;1 AL 6;5 Y 6;LEOPOLDO MARECHAL;901;FINALIZADO;MARECHAL, LEOPOLDO 901;901 MARECHAL, LEOPOLDO
-58.4274398245153;-34.6149751648145;15;AGOSTO;1 AL 6;5 Y 6;HIPOLITO YRIGOYEN Y MUÑIZ;;FINALIZADO;YRIGOYEN, HIPOLITO AV. Y MUÑIZ;YRIGOYEN, HIPOLITO AV. & MUÑIZ
-58.4124082661731;-34.6287420552545;16;AGOSTO;1 AL 6;5 Y 6;TARIJA;3340;FINALIZADO;TARIJA 3340;3340 TARIJA
-58.4152119148668;-34.6372086465946;17;AGOSTO;1 AL 6;5 Y 6;RONDEAU;3590;FINALIZADO;RONDEAU 3590;3590 RONDEAU
-58.4191894545082;-34.6372681957015;18;AGOSTO;1 AL 6;5 Y 6;CASTRO;2101;FINALIZADO;CASTRO 2101;2101 CASTRO
-58.4163460019367;-34.6071700657643;19;AGOSTO;1 AL 6;5 Y 6;BILLINGHURST;290;FINALIZADO;BILLINGHURST 290;290 BILLINGHURST
-58.4241400614333;-34.6158024118651;20;AGOSTO;1 AL 6;5 Y 6;BELGRANO;4079;FINALIZADO;BELGRANO 4079;4079 BELGRANO
-58.4271940317882;-34.6025827477119;21;AGOSTO;1 AL 6;5 Y 6;PRINGLES;800;FINALIZADO;PRINGLES 800;800 PRINGLES
-58.4527409534073;-34.6403296830128;22;AGOSTO;1 AL 6;7;CARLOS ORTIZ;1107;FINALIZADO;ORTIZ, CARLOS 1107;1107 ORTIZ, CARLOS
-58.4531650602479;-34.6428489369328;23;AGOSTO;1 AL 6;7;PEDERNERA;1295;FINALIZADO;PEDERNERA 1295;1295 PEDERNERA
-58.4532666844601;-34.6429591579029;24;AGOSTO;1 AL 6;7;PERRAULT;1296;FINALIZADO;PERRAULT 1296;1296 PERRAULT
-58.4534204387509;-34.643034802017;25;AGOSTO;1 AL 6;7;PERRAULT;1293;FINALIZADO;PERRAULT 1293;1293 PERRAULT
-58.4534649738733;-34.6431452820038;26;AGOSTO;1 AL 6;7;RENAN;1296;FINALIZADO;RENAN 1296;1296 RENAN
-58.4535916538507;-34.6432444820211;27;AGOSTO;1 AL 6;7;RENAN;1295;FINALIZADO;RENAN 1295;1295 RENAN
-58.453664005046;-34.6433321106292;28;AGOSTO;1 AL 6;7;RAMON Y CAJAL;1296;FINALIZADO;RAMON Y CAJAL 1296;1296 RAMON Y CAJAL
-58.4537907927358;-34.643431220213;29;AGOSTO;1 AL 6;7;RAMON Y CAJAL;1295;FINALIZADO;RAMON Y CAJAL 1295;1295 RAMON Y CAJAL
-58.4565912766187;-34.6373899147359;30;AGOSTO;1 AL 6;7;MEMBRILLAR;795;FINALIZADO;MEMBRILLAR 795;795 MEMBRILLAR
-58.4571997531089;-34.6380200178743;31;AGOSTO;1 AL 6;7;PRIMERA JUNTA;2407;FINALIZADO;PRIMERA JUNTA 2407;2407 PRIMERA JUNTA
-58.4585104900914;-34.6396011372273;32;AGOSTO;1 AL 6;7;PRIMERA JUNTA;2602;FINALIZADO;PRIMERA JUNTA 2602;2602 PRIMERA JUNTA
-58.4737260993449;-34.6255247131678;33;AGOSTO;1 AL 6;8;ARANGUREN;2999;FINALIZADO;ARANGUREN, JUAN F., DR. 2999;2999 ARANGUREN, JUAN F., DR.
-58.4738101019594;-34.6255470599624;34;AGOSTO;1 AL 6;8;ARANGUREN;3001;FINALIZADO;ARANGUREN, JUAN F., DR. 3001;3001 ARANGUREN, JUAN F., DR.
-58.4737566540445;-34.6256843571376;35;AGOSTO;1 AL 6;8;ARANGUREN;3002;FINALIZADO;ARANGUREN, JUAN F., DR. 3002;3002 ARANGUREN, JUAN F., DR.
-58.4746740310421;-34.625928378772;36;AGOSTO;1 AL 6;8;ARANGUREN;3084;FINALIZADO;ARANGUREN, JUAN F., DR. 3084;3084 ARANGUREN, JUAN F., DR.
-58.4749862248608;-34.6260114260417;37;AGOSTO;1 AL 6;8;ARANGUREN;3108;FINALIZADO;ARANGUREN, JUAN F., DR. 3108;3108 ARANGUREN, JUAN F., DR.
-58.4750611967851;-34.6258798553346;38;AGOSTO;1 AL 6;8;ARANGUREN;3109;FINALIZADO;ARANGUREN, JUAN F., DR. 3109;3109 ARANGUREN, JUAN F., DR.
-58.4748549569208;-34.6258426878423;39;AGOSTO;1 AL 6;8;HELGUERA;503;FINALIZADO;HELGUERA 503;503 HELGUERA
-58.4759004267232;-34.6261031189827;40;AGOSTO;1 AL 6;8;ARANGUREN;3187;FINALIZADO;ARANGUREN, JUAN F., DR. 3187;3187 ARANGUREN, JUAN F., DR.
-58.4760436171694;-34.6262925497723;41;AGOSTO;1 AL 6;8;ARANGUREN;3202;FINALIZADO;ARANGUREN, JUAN F., DR. 3202;3202 ARANGUREN, JUAN F., DR.
-58.4758942674266;-34.6263219618249;42;AGOSTO;1 AL 6;8;CUENCA;491;FINALIZADO;CUENCA 491;491 CUENCA
-58.4761751897814;-34.6261157412185;43;AGOSTO;1 AL 6;8;CUENCA;512;FINALIZADO;CUENCA 512;512 CUENCA
-58.4708905709822;-34.6247183794283;44;AGOSTO;1 AL 6;8;TERRADA;606;FINALIZADO;TERRADA 606;606 TERRADA
-58.5146246745724;-34.6251940752964;45;AGOSTO;1 AL 6;10;LASCANO Y MOLIERE;;FINALIZADO;LASCANO Y MOLIERE;LASCANO & MOLIERE
-58.5295170417552;-34.6140705929485;46;AGOSTO;1 AL 6;10;PEDRO MORAN Y MOLIERE;;FINALIZADO;MORAN, PEDRO Y MOLIERE;MORAN, PEDRO & MOLIERE
-58.5284225411369;-34.6132207355352;47;AGOSTO;1 AL 6;10;PEDRO MORAN Y VIRGILIO;;FINALIZADO;MORAN, PEDRO Y VIRGILIO;MORAN, PEDRO & VIRGILIO
-58.5151370638733;-34.6256510536634;48;AGOSTO;1 AL 6;10;LASCANO Y LEONES;;FINALIZADO;LASCANO Y LEONES;LASCANO & LEONES
-58.5150622451388;-34.6065752073136;49;AGOSTO;1 AL 6;11;NAVARRO;4501;FINALIZADO;NAVARRO 4501;4501 NAVARRO
-58.4627869797773;-34.6101018300486;50;AGOSTO;1 AL 6;11;M. TRELLES;1501;FINALIZADO;TRELLES, MANUEL R. 1501;1501 TRELLES, MANUEL R.
-58.4726427590221;-34.6081208078382;51;AGOSTO;1 AL 6;11;CAMARONES;2249;FINALIZADO;CAMARONES 2249;2249 CAMARONES
-58.4647043313314;-34.6155830729958;52;AGOSTO;1 AL 6;11;BOYACA;1132;FINALIZADO;BOYACA 1132;1132 BOYACA
-58.4762873600218;-34.6200382625225;53;AGOSTO;1 AL 6;11;ARGERICH;1205;FINALIZADO;ARGERICH 1205;1205 ARGERICH
-58.5000990796331;-34.5975165652445;54;AGOSTO;1 AL 6;11;NAVARRO;3296;FINALIZADO;NAVARRO 3296;3296 NAVARRO
-58.5002543035655;-34.5974324215592;55;AGOSTO;1 AL 6;11;NAVARRO;3299;FINALIZADO;NAVARRO 3299;3299 NAVARRO
-58.501435947692;-34.5983424020308;56;AGOSTO;1 AL 6;11;NAVARRO;3396;FINALIZADO;NAVARRO 3396;3396 NAVARRO
-58.5015674248437;-34.5984236216071;57;AGOSTO;1 AL 6;11;NAVARRO;3402;FINALIZADO;NAVARRO 3402;3402 NAVARRO
-58.5027199740964;-34.5989578553389;58;AGOSTO;1 AL 6;11;NAVARRO;3483;FINALIZADO;NAVARRO 3483;3483 NAVARRO
-58.5041355668109;-34.6000160826666;59;AGOSTO;1 AL 6;11;NAVARRO;3598;FINALIZADO;NAVARRO 3598;3598 NAVARRO
-58.5066705275902;-34.6015825104304;60;AGOSTO;1 AL 6;11;NAVARRO;3792;FINALIZADO;NAVARRO 3792;3792 NAVARRO
-58.5068356034856;-34.6016844204837;61;AGOSTO;1 AL 6;11;NAVARRO;3802;FINALIZADO;NAVARRO 3802;3802 NAVARRO
-58.5069399546219;-34.6015688462867;62;AGOSTO;1 AL 6;11;NAVARRO;3801;FINALIZADO;NAVARRO 3801;3801 NAVARRO
-58.5067999175962;-34.6014823944627;63;AGOSTO;1 AL 6;11;NAVARRO;3793;FINALIZADO;NAVARRO 3793;3793 NAVARRO
-58.5075609310082;-34.6021321890263;64;AGOSTO;1 AL 6;11;NAVARRO;3890;FINALIZADO;NAVARRO 3890;3890 NAVARRO
-58.4823393463539;-34.6043554228123;65;AGOSTO;1 AL 6;11;EL QUIJOTE;2633;FINALIZADO;EL QUIJOTE 2633;2633 EL QUIJOTE
-58.4776267376891;-34.6072838142132;66;AGOSTO;1 AL 6;11;ALVAREZ JONTE;2507;FINALIZADO;ALVAREZ JONTE AV. 2507;2507 ALVAREZ JONTE AV.
-58.4916080431244;-34.6124609204924;67;AGOSTO;1 AL 6;11;ALVAREZ JONTE;3548;FINALIZADO;ALVAREZ JONTE AV. 3548;3548 ALVAREZ JONTE AV.
-58.5075053616182;-34.6000240663765;68;AGOSTO;1 AL 6;11;LINCOLN;3780;FINALIZADO;LINCOLN AV. 3780;3780 LINCOLN AV.
-58.5086815479264;-34.6083769073268;69;AGOSTO;1 AL 6;11;SANABRIA;3091;FINALIZADO;SANABRIA 3091;3091 SANABRIA
-58.4910632963002;-34.6135810674032;70;AGOSTO;1 AL 6;11;ELPIDIO GONZALEZ;3575;FINALIZADO;GONZALEZ, ELPIDIO 3575;3575 GONZALEZ, ELPIDIO
-58.4907758722412;-34.6134599081212;71;AGOSTO;1 AL 6;11;TOKIO;2001;FINALIZADO;TOKIO 2001;2001 TOKIO
-58.4917123380365;-34.6125472627527;72;AGOSTO;1 AL 6;11;TOKIO;2096;FINALIZADO;TOKIO 2096;2096 TOKIO
-58.5176075096485;-34.6182226719375;73;AGOSTO;1 AL 6;11;MELINCUE;5228;FINALIZADO;MELINCUE 5228;5228 MELINCUE
-58.4980498563769;-34.605354804258;74;AGOSTO;1 AL 6;11;MELINCUE;3602;FINALIZADO;MELINCUE 3602;3602 MELINCUE
-58.4921653497927;-34.6018574000058;75;AGOSTO;1 AL 6;11;MELINCUE;3046;FINALIZADO;MELINCUE 3046;3046 MELINCUE
-58.4985520768402;-34.6054758924472;76;AGOSTO;1 AL 6;11;MELINCUE;3635;FINALIZADO;MELINCUE 3635;3635 MELINCUE
-58.479728602727;-34.6168613788753;77;AGOSTO;1 AL 6;11;EL TROVADOR;3045;FINALIZADO;EL TROVADOR 3045;3045 EL TROVADOR
-58.4764023702306;-34.6201561620206;78;AGOSTO;1 AL 6;11;ARGERICH;1202;FINALIZADO;ARGERICH 1202;1202 ARGERICH
-58.5029430649438;-34.6428365186769;79;AGOSTO;1 AL 6;14;ARAUJO;503;FINALIZADO;ARAUJO 503;503 ARAUJO
-58.5030365223947;-34.6427660025452;80;AGOSTO;1 AL 6;14;ARAUJO;499;FINALIZADO;ARAUJO 499;499 ARAUJO
-58.5029416929165;-34.642642257448;81;AGOSTO;1 AL 6;14;ARAUJO;498;FINALIZADO;ARAUJO 498;498 ARAUJO
-58.502847923416;-34.6427130096441;82;AGOSTO;1 AL 6;14;ARAUJO;502;FINALIZADO;ARAUJO 502;502 ARAUJO
-58.4560841873576;-34.5812431380872;83;AGOSTO;1 AL 6;15;CHARLONE;899;FINALIZADO;CHARLONE 899;899 CHARLONE
-58.4561511640401;-34.581223263015;84;AGOSTO;1 AL 6;15;CHARLONE;901;FINALIZADO;CHARLONE 901;901 CHARLONE
-58.4565817572224;-34.5810954802177;85;AGOSTO;1 AL 6;15;CHARLONE;951;FINALIZADO;CHARLONE 951;951 CHARLONE
-58.4566334284754;-34.5810801454535;86;AGOSTO;1 AL 6;15;CHARLONE;957;FINALIZADO;CHARLONE 957;957 CHARLONE
-58.4568917831253;-34.5810034740547;87;AGOSTO;1 AL 6;15;CHARLONE;987;FINALIZADO;CHARLONE 987;987 CHARLONE
-58.4570367962007;-34.5811136735974;88;AGOSTO;1 AL 6;15;CHARLONE;998;FINALIZADO;CHARLONE 998;998 CHARLONE
-58.4591104620233;-34.5808351298403;89;AGOSTO;1 AL 6;15;CHARLONE;1198;FINALIZADO;CHARLONE 1198;1198 CHARLONE
-58.4591345878836;-34.5806910505142;90;AGOSTO;1 AL 6;15;CHARLONE;1199;FINALIZADO;CHARLONE 1199;1199 CHARLONE
-58.4649633345832;-34.574102604708;91;AGOSTO;1 AL 6;15;FOREST;1598;FINALIZADO;FOREST AV. 1598;1598 FOREST AV.
-58.4704350015147;-34.5850657816981;92;AGOSTO;1 AL 6;15;GIRARDOT;1863;FINALIZADO;GIRARDOT 1863;1863 GIRARDOT
-58.4720855403956;-34.5848600754538;93;AGOSTO;1 AL 6;15;COMBATIENTES DE MALVINAS;3105;FINALIZADO;COMBATIENTES DE MALVINAS AV. 3105;3105 COMBATIENTES DE MALVINAS AV.
-58.4722667606901;-34.5845155254106;94;AGOSTO;1 AL 6;15;COMBATIENTES DE MALVINAS;3133;FINALIZADO;COMBATIENTES DE MALVINAS AV. 3133;3133 COMBATIENTES DE MALVINAS AV.
-58.4681215679648;-34.5894957564939;95;AGOSTO;1 AL 6;15;DEL CAMPO;1399;FINALIZADO;DEL CAMPO AV. 1399;1399 DEL CAMPO AV.
-58.4681516396774;-34.5894720652745;96;AGOSTO;1 AL 6;15;DEL CAMPO;1401;FINALIZADO;DEL CAMPO AV. 1401;1401 DEL CAMPO AV.
-58.4694336996003;-34.5949294160173;97;AGOSTO;1 AL 6;15;PAZ SOLDAN;5102;FINALIZADO;PAZ SOLDAN 5102;5102 PAZ SOLDAN
-58.4696417344896;-34.5948820191412;98;AGOSTO;1 AL 6;15;PAZ SOLDAN;5109;FINALIZADO;PAZ SOLDAN 5109;5109 PAZ SOLDAN
-58.4693756432479;-34.5948911925773;99;AGOSTO;1 AL 6;15;PAZ SOLDAN;5100;FINALIZADO;PAZ SOLDAN 5100;5100 PAZ SOLDAN
-58.469439861359;-34.5947491109655;100;AGOSTO;1 AL 6;15;PAZ SOLDAN;5093;FINALIZADO;PAZ SOLDAN 5093;5093 PAZ SOLDAN
-58.4702596716509;-34.5961966442719;101;AGOSTO;1 AL 6;15;WARNES;2397;FINALIZADO;WARNES AV. 2397;2397 WARNES AV.
-58.4778642923114;-34.5972913633609;102;AGOSTO;1 AL 6;15;CHORROARIN;187;FINALIZADO;CHORROARIN 187;187 CHORROARIN
-58.4769855905894;-34.5950070004219;103;AGOSTO;1 AL 6;15;CHORROARIN;305;FINALIZADO;CHORROARIN AV. 305;305 CHORROARIN AV.
-58.4663838137722;-34.5783461747758;104;AGOSTO;1 AL 6;15;TRONADOR;1398;FINALIZADO;TRONADOR 1398;1398 TRONADOR
-58.466212622054;-34.5783149807819;105;AGOSTO;1 AL 6;15;TRONADOR;1395;FINALIZADO;TRONADOR 1395;1395 TRONADOR
-58.4664113811006;-34.5782994554337;106;AGOSTO;1 AL 6;15;TRONADOR;1402;FINALIZADO;TRONADOR 1402;1402 TRONADOR
-58.4632649916804;-34.5766296461109;107;AGOSTO;1 AL 6;15;ZARRAGA;3602;FINALIZADO;ZARRAGA 3602;3602 ZARRAGA
-58.4633642844533;-34.5765110804194;108;AGOSTO;1 AL 6;15;ZARRAGA;3601;FINALIZADO;ZARRAGA 3601;3601 ZARRAGA
-58.4631920066846;-34.5765878213791;109;AGOSTO;1 AL 6;15;ZARRAGA;3598;FINALIZADO;ZARRAGA 3598;3598 ZARRAGA
-58.4633133799098;-34.5764819118712;110;AGOSTO;1 AL 6;15;ZARRAGA;3599;FINALIZADO;ZARRAGA 3599;3599 ZARRAGA
-58.4618973904469;-34.5782147015286;111;AGOSTO;1 AL 6;15;ALVAREZ THOMAS;1407;FINALIZADO;ALVAREZ THOMAS AV. 1407;1407 ALVAREZ THOMAS AV.
-58.4616557296114;-34.5783501906339;112;AGOSTO;1 AL 6;15;ALVAREZ THOMAS;1394;FINALIZADO;ALVAREZ THOMAS AV. 1394;1394 ALVAREZ THOMAS AV.
-58.4617987206485;-34.5783522363134;113;AGOSTO;1 AL 6;15;ALVAREZ THOMAS;1402;FINALIZADO;ALVAREZ THOMAS AV. 1402;1402 ALVAREZ THOMAS AV.
-58.4646622047622;-34.5787871914612;114;AGOSTO;1 AL 6;15;ALVAREZ THOMAS;1602;FINALIZADO;ALVAREZ THOMAS AV. 1602;1602 ALVAREZ THOMAS AV.
-58.4536596086046;-34.5967232283393;115;AGOSTO;1 AL 6;15;HUARA;1489;FINALIZADO;HUAURA 1489;1489 HUAURA
-58.4525840417231;-34.5981797430666;116;AGOSTO;1 AL 6;15;HUARA;1312;FINALIZADO;HUAURA 1312;1312 HUAURA
-58.4523811831641;-34.5981645890523;117;AGOSTO;1 AL 6;15;HUARA;1301;FINALIZADO;HUAURA 1301;1301 HUAURA
-58.4539571580894;-34.5966042159018;118;AGOSTO;1 AL 6;15;GIRARDOT;24;FINALIZADO;GIRARDOT 24;24 GIRARDOT
-58.4470318203675;-34.5943385128271;119;AGOSTO;1 AL 6;15;CAMARGO;1296;FINALIZADO;CAMARGO 1296;1296 CAMARGO
-58.4513621294833;-34.5891465378542;120;AGOSTO;1 AL 6;15;JORGE NEWBERY;4151;FINALIZADO;NEWBERY, JORGE AV. 4151;4151 NEWBERY, JORGE AV.
-58.4571714629131;-34.5945800647607;121;AGOSTO;1 AL 6;15;JORGE NEWBERY;4733;FINALIZADO;NEWBERY, JORGE AV. 4733;4733 NEWBERY, JORGE AV.
-58.455918779119;-34.5935027849248;122;AGOSTO;1 AL 6;15;JORGE NEWBERY Y CALDAS;;FINALIZADO;NEWBERY, JORGE AV. Y CALDAS;NEWBERY, JORGE AV. & CALDAS
-58.4568077235128;-34.5943442027644;123;AGOSTO;1 AL 6;15;JORGE NEWBERY Y GIRARDOT;;FINALIZADO;NEWBERY, JORGE AV. Y GIRARDOT;NEWBERY, JORGE AV. & GIRARDOT
-58.4045203278971;-34.6047328605873;124;AGOSTO;8 AL 13;2 Y 3;CORRIENTES;2702;FINALIZADO;CORRIENTES AV. 2702;2702 CORRIENTES AV.
-58.4011550251422;-34.5995473021282;125;AGOSTO;8 AL 13;2 Y 3;CORDOBA;2404;FINALIZADO;CORDOBA AV. 2404;2404 CORDOBA AV.
-58.4021437862756;-34.5976648785076;126;AGOSTO;8 AL 13;2 Y 3;LARREA;906;FINALIZADO;LARREA 906;906 LARREA
-58.4010486892606;-34.5947266342911;127;AGOSTO;8 AL 13;2 Y 3;SANTA FE;2399;FINALIZADO;SANTA FE AV. 2399;2399 SANTA FE AV.
-58.4070933502981;-34.5916035655498;128;AGOSTO;8 AL 13;2 Y 3;SANTA FE;2901;FINALIZADO;SANTA FE AV. 2901;2901 SANTA FE AV.
-58.4594575427899;-34.6454138121217;129;AGOSTO;8 AL 13;7;ZUVIRIA;2987;FINALIZADO;ZUVIRIA 2987;2987 ZUVIRIA
-58.4594481218136;-34.6455525986173;130;AGOSTO;8 AL 13;7;LAFUENTE;1302;FINALIZADO;LAFUENTE AV. 1302;1302 LAFUENTE AV.
-58.4621844343838;-34.6476512511962;131;AGOSTO;8 AL 13;7;ZUVIRIA;3254;FINALIZADO;ZUVIRIA 3254;3254 ZUVIRIA
-58.4621021572404;-34.6475790583654;132;AGOSTO;8 AL 13;7;ZUVIRIA;3246;FINALIZADO;ZUVIRIA 3246;3246 ZUVIRIA
-58.460646648479;-34.6462820903856;133;AGOSTO;8 AL 13;7;ZUVIRIA;3075;FINALIZADO;ZUVIRIA 3075;3075 ZUVIRIA
-58.4605957894857;-34.6479661034406;134;AGOSTO;8 AL 13;7;CRISOSTOMO ALVAREZ;3196;FINALIZADO;ALVAREZ, CRISOSTOMO 3196;3196 ALVAREZ, CRISOSTOMO
-58.4606848267137;-34.6478371149865;135;AGOSTO;8 AL 13;7;CRISOSTOMO ALVAREZ;3191;FINALIZADO;ALVAREZ, CRISOSTOMO 3191;3191 ALVAREZ, CRISOSTOMO
-58.4608406636033;-34.6479572482153;136;AGOSTO;8 AL 13;7;PORTELA;1595;FINALIZADO;PORTELA 1595;1595 PORTELA
-58.4612490939795;-34.6483092016449;137;AGOSTO;8 AL 13;7;CRISOSTOMO ALVAREZ;3249;FINALIZADO;ALVAREZ, CRISOSTOMO 3249;3249 ALVAREZ, CRISOSTOMO
-58.4611037450233;-34.6483921964111;138;AGOSTO;8 AL 13;7;CRISOSTOMO ALVAREZ;3248;FINALIZADO;ALVAREZ, CRISOSTOMO 3248;3248 ALVAREZ, CRISOSTOMO
-58.4614078098845;-34.6483079121275;139;AGOSTO;8 AL 13;7;DON SEGUNDO SOMBRA;1687;FINALIZADO;DON SEGUNDO SOMBRA 1687;1687 DON SEGUNDO SOMBRA
-58.4611654859806;-34.6484984768427;140;AGOSTO;8 AL 13;7;DON SEGUNDO SOMBRA;1707;FINALIZADO;DON SEGUNDO SOMBRA 1707;1707 DON SEGUNDO SOMBRA
-58.4620692203853;-34.6493178698563;141;AGOSTO;8 AL 13;7;FRANK BROWN;1709;FINALIZADO;BROWN, FRANK 1709;1709 BROWN, FRANK
-58.4620303822745;-34.6491970253229;142;AGOSTO;8 AL 13;7;CRISOSTOMO ALVAREZ;3348;FINALIZADO;ALVAREZ, CRISOSTOMO 3348;3348 ALVAREZ, CRISOSTOMO
-58.462476662092;-34.6493754153874;143;AGOSTO;8 AL 13;7;CRISOSTOMO ALVAREZ;3381;FINALIZADO;ALVAREZ, CRISOSTOMO 3381;3381 ALVAREZ, CRISOSTOMO
-58.4624966772917;-34.6496020452919;144;AGOSTO;8 AL 13;7;CRISOSTOMO ALVAREZ;3398;FINALIZADO;ALVAREZ, CRISOSTOMO 3398;3398 ALVAREZ, CRISOSTOMO
-58.4626928933225;-34.6496021158858;145;AGOSTO;8 AL 13;7;MARIANO ACOSTA;1797;FINALIZADO;ACOSTA, MARIANO 1797;1797 ACOSTA, MARIANO
-58.4586259760403;-34.6463496544853;146;AGOSTO;8 AL 13;7;LAFUENTE;1396;FINALIZADO;LAFUENTE AV. 1396;1396 LAFUENTE AV.
-58.4562360578937;-34.6494030735684;147;AGOSTO;8 AL 13;7;MANCO CAPAC;1696;FINALIZADO;MANCO CAPAC 1696;1696 MANCO CAPAC
-58.4563240514968;-34.6495349148224;148;AGOSTO;8 AL 13;7;MANCO CAPAC;1699;FINALIZADO;MANCO CAPAC 1699;1699 MANCO CAPAC
-58.4567440296672;-34.6498410043879;149;AGOSTO;8 AL 13;7;BALBASTRO;3109;FINALIZADO;BALBASTRO 3109;3109 BALBASTRO
-58.4566227596167;-34.6497374736037;150;AGOSTO;8 AL 13;7;BALBASTRO;3095;FINALIZADO;BALBASTRO 3095;3095 BALBASTRO
-58.4568113038054;-34.6483314053711;151;AGOSTO;8 AL 13;7;LAFUENTE;1595;FINALIZADO;LAFUENTE AV. 1595;1595 LAFUENTE AV.
-58.4567171395971;-34.6484705032781;152;AGOSTO;8 AL 13;7;VELAZQUEZ;3010;FINALIZADO;VELAZQUEZ 3010;3010 VELAZQUEZ
-58.4584698525101;-34.6495440588087;153;AGOSTO;8 AL 13;7;PORTELA;1800;FINALIZADO;PORTELA 1800;1800 PORTELA
-58.4586510343933;-34.649602847545;154;AGOSTO;8 AL 13;7;PORTELA;1793;FINALIZADO;PORTELA 1793;1793 PORTELA
-58.4584531149487;-34.649688318196;155;AGOSTO;8 AL 13;7;VELAZQUEZ;3202;FINALIZADO;VELAZQUEZ 3202;3202 VELAZQUEZ
-58.4583960743482;-34.6496448581277;156;AGOSTO;8 AL 13;7;VELAZQUEZ;3198;FINALIZADO;VELAZQUEZ 3198;3198 VELAZQUEZ
-58.4590665869398;-34.6499498500896;157;AGOSTO;8 AL 13;7;DON SEGUNDO SOMBRA;1894;FINALIZADO;DON SEGUNDO SOMBRA 1894;1894 DON SEGUNDO SOMBRA
-58.4591868962527;-34.6500543357475;158;AGOSTO;8 AL 13;7;DON SEGUNDO SOMBRA;1893;FINALIZADO;DON SEGUNDO SOMBRA 1893;1893 DON SEGUNDO SOMBRA
-58.4717684864404;-34.6101686037939;159;AGOSTO;8 AL 13;11;CARACAS;1829;FINALIZADO;CARACAS 1829;1829 CARACAS
-58.4778101496689;-34.6112510432119;160;AGOSTO;8 AL 13;11;CONDARCO;1879;FINALIZADO;CONDARCO 1879;1879 CONDARCO
-58.4644918020359;-34.6069080341841;161;AGOSTO;8 AL 13;11;M. TRELLES;1827;FINALIZADO;TRELLES, MANUEL R. 1827;1827 TRELLES, MANUEL R.
-58.4784462086489;-34.6199893343363;162;AGOSTO;8 AL 13;11;JUAN B JUSTO;5912;FINALIZADO;JUSTO, JUAN B. AV. 5912;5912 JUSTO, JUAN B. AV.
-58.4647043313314;-34.6155830729958;163;AGOSTO;8 AL 13;11;BOYACA;1132;FINALIZADO;BOYACA 1132;1132 BOYACA
-58.4762873600218;-34.6200382625225;164;AGOSTO;8 AL 13;11;ARGERICH;1205;FINALIZADO;ARGERICH 1205;1205 ARGERICH
-58.4672341416479;-34.6095996339656;165;AGOSTO;8 AL 13;11;ANDRES LAMAS;1699;FINALIZADO;LAMAS, ANDRES 1699;1699 LAMAS, ANDRES
-58.4676177237367;-34.6042365998929;166;AGOSTO;8 AL 13;11;SANCHEZ;2123;FINALIZADO;SANCHEZ 2123;2123 SANCHEZ
-58.476772715975;-34.6131558013009;167;AGOSTO;8 AL 13;11;CESAR DIAZ;2719;FINALIZADO;DIAZ, CESAR, GRAL. 2719;2719 DIAZ, CESAR, GRAL.
-58.5114325248665;-34.5933568489007;168;AGOSTO;8 AL 13;11;GABRIELA MISTRAL;3650;FINALIZADO;MISTRAL, GABRIELA 3650;3650 MISTRAL, GABRIELA
-58.5112614486622;-34.5930708748179;169;AGOSTO;8 AL 13;11;GABRIELA MISTRAL;3623;FINALIZADO;MISTRAL, GABRIELA 3623;3623 MISTRAL, GABRIELA
-58.5163932072528;-34.5962423704638;170;AGOSTO;8 AL 13;11;GABRIELA MISTRAL;4099;FINALIZADO;MISTRAL, GABRIELA 4099;4099 MISTRAL, GABRIELA
-58.5164225080943;-34.5962603809343;171;AGOSTO;8 AL 13;11;GABRIELA MISTRAL;4101;FINALIZADO;MISTRAL, GABRIELA 4101;4101 MISTRAL, GABRIELA
-58.5176656202813;-34.5970249400376;172;AGOSTO;8 AL 13;11;GABRIELA MISTRAL;4199;FINALIZADO;MISTRAL, GABRIELA 4199;4199 MISTRAL, GABRIELA
-58.5187910367961;-34.5978967959801;173;AGOSTO;8 AL 13;11;GABRIELA MISTRAL;4298;FINALIZADO;MISTRAL, GABRIELA 4298;4298 MISTRAL, GABRIELA
-58.5162740773486;-34.5963488546598;174;AGOSTO;8 AL 13;11;GABRIELA MISTRAL;4098;FINALIZADO;MISTRAL, GABRIELA 4098;4098 MISTRAL, GABRIELA
-58.5173172340336;-34.596990526468;175;AGOSTO;8 AL 13;11;GABRIELA MISTRAL;4172;FINALIZADO;MISTRAL, GABRIELA 4172;4172 MISTRAL, GABRIELA
-58.5175434493104;-34.5969498529062;176;AGOSTO;8 AL 13;11;GABRIELA MISTRAL;4185;FINALIZADO;MISTRAL, GABRIELA 4185;4185 MISTRAL, GABRIELA
-58.5197503292925;-34.5984912949142;177;AGOSTO;8 AL 13;11;GABRIELA MISTRAL;4374;FINALIZADO;MISTRAL, GABRIELA 4374;4374 MISTRAL, GABRIELA
-58.5154346315462;-34.596106391238;178;AGOSTO;8 AL 13;11;CHIVILCOY;4554;FINALIZADO;CHIVILCOY AV. 4554;4554 CHIVILCOY AV.
-58.5149807842497;-34.5961433782261;179;AGOSTO;8 AL 13;11;CHIVILCOY;4521;FINALIZADO;CHIVILCOY AV. 4521;4521 CHIVILCOY AV.
-58.5159934886801;-34.596605996732;180;AGOSTO;8 AL 13;11;MERCEDES;4539;FINALIZADO;MERCEDES 4539;4539 MERCEDES
-58.5162212774615;-34.5965949106953;181;AGOSTO;8 AL 13;11;MERCEDES;4550;FINALIZADO;MERCEDES 4550;4550 MERCEDES
-58.5196365658768;-34.5993640190568;182;AGOSTO;8 AL 13;11;VALLEJOS;4403;FINALIZADO;VALLEJOS 4403;4403 VALLEJOS
-58.5229202184367;-34.6026924602484;183;AGOSTO;8 AL 13;11;JOSE CUBAS;4724;FINALIZADO;CUBAS, JOSE 4724;4724 CUBAS, JOSE
-58.5225126524941;-34.6024409275167;184;AGOSTO;8 AL 13;11;JOSE CUBAS;4694;FINALIZADO;CUBAS, JOSE 4694;4694 CUBAS, JOSE
-58.5008660469241;-34.571070687221;185;AGOSTO;8 AL 13;12;AIZPURUA;3299;FINALIZADO;AIZPURUA 3299;3299 AIZPURUA
-58.5009130394349;-34.5710123216377;186;AGOSTO;8 AL 13;12;AIZPURUA;3301;FINALIZADO;AIZPURUA 3301;3301 AIZPURUA
-58.4960392682244;-34.5773208382342;187;AGOSTO;8 AL 13;12;AIZPURUA;2602;FINALIZADO;AIZPURUA 2602;2602 AIZPURUA
-58.4959898633247;-34.577382329873;188;AGOSTO;8 AL 13;12;AIZPURUA;2598;FINALIZADO;AIZPURUA 2598;2598 AIZPURUA
-58.493714605611;-34.5799067241824;189;AGOSTO;8 AL 13;12;AIZPURUA;2299;FINALIZADO;AIZPURUA 2299;2299 AIZPURUA
-58.4938988756143;-34.5799411812952;190;AGOSTO;8 AL 13;12;AIZPURUA;2302;FINALIZADO;AIZPURUA 2302;2302 AIZPURUA
-58.4937566610257;-34.5798577111203;191;AGOSTO;8 AL 13;12;AIZPURUA;2301;FINALIZADO;AIZPURUA 2301;2301 AIZPURUA
-58.4987734501737;-34.5755929380588;192;AGOSTO;8 AL 13;12;ACHEGA;2901;FINALIZADO;ACHEGA 2901;2901 ACHEGA
-58.4989189560959;-34.5756724202286;193;AGOSTO;8 AL 13;12;ACHEGA;2902;FINALIZADO;ACHEGA 2902;2902 ACHEGA
-58.4971729296573;-34.6297046326368;194;AGOSTO;8 AL 13;14;BELAUSTEGUI Y CASTELAR;;FINALIZADO;BELAUSTEGUI, LUIS, DR. Y CASTELAR, EMILIO;BELAUSTEGUI, LUIS, DR. & CASTELAR, EMILIO
-58.4696956729452;-34.624501736976;195;AGOSTO;8 AL 13;14;ARANGUREN;2724;FINALIZADO;ARANGUREN, JUAN F., DR. 2724;2724 ARANGUREN, JUAN F., DR.
-58.499069422447;-34.632589028479;196;AGOSTO;8 AL 13;14;DEL CORRO;602;FINALIZADO;CORRO, MIGUEL C. DEL, CANONIGO AV. 602;602 CORRO, MIGUEL C. DEL, CANONIGO AV.
-58.4989449542359;-34.6324879458921;197;AGOSTO;8 AL 13;14;DEL CORRO;601;FINALIZADO;CORRO, MIGUEL C. DEL, CANONIGO AV. 601;601 CORRO, MIGUEL C. DEL, CANONIGO AV.
-58.4986438351312;-34.6329250971409;198;AGOSTO;8 AL 13;14;DEL CORRO;544;FINALIZADO;CORRO, MIGUEL C. DEL, CANONIGO AV. 544;544 CORRO, MIGUEL C. DEL, CANONIGO AV.
-58.4976248712138;-34.6328259466764;199;AGOSTO;8 AL 13;14;ARANGUREN;5011;FINALIZADO;ARANGUREN, JUAN F., DR. 5011;5011 ARANGUREN, JUAN F., DR.
-58.4974950222609;-34.6328672516511;200;AGOSTO;8 AL 13;14;ARANGUREN Y DE LA BARCA;;FINALIZADO;ARANGUREN, JUAN F., DR. Y CALDERON DE LA BARCA, PEDRO;ARANGUREN, JUAN F., DR. & CALDERON DE LA BARCA, PEDRO
-58.4988479591203;-34.633843102798;201;AGOSTO;8 AL 13;14;SARACHAGA;5210;FINALIZADO;SARACHAGA 5210;5210 SARACHAGA
-58.4988031245391;-34.6337065788176;202;AGOSTO;8 AL 13;14;SARACHAGA Y MILTON 404;;FINALIZADO;MILTON 404;404 MILTON
-58.4986872331272;-34.6336763375376;203;AGOSTO;8 AL 13;14;SARACHAGA;5199;FINALIZADO;SARACHAGA 5199;5199 SARACHAGA
-58.498612418195;-34.6337759848802;204;AGOSTO;8 AL 13;14;SARACHAGA Y MILTON 399;;FINALIZADO;MILTON 399;399 MILTON
-58.501691571314;-34.6342107727057;205;AGOSTO;8 AL 13;14;SARACHAGA;5406;FINALIZADO;SARACHAGA 5406;5406 SARACHAGA
-58.5015363849195;-34.634190707675;206;AGOSTO;8 AL 13;14;SARACHAGA;5398;FINALIZADO;SARACHAGA 5398;5398 SARACHAGA
-58.501591296801;-34.6340518234057;207;AGOSTO;8 AL 13;14;SARACHAGA;5399;FINALIZADO;SARACHAGA 5399;5399 SARACHAGA
-58.5016716548063;-34.6340622129289;208;AGOSTO;8 AL 13;14;SARACHAGA;5401;FINALIZADO;SARACHAGA 5401;5401 SARACHAGA
-58.5012911426093;-34.6352481213406;209;AGOSTO;8 AL 13;14;BACACAY;5295;FINALIZADO;BACACAY 5295;5295 BACACAY
-58.5013198319976;-34.6353978557881;210;AGOSTO;8 AL 13;14;BACACAY;5300;FINALIZADO;BACACAY 5300;5300 BACACAY
-58.501865904212;-34.6329257875462;211;AGOSTO;8 AL 13;14;MORON Y VIRGILIO;;FINALIZADO;MORON Y VIRGILIO;MORON & VIRGILIO
-58.5103155333662;-34.6381183724306;212;AGOSTO;8 AL 13;14;YERBAL Y SAENZ VALIENTE;;FINALIZADO;YERBAL Y SAENZ VALIENTE, ANSELMO;YERBAL & SAENZ VALIENTE, ANSELMO
-58.4053395431849;-34.5998382081601;213;AGOSTO;16 AL 20;2 Y 3;SAN LUIS;2802;FINALIZADO;SAN LUIS 2802;2802 SAN LUIS
-58.4054130877254;-34.5996842887643;214;AGOSTO;16 AL 20;2 Y 3;SAN LUIS;2811;FINALIZADO;SAN LUIS 2811;2811 SAN LUIS
-58.4103088733056;-34.5993377515237;215;AGOSTO;16 AL 20;2 Y 3;SAN LUIS;3187;FINALIZADO;SAN LUIS 3187;3187 SAN LUIS
-58.4086003239029;-34.5995865814533;216;AGOSTO;16 AL 20;2 Y 3;SAN LUIS;3096;FINALIZADO;SAN LUIS 3096;3096 SAN LUIS
-58.4163578701206;-34.6508236221256;218;AGOSTO;16 AL 20;2 Y 3;SAENZ ESQ VENTANA;;FINALIZADO;SAENZ AV. Y VENTANA;SAENZ AV. & VENTANA
-58.4163701144167;-34.6520181204413;219;AGOSTO;16 AL 20;2 Y 3;SAENZ ESQ TRAFUL;;FINALIZADO;SAENZ AV. Y TRAFUL;SAENZ AV. & TRAFUL
-58.4718273304562;-34.6092035826442;220;AGOSTO;16 AL 20;4;MAGARIÑOS CERVANTES Y EL METODO;;FINALIZADO;MAGARIÑOS CERVANTES, A. Y EL METODO;MAGARIÑOS CERVANTES, A. & EL METODO
-58.4687527366334;-34.6077498474951;221;AGOSTO;16 AL 20;4;MAGARIÑOS CERVANTES Y ANDRES LAMAS;;FINALIZADO;MAGARIÑOS CERVANTES, A. Y LAMAS, ANDRES;MAGARIÑOS CERVANTES, A. & LAMAS, ANDRES
-58.4748597483012;-34.6150864891348;222;AGOSTO;16 AL 20;4;BELAUSTEGUI Y CONDARCO;;FINALIZADO;BELAUSTEGUI, LUIS, DR. Y CONDARCO;BELAUSTEGUI, LUIS, DR. & CONDARCO
-58.4612087527679;-34.61330455702;223;AGOSTO;16 AL 20;4;APOLINARIO FIGUEROA Y M TRELLES;;FINALIZADO;FIGUEROA, D. APOLINARIO, CORONEL Y TRELLES, MANUEL R.;FIGUEROA, D. APOLINARIO, CORONEL & TRELLES, MANUEL R.
-58.5199026972349;-34.6126526127345;224;AGOSTO;16 AL 20;4;P VARELA Y YUGOSLAVIA;;FINALIZADO;VARELA, JOSE PEDRO Y YUGOSLAVIA;VARELA, JOSE PEDRO & YUGOSLAVIA
-58.455973700648;-34.6491384502499;225;AGOSTO;16 AL 20;7;LAFUENTE;1691;FINALIZADO;LAFUENTE AV. 1691;1691 LAFUENTE AV.
-58.4558515010793;-34.6492383947575;226;AGOSTO;16 AL 20;7;LAFUENTE;1701;FINALIZADO;LAFUENTE AV. 1701;1701 LAFUENTE AV.
-58.4565600023746;-34.6498912647126;227;AGOSTO;16 AL 20;7;BALBASTRO;3102;FINALIZADO;BALBASTRO 3102;3102 BALBASTRO
-58.4583384777562;-34.6513072855699;228;AGOSTO;16 AL 20;7;BALBASTRO;3297;FINALIZADO;BALBASTRO 3297;3297 BALBASTRO
-58.4584998408131;-34.651446906987;229;AGOSTO;16 AL 20;7;BALBASTRO;3311;FINALIZADO;BALBASTRO 3311;3311 BALBASTRO
-58.459266767956;-34.6521105049363;230;AGOSTO;16 AL 20;7;BALBASTRO;3399;FINALIZADO;BALBASTRO 3399;3399 BALBASTRO
-58.4602690614857;-34.6512571760867;231;AGOSTO;16 AL 20;7;VELAZQUEZ;3394;FINALIZADO;VELAZQUEZ 3394;3394 VELAZQUEZ
-58.4578033979796;-34.6473696026821;232;AGOSTO;16 AL 20;7;LAFUENTE;1493;FINALIZADO;LAFUENTE AV. 1493;1493 LAFUENTE AV.
-58.4601232861763;-34.6491277532328;233;AGOSTO;16 AL 20;7;SANTANDER;3245;FINALIZADO;SANTANDER 3245;3245 SANTANDER
-58.4595036533497;-34.6488115257458;234;AGOSTO;16 AL 20;7;SANTANDER;3198;FINALIZADO;SANTANDER 3198;3198 SANTANDER
-58.4595861731835;-34.6489000670979;235;AGOSTO;16 AL 20;9;PORTELA;1705;FINALIZADO;PORTELA 1705;1705 PORTELA
-58.4596414958439;-34.6486635389842;236;AGOSTO;16 AL 20;9;PORTELA;1694;FINALIZADO;PORTELA 1694;1694 PORTELA
-58.459957133944;-34.6491926365867;237;AGOSTO;16 AL 20;9;SANTANDER;3242;FINALIZADO;SANTANDER 3242;3242 SANTANDER
-58.460158450123;-34.6493677073157;238;AGOSTO;16 AL 20;9;SANTANDER;3262;FINALIZADO;SANTANDER 3262;3262 SANTANDER
-58.4601705518801;-34.6490817465569;239;AGOSTO;16 AL 20;9;DON SEGUNDO SOMBRA;1792;FINALIZADO;DON SEGUNDO SOMBRA 1792;1792 DON SEGUNDO SOMBRA
-58.4602700355624;-34.6492026099643;240;AGOSTO;16 AL 20;9;DON SEGUNDO SOMBRA;1793;FINALIZADO;DON SEGUNDO SOMBRA 1793;1793 DON SEGUNDO SOMBRA
-58.4605812770901;-34.6495423614101;241;AGOSTO;16 AL 20;9;PERGAMINO;1798;FINALIZADO;PERGAMINO 1798;1798 PERGAMINO
-58.4606648574946;-34.6495987080659;242;AGOSTO;16 AL 20;9;SANTANDER;3301;FINALIZADO;SANTANDER 3301;3301 SANTANDER
-58.460454995059;-34.649625581295;243;AGOSTO;16 AL 20;9;SANTANDER;3294;FINALIZADO;SANTANDER 3294;3294 SANTANDER
-58.4605914230168;-34.6497442201249;244;AGOSTO;16 AL 20;9;SANTANDER;3308;FINALIZADO;SANTANDER 3308;3308 SANTANDER
-58.461089491177;-34.6499679729158;245;AGOSTO;16 AL 20;9;SANTANDER;3349;FINALIZADO;SANTANDER 3349;3349 SANTANDER
-58.4608922068898;-34.6500057832403;246;AGOSTO;16 AL 20;9;SANTANDER;3342;FINALIZADO;SANTANDER 3342;3342 SANTANDER
-58.4673923125976;-34.5630150356709;247;AGOSTO;16 AL 20;9;RAMON FREIRE;2491;FINALIZADO;FREIRE, RAMON, CAP. GRAL. 2491;2491 FREIRE, RAMON, CAP. GRAL.
-58.4696348213994;-34.5642512639223;248;AGOSTO;16 AL 20;9;MONROE;3399;FINALIZADO;MONROE AV. 3399;3399 MONROE AV.
-58.4696896832058;-34.5642870408743;249;AGOSTO;16 AL 20;9;MONROE;3401;FINALIZADO;MONROE AV. 3401;3401 MONROE AV.
-58.4704682838738;-34.5647947489591;250;AGOSTO;16 AL 20;9;MONROE;3499;FINALIZADO;MONROE AV. 3499;3499 MONROE AV.
-58.4705206840541;-34.5648289141543;251;AGOSTO;16 AL 20;9;MONROE;3501;FINALIZADO;MONROE AV. 3501;3501 MONROE AV.
-58.4709644552189;-34.5651097907892;252;AGOSTO;16 AL 20;9;MONROE;3551;FINALIZADO;MONROE AV. 3551;3551 MONROE AV.
-58.4808067549643;-34.5556800210889;253;AGOSTO;16 AL 20;9;WASHINGTON;3616;FINALIZADO;WASHINGTON 3616;3616 WASHINGTON
-58.4682337139888;-34.5620436340411;254;AGOSTO;16 AL 20;9;RAMON FREIRE;2599;FINALIZADO;FREIRE, RAMON, CAP. GRAL. 2599;2599 FREIRE, RAMON, CAP. GRAL.
-58.468345209174;-34.5621625349832;255;AGOSTO;16 AL 20;9;RAMON FREIRE;2596;FINALIZADO;FREIRE, RAMON, CAP. GRAL. 2596;2596 FREIRE, RAMON, CAP. GRAL.
-58.468420041571;-34.5620761368053;256;AGOSTO;16 AL 20;9;RAMON FREIRE;2602;FINALIZADO;FREIRE, RAMON, CAP. GRAL. 2602;2602 FREIRE, RAMON, CAP. GRAL.
-58.4676085903658;-34.5616381618351;257;AGOSTO;16 AL 20;9;BALBIN;2599;FINALIZADO;BALBIN, RICARDO, DR. AV. 2599;2599 BALBIN, RICARDO, DR. AV.
-58.4678792212045;-34.5617119688693;258;AGOSTO;16 AL 20;9;ROOSEVELT;3161;FINALIZADO;ROOSEVELT FRANKLIN D. 3161;3161 ROOSEVELT FRANKLIN D.
-58.4665460129517;-34.5611202168428;259;AGOSTO;16 AL 20;9;ROOSEVELT;3050;FINALIZADO;ROOSEVELT FRANKLIN D. 3050;3050 ROOSEVELT FRANKLIN D.
-58.4678524045439;-34.5605101672454;260;AGOSTO;16 AL 20;9;PEDRO RIVERA;3105;FINALIZADO;RIVERA, PEDRO I., DR. 3105;3105 RIVERA, PEDRO I., DR.
-58.4677182502685;-34.5604352030334;261;AGOSTO;16 AL 20;9;ZAPIOLA;2705;FINALIZADO;ZAPIOLA 2705;2705 ZAPIOLA
-58.4675130000425;-34.5606639269833;262;AGOSTO;16 AL 20;9;ZAPIOLA;2679;FINALIZADO;ZAPIOLA 2679;2679 ZAPIOLA
-58.4677068051835;-34.5606899238751;263;AGOSTO;16 AL 20;9;ZAPIOLA;2688;FINALIZADO;ZAPIOLA 2688;2688 ZAPIOLA
-58.4688359429613;-34.5610170370805;264;AGOSTO;16 AL 20;9;RAMON FREIRE;2710;FINALIZADO;FREIRE, RAMON, CAP. GRAL. 2710;2710 FREIRE, RAMON, CAP. GRAL.
-58.4690340437227;-34.5613420260896;265;AGOSTO;16 AL 20;9;PEDRO RIVERA;3204;FINALIZADO;RIVERA, PEDRO I., DR. 3204;3204 RIVERA, PEDRO I., DR.
-58.4639867415114;-34.5583457511184;266;AGOSTO;16 AL 20;9;PEDRO RIVERA;2699;FINALIZADO;RIVERA, PEDRO I., DR. 2699;2699 RIVERA, PEDRO I., DR.
-58.4721740642898;-34.5631082224404;267;AGOSTO;16 AL 20;9;PEDRO RIVERA;3502;FINALIZADO;RIVERA, PEDRO I., DR. 3502;3502 RIVERA, PEDRO I., DR.
-58.4731122726658;-34.563636795131;268;AGOSTO;16 AL 20;9;PEDRO RIVERA;3602;FINALIZADO;RIVERA, PEDRO I., DR. 3602;3602 RIVERA, PEDRO I., DR.
-58.5231675563508;-34.6017202022729;269;AGOSTO;16 AL 20;11;VALLEJOS;4694;FINALIZADO;VALLEJOS 4694;4694 VALLEJOS
-58.5221491372812;-34.6009154658427;270;AGOSTO;16 AL 20;11;VALLEJOS;4601;FINALIZADO;VALLEJOS 4601;4601 VALLEJOS
-58.4644918020359;-34.6069080341841;271;AGOSTO;16 AL 20;11;MANUEL TRELLES;1827;FINALIZADO;TRELLES, MANUEL R. 1827;1827 TRELLES, MANUEL R.
-58.5114325248665;-34.5933568489007;272;AGOSTO;16 AL 20;11;GABRIELA MISTRAL;3650;FINALIZADO;MISTRAL, GABRIELA 3650;3650 MISTRAL, GABRIELA
-58.5112614486622;-34.5930708748179;273;AGOSTO;16 AL 20;11;GABRIELA MISTRAL;3623;FINALIZADO;MISTRAL, GABRIELA 3623;3623 MISTRAL, GABRIELA
-58.5163932072528;-34.5962423704638;274;AGOSTO;16 AL 20;11;GABRIELA MISTRAL;4099;FINALIZADO;MISTRAL, GABRIELA 4099;4099 MISTRAL, GABRIELA
-58.5164225080943;-34.5962603809343;275;AGOSTO;16 AL 20;11;GABRIELA MISTRAL;4101;FINALIZADO;MISTRAL, GABRIELA 4101;4101 MISTRAL, GABRIELA
-58.5176656202813;-34.5970249400376;276;AGOSTO;16 AL 20;11;GABRIELA MISTRAL;4199;FINALIZADO;MISTRAL, GABRIELA 4199;4199 MISTRAL, GABRIELA
-58.5187910367961;-34.5978967959801;277;AGOSTO;16 AL 20;11;GABRIELA MISTRAL;4298;FINALIZADO;MISTRAL, GABRIELA 4298;4298 MISTRAL, GABRIELA
-58.5189864505045;-34.5978376813874;278;AGOSTO;16 AL 20;11;GABRIELA MISTRAL;4301;FINALIZADO;MISTRAL, GABRIELA 4301;4301 MISTRAL, GABRIELA
-58.5198790531615;-34.5983908280768;279;AGOSTO;16 AL 20;11;GABRIELA MISTRAL;4399;FINALIZADO;MISTRAL, GABRIELA 4399;4399 MISTRAL, GABRIELA
-58.5198124388578;-34.5985297879165;280;AGOSTO;16 AL 20;11;GABRIELA MISTRAL;4378;FINALIZADO;MISTRAL, GABRIELA 4378;4378 MISTRAL, GABRIELA
-58.5201580221387;-34.598744041372;281;AGOSTO;16 AL 20;11;GABRIELA MISTRAL;4402;FINALIZADO;MISTRAL, GABRIELA 4402;4402 MISTRAL, GABRIELA
-58.5212764098818;-34.5994342689236;282;AGOSTO;16 AL 20;11;GABRIELA MISTRAL;4494;FINALIZADO;MISTRAL, GABRIELA 4494;4494 MISTRAL, GABRIELA
-58.5214293294188;-34.5993486557254;283;AGOSTO;16 AL 20;11;GABRIELA MISTRAL;4497;FINALIZADO;MISTRAL, GABRIELA 4497;4497 MISTRAL, GABRIELA
-58.5229202184367;-34.6026924602484;284;AGOSTO;16 AL 20;11;JOSE CUBAS;4724;FINALIZADO;CUBAS, JOSE 4724;4724 CUBAS, JOSE
-58.5225126524941;-34.6024409275167;285;AGOSTO;16 AL 20;11;JOSE CUBAS;4694;FINALIZADO;CUBAS, JOSE 4694;4694 CUBAS, JOSE
-58.4887606723639;-34.558416425012;286;AGOSTO;16 AL 20;12;MARIANO ACHA;3695;FINALIZADO;ACHA, MARIANO, GRAL. 3695;3695 ACHA, MARIANO, GRAL.
-58.4889117129142;-34.5584884546885;287;AGOSTO;16 AL 20;12;MARIANO ACHA;3696;FINALIZADO;ACHA, MARIANO, GRAL. 3696;3696 ACHA, MARIANO, GRAL.
-58.4906152184681;-34.5593076799024;288;AGOSTO;16 AL 20;12;JARAMILLO;4790;FINALIZADO;JARAMILLO 4790;4790 JARAMILLO
-58.4907570803429;-34.5592089077963;289;AGOSTO;16 AL 20;12;JARAMILLO;4795;FINALIZADO;JARAMILLO 4795;4795 JARAMILLO
-58.4996782640365;-34.5747213253842;290;AGOSTO;16 AL 20;12;ACHEGA;3002;FINALIZADO;ACHEGA 3002;3002 ACHEGA
-58.4995327550609;-34.5746418474089;291;AGOSTO;16 AL 20;12;ACHEGA;3001;FINALIZADO;ACHEGA 3001;3001 ACHEGA
-58.5002206915546;-34.5737812448031;292;AGOSTO;16 AL 20;12;ACHEGA;3095;FINALIZADO;ACHEGA 3095;3095 ACHEGA
-58.5003804622398;-34.5738430435105;293;AGOSTO;16 AL 20;12;ACHEGA;3098;FINALIZADO;ACHEGA 3098;3098 ACHEGA
-58.5258855957418;-34.632957004209;294;AGOSTO;16 AL 20;14;MADERO;560;FINALIZADO;MADERO 560;560 MADERO
-58.5029430649438;-34.6428365186769;295;AGOSTO;16 AL 20;14;ARAUJO;503;FINALIZADO;ARAUJO 503;503 ARAUJO
-58.5030365223947;-34.6427660025452;296;AGOSTO;16 AL 20;14;ARAUJO;499;FINALIZADO;ARAUJO 499;499 ARAUJO
-58.5029416929165;-34.642642257448;297;AGOSTO;16 AL 20;14;ARAUJO;498;FINALIZADO;ARAUJO 498;498 ARAUJO
-58.502847923416;-34.6427130096441;298;AGOSTO;16 AL 20;14;ARAUJO;502;FINALIZADO;ARAUJO 502;502 ARAUJO
-58.5269207089461;-34.6346829728346;299;AGOSTO;16 AL 20;14;GANA Y JUAN B JUSTO;;FINALIZADO;GANA Y JUSTO, JUAN B. AV.;GANA & JUSTO, JUAN B. AV.
-58.5272149784797;-34.6321190724312;300;AGOSTO;16 AL 20;14;GANA Y MARIANO GAMBOA;;FINALIZADO;GANA Y GAMBOA, MARCELO;GANA & GAMBOA, MARCELO
-58.5254551659989;-34.6331626496339;301;AGOSTO;16 AL 20;14;FRAGUEIRO;503;FINALIZADO;FRAGUEIRO 503;503 FRAGUEIRO
-58.5255373017446;-34.6333085809762;302;AGOSTO;16 AL 20;14;FRAGUEIRO;490;FINALIZADO;FRAGUEIRO 490;490 FRAGUEIRO
-58.5253053062631;-34.63354830042;303;AGOSTO;16 AL 20;14;FRAGUEIRO;474;FINALIZADO;FRAGUEIRO 474;474 FRAGUEIRO
-58.5203358433376;-34.63278297341;304;AGOSTO;16 AL 20;14;ALVAREZ JONTE;6305;FINALIZADO;ALVAREZ JONTE AV. 6305;6305 ALVAREZ JONTE AV.
-58.5202834116055;-34.6327222380399;305;AGOSTO;16 AL 20;14;ALVAREZ JONTE;6299;FINALIZADO;ALVAREZ JONTE AV. 6299;6299 ALVAREZ JONTE AV.
-58.5281247289283;-34.6347726824622;306;AGOSTO;16 AL 20;14;CUSCO;407;FINALIZADO;CUZCO 407;407 CUZCO
-58.5282954697679;-34.6348248146079;307;AGOSTO;16 AL 20;14;CUSCO;402;FINALIZADO;CUZCO 402;402 CUZCO
-58.5282066452467;-34.6348423645644;308;AGOSTO;16 AL 20;14;CUSCO Y JUAN B JUSTO;;FINALIZADO;CUZCO Y JUSTO, JUAN B. AV.;CUZCO & JUSTO, JUAN B. AV.
-58.5206819868752;-34.6308228669181;309;AGOSTO;16 AL 20;14;MARIANO GAMBOA;6190;FINALIZADO;GAMBOA, MARCELO 6190;6190 GAMBOA, MARCELO
-58.5196597775215;-34.6306095865273;310;AGOSTO;16 AL 20;14;MARIANO GAMBOA;6102;FINALIZADO;GAMBOA, MARCELO 6102;6102 GAMBOA, MARCELO
-58.5195221892232;-34.6306383383823;311;AGOSTO;16 AL 20;14;LISBOA;591;FINALIZADO;LISBOA 591;591 LISBOA
-58.5297235172927;-34.6289982437528;312;AGOSTO;16 AL 20;14;FRAGUEIRO;896;FINALIZADO;FRAGUEIRO 896;896 FRAGUEIRO
-58.5239692490393;-34.6315065098159;313;AGOSTO;16 AL 20;14;MARIANO GAMBOA;6510;FINALIZADO;GAMBOA, MARCELO 6510;6510 GAMBOA, MARCELO
-58.5236395093969;-34.6312881642758;314;AGOSTO;16 AL 20;14;MARIANO GAMBOA;6498;FINALIZADO;GAMBOA, MARCELO 6498;6498 GAMBOA, MARCELO
-58.5236824273971;-34.6312968727573;315;AGOSTO;16 AL 20;14;MARIANO GAMBOA;6490;FINALIZADO;GAMBOA, MARCELO 6490;6490 GAMBOA, MARCELO
-58.5268875356361;-34.6321245187996;316;AGOSTO;16 AL 20;14;MARIANO GAMBOA;6772;FINALIZADO;GAMBOA, MARCELO 6772;6772 GAMBOA, MARCELO
-58.5266892648091;-34.6319339124855;317;AGOSTO;16 AL 20;14;MARIANO GAMBOA;6749;FINALIZADO;GAMBOA, MARCELO 6749;6749 GAMBOA, MARCELO
-58.5266860498517;-34.6320076572437;318;AGOSTO;16 AL 20;14;MARIANO GAMBOA Y FRAGUEIRO;;FINALIZADO;GAMBOA, MARCELO Y FRAGUEIRO;GAMBOA, MARCELO & FRAGUEIRO
-58.5261434857089;-34.6319677621891;319;AGOSTO;16 AL 20;14;MARIANO GAMBOA;6708;FINALIZADO;GAMBOA, MARCELO 6708;6708 GAMBOA, MARCELO
-58.5260748892875;-34.6318788870256;320;AGOSTO;16 AL 20;14;MARIANO GAMBOA Y MADERO;;FINALIZADO;GAMBOA, MARCELO Y MADERO;GAMBOA, MARCELO & MADERO
-58.525051437564;-34.631737391236;321;AGOSTO;16 AL 20;14;MARIANO GAMBOA;6608;FINALIZADO;GAMBOA, MARCELO 6608;6608 GAMBOA, MARCELO
-58.524977244122;-34.6316470509442;322;AGOSTO;16 AL 20;14;MARIANO GAMBOA Y GALLARDO;;FINALIZADO;GAMBOA, MARCELO Y GALLARDO;GAMBOA, MARCELO & GALLARDO
-58.4694336996003;-34.5949294160173;323;AGOSTO;16 AL 20;15;PAZ SOLDAN;5102;FINALIZADO;PAZ SOLDAN 5102;5102 PAZ SOLDAN
-58.4696417344896;-34.5948820191412;324;AGOSTO;16 AL 20;15;PAZ SOLDAN;5109;FINALIZADO;PAZ SOLDAN 5109;5109 PAZ SOLDAN
-58.469439861359;-34.5947491109655;325;AGOSTO;16 AL 20;15;PAZ SOLDAN;5093;FINALIZADO;PAZ SOLDAN 5093;5093 PAZ SOLDAN
-58.4693756432479;-34.5948911925773;326;AGOSTO;16 AL 20;15;PAZ SOLDAN;5100;FINALIZADO;PAZ SOLDAN 5100;5100 PAZ SOLDAN
-58.4702596716509;-34.5961966442719;327;AGOSTO;16 AL 20;15;WARNES;2397;FINALIZADO;WARNES AV. 2397;2397 WARNES AV.
-58.4734413514751;-34.5969698336626;328;AGOSTO;16 AL 20;15;WARNES;2552;FINALIZADO;WARNES AV. 2552;2552 WARNES AV.
-58.4767512607841;-34.5969906849727;329;AGOSTO;16 AL 20;15;WARNES;2707;FINALIZADO;WARNES AV. 2707;2707 WARNES AV.
-58.4769855905894;-34.5950070004219;330;AGOSTO;16 AL 20;15;CHORROARIN;305;FINALIZADO;CHORROARIN AV. 305;305 CHORROARIN AV.
-58.4782233821638;-34.598253942389;331;AGOSTO;16 AL 20;15;CHORROARIN;107;FINALIZADO;CHORROARIN 107;107 CHORROARIN
-58.4537596923182;-34.5965343650304;332;AGOSTO;16 AL 20;15;DORREGO;206;FINALIZADO;DORREGO AV. 206;206 DORREGO AV.
-58.4528530779236;-34.5959177675881;333;AGOSTO;16 AL 20;15;DORREGO;302;FINALIZADO;DORREGO AV. 302;302 DORREGO AV.
-58.4536596086046;-34.5967232283393;334;AGOSTO;16 AL 20;15;HUAURA;1489;FINALIZADO;HUAURA 1489;1489 HUAURA
-58.4525840417231;-34.5981797430666;335;AGOSTO;16 AL 20;15;HUAURA;1312;FINALIZADO;HUAURA 1312;1312 HUAURA
-58.4523811831641;-34.5981645890523;336;AGOSTO;16 AL 20;15;HUAURA;1301;FINALIZADO;HUAURA 1301;1301 HUAURA
-58.4539571580894;-34.5966042159018;337;AGOSTO;16 AL 20;15;GIRARDOT;24;FINALIZADO;GIRARDOT 24;24 GIRARDOT
-58.4696717798386;-34.5852297664767;338;AGOSTO;16 AL 20;15;GIRARDOT;;FINALIZADO;GIRARDOT;GIRARDOT
-58.4470318203675;-34.5943385128271;339;AGOSTO;16 AL 20;15;CAMARGO;1296;FINALIZADO;CAMARGO 1296;1296 CAMARGO
-58.4661678305982;-34.5750172004874;340;AGOSTO;16 AL 20;15;HEREDIA;1602;FINALIZADO;HEREDIA 1602;1602 HEREDIA
-58.466082042343;-34.575093476488;341;AGOSTO;16 AL 20;15;HEREDIA;1598;FINALIZADO;HEREDIA 1598;1598 HEREDIA
-58.465389639412;-34.5744801165289;342;AGOSTO;16 AL 20;15;14 DE JULIO;1598;FINALIZADO;14 DE JULIO 1598;1598 14 DE JULIO
-58.4652566370483;-34.5743868451728;343;AGOSTO;16 AL 20;15;14 DE JULIO;1597;FINALIZADO;14 DE JULIO 1597;1597 14 DE JULIO
-58.4654736641061;-34.5743981387802;344;AGOSTO;16 AL 20;15;14 DE JULIO;1602;FINALIZADO;14 DE JULIO 1602;1602 14 DE JULIO
-58.4659747338139;-34.574977133147;345;AGOSTO;16 AL 20;15;HEREDIA;1599;FINALIZADO;HEREDIA 1599;1599 HEREDIA
-58.4660401577077;-34.5749189626414;346;AGOSTO;16 AL 20;15;HEREDIA;1601;FINALIZADO;HEREDIA 1601;1601 HEREDIA
-58.4672011098602;-34.5738866680767;347;AGOSTO;16 AL 20;15;HEREDIA;1705;FINALIZADO;HEREDIA 1705;1705 HEREDIA
-58.4672866633779;-34.5740223539934;348;AGOSTO;16 AL 20;15;HEREDIA;1702;FINALIZADO;HEREDIA 1702;1702 HEREDIA
-58.4671986735613;-34.5741005901342;349;AGOSTO;16 AL 20;15;HEREDIA;1698;FINALIZADO;HEREDIA 1698;1698 HEREDIA
-58.4670924775298;-34.5739832584572;350;AGOSTO;16 AL 20;15;HEREDIA;1699;FINALIZADO;HEREDIA 1699;1699 HEREDIA
-58.4691080870017;-34.573581943987;351;AGOSTO;16 AL 20;15;LA PAMPA;3902;FINALIZADO;LA PAMPA 3902;3902 LA PAMPA
-58.469042712922;-34.5735446691818;352;AGOSTO;16 AL 20;15;LA PAMPA;3898;FINALIZADO;LA PAMPA 3898;3898 LA PAMPA
-58.4691579106037;-34.5734351734319;353;AGOSTO;16 AL 20;15;LA PAMPA;3899;FINALIZADO;LA PAMPA 3899;3899 LA PAMPA
-58.4692070498919;-34.5734631930356;354;AGOSTO;16 AL 20;15;LA PAMPA;3901;FINALIZADO;LA PAMPA 3901;3901 LA PAMPA
-58.4708618008355;-34.5745819083294;355;AGOSTO;16 AL 20;15;LA PAMPA;4104;FINALIZADO;LA PAMPA 4104;4104 LA PAMPA
-58.470787337742;-34.5745394516433;356;AGOSTO;16 AL 20;15;LA PAMPA;4100;FINALIZADO;LA PAMPA 4100;4100 LA PAMPA
-58.4649633345832;-34.574102604708;357;AGOSTO;16 AL 20;15;FOREST;1598;FINALIZADO;FOREST AV. 1598;1598 FOREST AV.
-58.4568077235128;-34.5943442027644;358;AGOSTO;16 AL 20;15;JORGE NEWBERY ESQ GIRARDOT;;FINALIZADO;NEWBERY, JORGE AV. Y GIRARDOT;NEWBERY, JORGE AV. & GIRARDOT
-58.455918779119;-34.5935027849248;359;AGOSTO;16 AL 20;15;JORGE NEWBERY ESQ CALDAS;;FINALIZADO;NEWBERY, JORGE AV. Y CALDAS;NEWBERY, JORGE AV. & CALDAS
-58.4571714629131;-34.5945800647607;360;AGOSTO;16 AL 20;15;JORGE NEWBERY;4733;FINALIZADO;NEWBERY, JORGE AV. 4733;4733 NEWBERY, JORGE AV.
-58.4513621294833;-34.5891465378542;361;AGOSTO;16 AL 20;15;JORGE NEWBERY;4151;FINALIZADO;NEWBERY, JORGE AV. 4151;4151 NEWBERY, JORGE AV.
-58.3889507313302;-34.6136383445681;362;AGOSTO;22 AL 27;1;BELGRANO ESQ VIRREY CEVALLOS;;FINALIZADO;BELGRANO AV. Y CEVALLOS, VIRREY;BELGRANO AV. & CEVALLOS, VIRREY
-58.3875143108362;-34.613536479362;363;AGOSTO;22 AL 27;1;BELGRANO ESQ LUIS SAENZ PEÑA;;FINALIZADO;BELGRANO AV. Y SAENZ PEÑA, LUIS, PRES.;BELGRANO AV. & SAENZ PEÑA, LUIS, PRES.
-58.3889413738853;-34.6124676630703;364;AGOSTO;22 AL 27;1;MORENO ESQ VIRREY CEVALLOS;;FINALIZADO;MORENO Y CEVALLOS, VIRREY;MORENO & CEVALLOS, VIRREY
-58.3874849439068;-34.6123785318015;365;AGOSTO;22 AL 27;1;MORENO ESQ LUIS SAENZ PEÑA;;FINALIZADO;MORENO Y SAENZ PEÑA, LUIS, PRES.;MORENO & SAENZ PEÑA, LUIS, PRES.
-58.3742448114033;-34.5810085380278;366;AGOSTO;22 AL 27;1;RAMON CASTILLO ESQANTARTIDA ARGENTINA;;FINALIZADO;CASTILLO, RAMON S., PRES. AV. Y ANTARTIDA ARGENTINA AV.;CASTILLO, RAMON S., PRES. AV. & ANTARTIDA ARGENTINA AV.
-58.394920042244;-34.6104472461776;367;AGOSTO;22 AL 27;2 Y 3;HIPOLITO YRIGOYEN;2005;FINALIZADO;YRIGOYEN, HIPOLITO 2005;2005 YRIGOYEN, HIPOLITO
-58.3973300776931;-34.6107433755794;368;AGOSTO;22 AL 27;2 Y 3;HIPOLITO YRIGOYEN;2192;FINALIZADO;YRIGOYEN, HIPOLITO 2192;2192 YRIGOYEN, HIPOLITO
-58.4115357007845;-34.6117016150598;369;AGOSTO;22 AL 27;2 Y 3;HIPOLITO YRIGOYEN;3187;FINALIZADO;YRIGOYEN, HIPOLITO 3187;3187 YRIGOYEN, HIPOLITO
-58.4086003239029;-34.5995865814533;370;AGOSTO;22 AL 27;2 Y 3;SAN LUIS;3096;FINALIZADO;SAN LUIS 3096;3096 SAN LUIS
-58.4088324299969;-34.599572527567;371;AGOSTO;22 AL 27;2 Y 3;SAN LUIS;3106;FINALIZADO;SAN LUIS 3106;3106 SAN LUIS
-58.4077830364572;-34.6010323702119;372;AGOSTO;22 AL 27;2 Y 3;TUCUMAN;3001;FINALIZADO;TUCUMAN 3001;3001 TUCUMAN
-58.407876114018;-34.6011627878405;373;AGOSTO;22 AL 27;2 Y 3;TUCUMAN;3006;FINALIZADO;TUCUMAN 3006;3006 TUCUMAN
-58.4069036927933;-34.6017024841865;374;AGOSTO;22 AL 27;2 Y 3;TUCUMAN;2898;FINALIZADO;TUCUMAN 2898;2898 TUCUMAN
-58.4058190639862;-34.6018109586919;375;AGOSTO;22 AL 27;2 Y 3;TUCUMAN;2792;FINALIZADO;TUCUMAN 2792;2792 TUCUMAN
-58.4718273304562;-34.6092035826442;376;AGOSTO;22 AL 27;4;MAGARIÑOS CERVANTES Y EL METODO;;FINALIZADO;MAGARIÑOS CERVANTES, A. Y EL METODO;MAGARIÑOS CERVANTES, A. & EL METODO
-58.4687527366334;-34.6077498474951;377;AGOSTO;22 AL 27;4;MAGARIÑOS CERVANTES Y ANDRES LAMAS;;FINALIZADO;MAGARIÑOS CERVANTES, A. Y LAMAS, ANDRES;MAGARIÑOS CERVANTES, A. & LAMAS, ANDRES
-58.4748597483012;-34.6150864891348;378;AGOSTO;22 AL 27;4;BELAUSTEGUI Y CONDARCO;;FINALIZADO;BELAUSTEGUI, LUIS, DR. Y CONDARCO;BELAUSTEGUI, LUIS, DR. & CONDARCO
-58.4965633868854;-34.6115912135306;379;AGOSTO;22 AL 27;4;ARREGUI Y SAN NICOLAS;;FINALIZADO;ARREGUI Y SAN NICOLAS;ARREGUI & SAN NICOLAS
-58.4617706072561;-34.6061195108846;380;AGOSTO;22 AL 27;4;CESAR DIAZ Y SEGUI;;FINALIZADO;DIAZ, CESAR, GRAL. Y SEGUI, F. J., ALTE.;DIAZ, CESAR, GRAL. & SEGUI, F. J., ALTE.
-58.4771282765982;-34.6077176644802;381;AGOSTO;22 AL 27;4;AGUSTIN GARCIA Y ARTIGAS;;FINALIZADO;GARCIA, JUAN AGUSTIN Y ARTIGAS, JOSE GERVASIO, GRAL.;GARCIA, JUAN AGUSTIN & ARTIGAS, JOSE GERVASIO, GRAL.
-58.4817142425401;-34.608819329704;382;AGOSTO;22 AL 27;4;ELPIDIO GONZALEZ ESQ TERRADA;;FINALIZADO;GONZALEZ, ELPIDIO Y TERRADA;GONZALEZ, ELPIDIO & TERRADA
-58.4763237828209;-34.6087222296367;383;AGOSTO;22 AL 27;4;SAN BLAS Y ARTIGAS;;FINALIZADO;SAN BLAS Y ARTIGAS, JOSE GERVASIO, GRAL.;SAN BLAS & ARTIGAS, JOSE GERVASIO, GRAL.
-58.457865530105;-34.6354196676928;384;AGOSTO;22 AL 27;5 Y 6;GREGORIO DE LAFERRERE Y MEMBRILLAR;;FINALIZADO;LAFERRERE, GREGORIO DE Y MEMBRILLAR;LAFERRERE, GREGORIO DE & MEMBRILLAR
-58.4587718053136;-34.6363827602243;385;AGOSTO;22 AL 27;5 Y 6;GREGORIO DE LAFERRERE Y RIVERA INDARTE;;FINALIZADO;LAFERRERE, GREGORIO DE Y RIVERA INDARTE AV.;LAFERRERE, GREGORIO DE & RIVERA INDARTE AV.
-58.4583907302163;-34.6448190489802;386;AGOSTO;22 AL 27;7;ZUVIRIA;2892;FINALIZADO;ZUVIRIA 2892;2892 ZUVIRIA
-58.4585512844603;-34.6447470370206;387;AGOSTO;22 AL 27;7;SAN PEDRITO;1298;FINALIZADO;SAN PEDRITO 1298;1298 SAN PEDRITO
-58.4573095856141;-34.6440202520844;388;AGOSTO;22 AL 27;7;ZUVIRIA;2790;FINALIZADO;ZUVIRIA 2790;2790 ZUVIRIA
-58.4574724513967;-34.6439471219947;389;AGOSTO;22 AL 27;7;ZUVIRIA;2793;FINALIZADO;ZUVIRIA 2793;2793 ZUVIRIA
-58.4576098468049;-34.6440486389991;390;AGOSTO;22 AL 27;7;ZUVIRIA;2801;FINALIZADO;ZUVIRIA 2801;2801 ZUVIRIA
-58.4574854666119;-34.6442199116286;391;AGOSTO;22 AL 27;7;CASTAÑON;1409;FINALIZADO;CASTAÑON 1409;1409 CASTAÑON
-58.4563081381;-34.6432902150562;392;AGOSTO;22 AL 27;7;CULPINA;1405;FINALIZADO;CULPINA 1405;1405 CULPINA
-58.456147882088;-34.6431618437151;393;AGOSTO;22 AL 27;7;ZUVIRIA;2692;FINALIZADO;ZUVIRIA 2692;2692 ZUVIRIA
-58.4564716870696;-34.6432076648208;394;AGOSTO;22 AL 27;7;ZUVIRIA;2707;FINALIZADO;ZUVIRIA 2707;2707 ZUVIRIA
-58.4563188226172;-34.6430946994912;395;AGOSTO;22 AL 27;7;ZUVIRIA;2697;FINALIZADO;ZUVIRIA 2697;2697 ZUVIRIA
-58.4588623843765;-34.6274716362161;396;AGOSTO;22 AL 27;7;RIVADAVIA;6599;FINALIZADO;RIVADAVIA AV. 6599;6599 RIVADAVIA AV.
-58.4589228892931;-34.6274965179078;397;AGOSTO;22 AL 27;7;RIVADAVIA;6601;FINALIZADO;RIVADAVIA AV. 6601;6601 RIVADAVIA AV.
-58.4699569661358;-34.6308694375004;398;AGOSTO;22 AL 27;7;RIVADAVIA;7422;FINALIZADO;RIVADAVIA AV. 7422;7422 RIVADAVIA AV.
-58.4695010429913;-34.6308088637158;399;AGOSTO;22 AL 27;7;SAN PEDRITO;8;FINALIZADO;SAN PEDRITO AV. 8;8 SAN PEDRITO AV.
-58.4696771261252;-34.6308311300402;400;AGOSTO;22 AL 27;7;SAN PEDRITO;5;FINALIZADO;SAN PEDRITO AV. 5;5 SAN PEDRITO AV.
-58.4697931940857;-34.6305719218207;401;AGOSTO;22 AL 27;7;NAZCA;12;FINALIZADO;NAZCA AV. 12;12 NAZCA AV.
-58.4696254515477;-34.6306279219924;402;AGOSTO;22 AL 27;7;RIVADAVIA;7399;FINALIZADO;RIVADAVIA AV. 7399;7399 RIVADAVIA AV.
-58.4699519606259;-34.6307162185686;403;AGOSTO;22 AL 27;7;RIVADAVIA;7417;FINALIZADO;RIVADAVIA AV. 7417;7417 RIVADAVIA AV.
-58.4673923125976;-34.5630150356709;404;AGOSTO;22 AL 27;9;RAMON FREIRE;2491;FINALIZADO;FREIRE, RAMON, CAP. GRAL. 2491;2491 FREIRE, RAMON, CAP. GRAL.
-58.4696348213994;-34.5642512639223;405;AGOSTO;22 AL 27;9;MONROE;3399;FINALIZADO;MONROE AV. 3399;3399 MONROE AV.
-58.4696896832058;-34.5642870408743;406;AGOSTO;22 AL 27;9;MONROE;3401;FINALIZADO;MONROE AV. 3401;3401 MONROE AV.
-58.4704682838738;-34.5647947489591;407;AGOSTO;22 AL 27;9;MONROE;3499;FINALIZADO;MONROE AV. 3499;3499 MONROE AV.
-58.4705206840541;-34.5648289141543;408;AGOSTO;22 AL 27;9;MONROE;3501;FINALIZADO;MONROE AV. 3501;3501 MONROE AV.
-58.4709644552189;-34.5651097907892;409;AGOSTO;22 AL 27;9;MONROE;3551;FINALIZADO;MONROE AV. 3551;3551 MONROE AV.
-58.4808067549643;-34.5556800210889;410;AGOSTO;22 AL 27;9;WASHINGTON;3616;FINALIZADO;WASHINGTON 3616;3616 WASHINGTON
-58.4682337139888;-34.5620436340411;411;AGOSTO;22 AL 27;9;RAMON FREIRE;2599;FINALIZADO;FREIRE, RAMON, CAP. GRAL. 2599;2599 FREIRE, RAMON, CAP. GRAL.
-58.468345209174;-34.5621625349832;412;AGOSTO;22 AL 27;9;RAMON FREIRE;2596;FINALIZADO;FREIRE, RAMON, CAP. GRAL. 2596;2596 FREIRE, RAMON, CAP. GRAL.
-58.468420041571;-34.5620761368053;413;AGOSTO;22 AL 27;9;RAMON FREIRE;2602;FINALIZADO;FREIRE, RAMON, CAP. GRAL. 2602;2602 FREIRE, RAMON, CAP. GRAL.
-58.4676085903658;-34.5616381618351;414;AGOSTO;22 AL 27;9;BALBIN;2599;FINALIZADO;BALBIN, RICARDO, DR. AV. 2599;2599 BALBIN, RICARDO, DR. AV.
-58.4678792212045;-34.5617119688693;415;AGOSTO;22 AL 27;9;ROOSEVELT;3161;FINALIZADO;ROOSEVELT FRANKLIN D. 3161;3161 ROOSEVELT FRANKLIN D.
-58.4665460129517;-34.5611202168428;416;AGOSTO;22 AL 27;9;ROOSEVELT;3050;FINALIZADO;ROOSEVELT FRANKLIN D. 3050;3050 ROOSEVELT FRANKLIN D.
-58.5195371830684;-34.6260188851645;417;AGOSTO;22 AL 27;10;SANTO TOME ESQ IRIGOYEN;;FINALIZADO;SANTO TOME E IRIGOYEN;SANTO TOME & IRIGOYEN
-58.5201680416044;-34.6261309162324;418;AGOSTO;22 AL 27;10;SANTO TOME ESQ RUIZ DE LOS LLANOS;;FINALIZADO;SANTO TOME Y RUIZ DE LOS LLANOS;SANTO TOME & RUIZ DE LOS LLANOS
-58.5194820715742;-34.6266582276969;419;AGOSTO;22 AL 27;10;RUIZ DE LOS LLANOS ESQ EL RECADO;;FINALIZADO;RUIZ DE LOS LLANOS Y EL RECADO;RUIZ DE LOS LLANOS & EL RECADO
-58.5251799976893;-34.6271813055506;420;AGOSTO;22 AL 27;10;SANTO TOME ESQ BARRAGAN;;FINALIZADO;SANTO TOME Y BARRAGAN;SANTO TOME & BARRAGAN
-58.525727721801;-34.6272941960384;421;AGOSTO;22 AL 27;10;SANTO TOME ESQ CANGAYE;;FINALIZADO;SANTO TOME Y CANGAYE;SANTO TOME & CANGAYE
-58.5268203694726;-34.627523212295;422;AGOSTO;22 AL 27;10;SANTO TOME ESQ COCHICO;;FINALIZADO;SANTO TOME Y COCHICO;SANTO TOME & COCHICO
-58.52791378813;-34.62775165384;423;AGOSTO;22 AL 27;10;SANTO TOME ESQ CARANDAY;;FINALIZADO;SANTO TOME Y CARANDAY;SANTO TOME & CARANDAY
-58.5285411287728;-34.6275849022393;424;AGOSTO;22 AL 27;10;SANTO TOME ESQ GANA;;FINALIZADO;SANTO TOME Y GANA;SANTO TOME & GANA
-58.5291075234037;-34.6277010790804;425;AGOSTO;22 AL 27;10;SANTO TOME ESQ CALDEN;;FINALIZADO;SANTO TOME Y CALDEN;SANTO TOME & CALDEN
-58.4642637394116;-34.6044051108067;426;AGOSTO;22 AL 27;11;DONATO ALVAREZ;2004;FINALIZADO;ALVAREZ, DONATO, TTE. GRAL. AV. 2004;2004 ALVAREZ, DONATO, TTE. GRAL. AV.
-58.464217005886;-34.6044991482747;427;AGOSTO;22 AL 27;11;DONATO ALVAREZ;2000;FINALIZADO;ALVAREZ, DONATO, TTE. GRAL. AV. 2000;2000 ALVAREZ, DONATO, TTE. GRAL. AV.
-58.5084007927185;-34.6052499540785;428;AGOSTO;22 AL 27;11;MERCEDES;3294;FINALIZADO;MERCEDES 3294;3294 MERCEDES
-58.5082903973181;-34.6051311380516;429;AGOSTO;22 AL 27;11;MERCEDES;3297;FINALIZADO;MERCEDES 3297;3297 MERCEDES
-58.5084917009091;-34.6051493027872;430;AGOSTO;22 AL 27;11;MERCEDES;3302;FINALIZADO;MERCEDES 3302;3302 MERCEDES
-58.508351937817;-34.6050630039997;431;AGOSTO;22 AL 27;11;MERCEDES;3301;FINALIZADO;MERCEDES 3301;3301 MERCEDES
-58.5009628475712;-34.571080558311;432;AGOSTO;22 AL 27;12;AIZPURUA ESQ TAMBORINI;;FINALIZADO;AIZPURUA Y TAMBORINI, JOSE PASCUAL;AIZPURUA & TAMBORINI, JOSE PASCUAL
-58.4995826467804;-34.5747102232295;433;AGOSTO;22 AL 27;12;ACHEGA ESQ CONGRESO;;FINALIZADO;ACHEGA Y CONGRESO AV.;ACHEGA & CONGRESO AV.
-58.4957436488279;-34.5503646771735;434;AGOSTO;22 AL 27;12;LUGONES ESQ PICO;;FINALIZADO;LUGONES Y PICO;LUGONES & PICO
-58.4894269131001;-34.5576047241667;435;AGOSTO;22 AL 27;12;MARIANO ACHA ESQ MANZANARES;;FINALIZADO;ACHA, MARIANO, GRAL. Y MANZANARES;ACHA, MARIANO, GRAL. & MANZANARES
-58.4884996311889;-34.5589354772258;436;AGOSTO;22 AL 27;12;MARIANO ACHA ESQ CHAJARI;;FINALIZADO;ACHA, MARIANO, GRAL. Y CHAJARI;ACHA, MARIANO, GRAL. & CHAJARI
-58.4894515757279;-34.5593901525271;437;AGOSTO;22 AL 27;12;LUGONES ESQ CHAJARI;;FINALIZADO;LUGONES Y CHAJARI;LUGONES & CHAJARI
-58.4898285970189;-34.5588484951098;438;AGOSTO;22 AL 27;12;LUGONES ESQ JARAMILLO;;FINALIZADO;LUGONES Y JARAMILLO;LUGONES & JARAMILLO
-58.5258855957418;-34.632957004209;439;AGOSTO;22 AL 27;14;MADERO;560;FINALIZADO;MADERO 560;560 MADERO
-58.5269207089461;-34.6346829728346;440;AGOSTO;22 AL 27;14;GANA Y JUAN B JUSTO;;FINALIZADO;GANA Y JUSTO, JUAN B. AV.;GANA & JUSTO, JUAN B. AV.
-58.5254551659989;-34.6331626496339;441;AGOSTO;22 AL 27;14;FRAGUEIRO;503;FINALIZADO;FRAGUEIRO 503;503 FRAGUEIRO
-58.5255373017446;-34.6333085809762;442;AGOSTO;22 AL 27;14;FRAGUEIRO;490;FINALIZADO;FRAGUEIRO 490;490 FRAGUEIRO
-58.5253053062631;-34.63354830042;443;AGOSTO;22 AL 27;14;FRAGUEIRO;474;FINALIZADO;FRAGUEIRO 474;474 FRAGUEIRO
-58.5203358433376;-34.63278297341;444;AGOSTO;22 AL 27;14;ALVAREZ JONTE;6305;FINALIZADO;ALVAREZ JONTE AV. 6305;6305 ALVAREZ JONTE AV.
-58.5202834116055;-34.6327222380399;445;AGOSTO;22 AL 27;14;ALVAREZ JONTE;6299;FINALIZADO;ALVAREZ JONTE AV. 6299;6299 ALVAREZ JONTE AV.
-58.5281247289283;-34.6347726824622;446;AGOSTO;22 AL 27;14;CUSCO;407;FINALIZADO;CUZCO 407;407 CUZCO
-58.5282954697679;-34.6348248146079;447;AGOSTO;22 AL 27;14;CUSCO;402;FINALIZADO;CUZCO 402;402 CUZCO
-58.5282066452467;-34.6348423645644;448;AGOSTO;22 AL 27;14;CUSCO Y JUAN B JUSTO;;FINALIZADO;CUZCO Y JUSTO, JUAN B. AV.;CUZCO & JUSTO, JUAN B. AV.
-58.5206819868752;-34.6308228669181;449;AGOSTO;22 AL 27;14;MARIANO GAMBOA;6190;FINALIZADO;GAMBOA, MARCELO 6190;6190 GAMBOA, MARCELO
-58.5196597775215;-34.6306095865273;450;AGOSTO;22 AL 27;14;MARIANO GAMBOA;6102;FINALIZADO;GAMBOA, MARCELO 6102;6102 GAMBOA, MARCELO
-58.5195221892232;-34.6306383383823;451;AGOSTO;22 AL 27;14;LISBOA;591;FINALIZADO;LISBOA 591;591 LISBOA
-58.5297235172927;-34.6289982437528;452;AGOSTO;22 AL 27;14;FRAGUEIRO;896;FINALIZADO;FRAGUEIRO 896;896 FRAGUEIRO
-58.5239692490393;-34.6315065098159;453;AGOSTO;22 AL 27;14;MARIANO GAMBOA;6510;FINALIZADO;GAMBOA, MARCELO 6510;6510 GAMBOA, MARCELO
-58.5236395093969;-34.6312881642758;454;AGOSTO;22 AL 27;14;MARIANO GAMBOA;6498;FINALIZADO;GAMBOA, MARCELO 6498;6498 GAMBOA, MARCELO
-58.5236824273971;-34.6312968727573;455;AGOSTO;22 AL 27;14;MARIANO GAMBOA;6490;FINALIZADO;GAMBOA, MARCELO 6490;6490 GAMBOA, MARCELO
-58.525051437564;-34.631737391236;456;AGOSTO;22 AL 27;14;MARIANO GAMBOA;6608;FINALIZADO;GAMBOA, MARCELO 6608;6608 GAMBOA, MARCELO
-58.524977244122;-34.6316470509442;457;AGOSTO;22 AL 27;14;MARIANO GAMBOA Y GALLARDO;;FINALIZADO;GAMBOA, MARCELO Y GALLARDO;GAMBOA, MARCELO & GALLARDO
-58.4694336996003;-34.5949294160173;458;AGOSTO;22 AL 27;15;PAZ SOLDAN;5102;FINALIZADO;PAZ SOLDAN 5102;5102 PAZ SOLDAN
-58.4696417344896;-34.5948820191412;459;AGOSTO;22 AL 27;15;PAZ SOLDAN;5109;FINALIZADO;PAZ SOLDAN 5109;5109 PAZ SOLDAN
-58.469439861359;-34.5947491109655;460;AGOSTO;22 AL 27;15;PAZ SOLDAN;5093;FINALIZADO;PAZ SOLDAN 5093;5093 PAZ SOLDAN
-58.4693756432479;-34.5948911925773;461;AGOSTO;22 AL 27;15;PAZ SOLDAN;5100;FINALIZADO;PAZ SOLDAN 5100;5100 PAZ SOLDAN
-58.4702596716509;-34.5961966442719;462;AGOSTO;22 AL 27;15;WARNES;2397;FINALIZADO;WARNES AV. 2397;2397 WARNES AV.
-58.4734413514751;-34.5969698336626;463;AGOSTO;22 AL 27;15;WARNES;2552;FINALIZADO;WARNES AV. 2552;2552 WARNES AV.
-58.4767512607841;-34.5969906849727;464;AGOSTO;22 AL 27;15;WARNES;2707;FINALIZADO;WARNES AV. 2707;2707 WARNES AV.
-58.4769855905894;-34.5950070004219;465;AGOSTO;22 AL 27;15;CHORROARIN;305;FINALIZADO;CHORROARIN AV. 305;305 CHORROARIN AV.
-58.4782233821638;-34.598253942389;466;AGOSTO;22 AL 27;15;CHORROARIN;107;FINALIZADO;CHORROARIN 107;107 CHORROARIN
-58.4537596923182;-34.5965343650304;467;AGOSTO;22 AL 27;15;DORREGO;206;FINALIZADO;DORREGO AV. 206;206 DORREGO AV.
-58.4528530779236;-34.5959177675881;468;AGOSTO;22 AL 27;15;DORREGO;302;FINALIZADO;DORREGO AV. 302;302 DORREGO AV.
-58.4536596086046;-34.5967232283393;469;AGOSTO;22 AL 27;15;HUAURA;1489;FINALIZADO;HUAURA 1489;1489 HUAURA
-58.4525840417231;-34.5981797430666;470;AGOSTO;22 AL 27;15;HUAURA;1312;FINALIZADO;HUAURA 1312;1312 HUAURA
-58.4523811831641;-34.5981645890523;471;AGOSTO;22 AL 27;15;HUAURA;1301;FINALIZADO;HUAURA 1301;1301 HUAURA
-58.4539571580894;-34.5966042159018;472;AGOSTO;22 AL 27;15;GIRARDOT;24;FINALIZADO;GIRARDOT 24;24 GIRARDOT
-58.4470318203675;-34.5943385128271;473;AGOSTO;22 AL 27;15;CAMARGO;1296;FINALIZADO;CAMARGO 1296;1296 CAMARGO
-58.4689530818203;-34.575251224183;474;AGOSTO;22 AL 27;15;TRONADOR;1690;FINALIZADO;TRONADOR 1690;1690 TRONADOR
-58.468909227492;-34.5750497747642;475;AGOSTO;22 AL 27;15;TRONADOR;1699;FINALIZADO;TRONADOR 1699;1699 TRONADOR
-58.4689677678952;-34.5749795674281;476;AGOSTO;22 AL 27;15;TRONADOR;1701;FINALIZADO;TRONADOR 1701;1701 TRONADOR
-58.4691113109016;-34.5750614560544;477;AGOSTO;22 AL 27;15;TRONADOR;1702;FINALIZADO;TRONADOR 1702;1702 TRONADOR
-58.4707293025224;-34.576122777983;478;AGOSTO;22 AL 27;15;VIRREY DEL PINO;4092;FINALIZADO;PINO, VIRREY DEL 4092;4092 PINO, VIRREY DEL
-58.4660401577077;-34.5749189626414;479;AGOSTO;22 AL 27;15;HEREDIA;1601;FINALIZADO;HEREDIA 1601;1601 HEREDIA
-58.4735952406251;-34.5790108637992;480;AGOSTO;22 AL 27;15;LUGONES;1561;FINALIZADO;LUGONES 1561;1561 LUGONES
-58.473595160715;-34.5790509975253;481;AGOSTO;22 AL 27;15;LUGONES;1557;FINALIZADO;LUGONES 1557;1557 LUGONES
-58.4745225623509;-34.5766229593942;482;AGOSTO;22 AL 27;15;LUGONES;1799;FINALIZADO;LUGONES 1799;1799 LUGONES
-58.4746465322352;-34.576727042822;483;AGOSTO;22 AL 27;15;LUGONES;1798;FINALIZADO;LUGONES 1798;1798 LUGONES
-58.4745714493618;-34.5765677790166;484;AGOSTO;22 AL 27;15;LUGONES;1801;FINALIZADO;LUGONES 1801;1801 LUGONES
-58.4671986735613;-34.5741005901342;485;AGOSTO;22 AL 27;15;HEREDIA;1698;FINALIZADO;HEREDIA 1698;1698 HEREDIA
-58.4670924775298;-34.5739832584572;486;AGOSTO;22 AL 27;15;HEREDIA;1699;FINALIZADO;HEREDIA 1699;1699 HEREDIA
-58.4691080870017;-34.573581943987;487;AGOSTO;22 AL 27;15;LA PAMPA;3902;FINALIZADO;LA PAMPA 3902;3902 LA PAMPA
-58.469042712922;-34.5735446691818;488;AGOSTO;22 AL 27;15;LA PAMPA;3898;FINALIZADO;LA PAMPA 3898;3898 LA PAMPA
-58.4691579106037;-34.5734351734319;489;AGOSTO;22 AL 27;15;LA PAMPA;3899;FINALIZADO;LA PAMPA 3899;3899 LA PAMPA
-58.4692070498919;-34.5734631930356;490;AGOSTO;22 AL 27;15;LA PAMPA;3901;FINALIZADO;LA PAMPA 3901;3901 LA PAMPA
-58.4708618008355;-34.5745819083294;491;AGOSTO;22 AL 27;15;LA PAMPA;4104;FINALIZADO;LA PAMPA 4104;4104 LA PAMPA
-58.470787337742;-34.5745394516433;492;AGOSTO;22 AL 27;15;LA PAMPA;4100;FINALIZADO;LA PAMPA 4100;4100 LA PAMPA
-58.4568077235128;-34.5943442027644;493;AGOSTO;22 AL 27;15;JORGE NEWBERY ESQ GIRARDOT;;FINALIZADO;NEWBERY, JORGE AV. Y GIRARDOT;NEWBERY, JORGE AV. & GIRARDOT
-58.455918779119;-34.5935027849248;494;AGOSTO;22 AL 27;15;JORGE NEWBERY ESQ CALDAS;;FINALIZADO;NEWBERY, JORGE AV. Y CALDAS;NEWBERY, JORGE AV. & CALDAS
-58.4571714629131;-34.5945800647607;495;AGOSTO;22 AL 27;15;JORGE NEWBERY;4733;FINALIZADO;NEWBERY, JORGE AV. 4733;4733 NEWBERY, JORGE AV.
-58.4513621294833;-34.5891465378542;496;AGOSTO;22 AL 27;15;JORGE NEWBERY;4151;FINALIZADO;NEWBERY, JORGE AV. 4151;4151 NEWBERY, JORGE AV.
-58.493545570369;-34.5900965088886;497;AGOSTO/SEPTIEMBRE;29 AL 03;2 Y 3;BOLIVIA;3894;FINALIZADO;ESTADO PLURINACIONAL DE BOLIVIA 3894;3894 ESTADO PLURINACIONAL DE BOLIVIA
-58.4047062199703;-34.6088390579733;498;AGOSTO/SEPTIEMBRE;29 AL 03;2 Y 3;BARTOLOME MITRE;2702;FINALIZADO;MITRE, BARTOLOME 2702;2702 MITRE, BARTOLOME
-58.3948331486952;-34.6082225033017;499;AGOSTO/SEPTIEMBRE;29 AL 03;2 Y 3;BARTOLOME MITRE;1996;FINALIZADO;MITRE, BARTOLOME 1996;1996 MITRE, BARTOLOME
-58.3987121404064;-34.6139987415767;500;AGOSTO/SEPTIEMBRE;29 AL 03;2 Y 3;PICHINCHA;378;FINALIZADO;PICHINCHA 378;378 PICHINCHA
-58.402857799109;-34.5921416048581;501;AGOSTO/SEPTIEMBRE;29 AL 03;2 Y 3;BERUTTI;2602;FINALIZADO;BERUTI 2602;2602 BERUTI
-58.4048257733406;-34.6077720640287;502;AGOSTO/SEPTIEMBRE;29 AL 03;2 Y 3;CASTELLI;190;FINALIZADO;CASTELLI 190;190 CASTELLI
-58.3978811766096;-34.6149173305926;503;AGOSTO/SEPTIEMBRE;29 AL 03;2 Y 3;VENEZUELA;2202;FINALIZADO;REPUBLICA BOLIVARIANA DE VENEZUELA 2202;2202 REPUBLICA BOLIVARIANA DE VENEZUELA
-58.3945913893577;-34.615069711417;504;AGOSTO/SEPTIEMBRE;29 AL 03;2 Y 3;VENEZUELA;1999;FINALIZADO;REPUBLICA BOLIVARIANA DE VENEZUELA 1999;1999 REPUBLICA BOLIVARIANA DE VENEZUELA
-58.4011264694683;-34.5995506934421;505;AGOSTO/SEPTIEMBRE;29 AL 03;2 Y 3;CORDOBA;2402;FINALIZADO;CORDOBA AV. 2402;2402 CORDOBA AV.
-58.4754743403087;-34.6044703332331;506;AGOSTO/SEPTIEMBRE;29 AL 03;4;BIARRITZ Y BERNARDO DE LEON;;FINALIZADO;BIARRITZ Y LEON, BERNARDO DE;BIARRITZ & LEON, BERNARDO DE
-58.4668521293259;-34.602890307702;507;AGOSTO/SEPTIEMBRE;29 AL 03;4;JUAN A GARCIA Y MANUEL TRELLES;;FINALIZADO;GARCIA, JUAN AGUSTIN Y TRELLES, MANUEL R.;GARCIA, JUAN AGUSTIN & TRELLES, MANUEL R.
-58.5074446750954;-34.6127761319696;508;AGOSTO/SEPTIEMBRE;29 AL 03;4;SEGUROLA Y FONTANA;;FINALIZADO;SEGUROLA AV. Y FONTANA, LUIS JORGE CORONEL;SEGUROLA AV. & FONTANA, LUIS JORGE CORONEL
-58.5070546769692;-34.613187556837;509;AGOSTO/SEPTIEMBRE;29 AL 03;4;SEGUROLA Y BAIGORIA;;FINALIZADO;SEGUROLA AV. Y BAIGORRIA;SEGUROLA AV. & BAIGORRIA
-58.4763237828209;-34.6087222296367;510;AGOSTO/SEPTIEMBRE;29 AL 03;4;SAN BLAS Y ARTIGAS;;FINALIZADO;SAN BLAS Y ARTIGAS, JOSE GERVASIO, GRAL.;SAN BLAS & ARTIGAS, JOSE GERVASIO, GRAL.
-58.4555771256021;-34.634214515094;511;AGOSTO/SEPTIEMBRE;29 AL 03;5 Y 6;GREGORIO DE LAFERRERE Y CAMACUA;;FINALIZADO;LAFERRERE, GREGORIO DE Y CAMACUA;LAFERRERE, GREGORIO DE & CAMACUA
-58.4567657697732;-34.634591704277;512;AGOSTO/SEPTIEMBRE;29 AL 03;5 Y 6;GREGORIO DE LAFERRERE Y BONORINO;;FINALIZADO;LAFERRERE, GREGORIO DE Y BONORINO, ESTEBAN, CNEL. AV.;LAFERRERE, GREGORIO DE & BONORINO, ESTEBAN, CNEL. AV.
-58.4572908649419;-34.6348088490105;513;AGOSTO/SEPTIEMBRE;29 AL 03;5 Y 6;GREGORIO DE LAFERRERE Y ESPARTACO;;FINALIZADO;LAFERRERE, GREGORIO DE Y ESPARTACO;LAFERRERE, GREGORIO DE & ESPARTACO
-58.4574819664446;-34.6350119620021;514;AGOSTO/SEPTIEMBRE;29 AL 03;5 Y 6;GREGORIO DE LAFERRERE Y ORTIZ;;FINALIZADO;LAFERRERE, GREGORIO DE Y ORTIZ, CARLOS;LAFERRERE, GREGORIO DE & ORTIZ, CARLOS
-58.457865530105;-34.6354196676928;515;AGOSTO/SEPTIEMBRE;29 AL 03;5 Y 6;GREGORIO DE LAFERRERE Y MEMBRILLAR;;FINALIZADO;LAFERRERE, GREGORIO DE Y MEMBRILLAR;LAFERRERE, GREGORIO DE & MEMBRILLAR
-58.4545214916944;-34.6338795787525;517;AGOSTO/SEPTIEMBRE;29 AL 03;5 Y 6;GREGORIO DE LAFERRERE Y LAUTARO;;FINALIZADO;LAFERRERE, GREGORIO DE Y LAUTARO;LAFERRERE, GREGORIO DE & LAUTARO
-58.4360510033065;-34.6265234569599;518;AGOSTO/SEPTIEMBRE;29 AL 03;5 Y 6;RIGLOS Y MAITEN;;FINALIZADO;RIGLOS Y MAITEN;RIGLOS & MAITEN
-58.4710997608827;-34.627226682975;519;AGOSTO/SEPTIEMBRE;29 AL 03;5 Y 6;NAZCA;415;FINALIZADO;NAZCA AV. 415;415 NAZCA AV.
-58.4699569661358;-34.6308694375004;520;AGOSTO/SEPTIEMBRE;29 AL 03;7;RIVADAVIA;7422;FINALIZADO;RIVADAVIA AV. 7422;7422 RIVADAVIA AV.
-58.4695010429913;-34.6308088637158;521;AGOSTO/SEPTIEMBRE;29 AL 03;7;SAN PEDRITO;8;FINALIZADO;SAN PEDRITO AV. 8;8 SAN PEDRITO AV.
-58.4696771261252;-34.6308311300402;522;AGOSTO/SEPTIEMBRE;29 AL 03;7;SAN PEDRITO;5;FINALIZADO;SAN PEDRITO AV. 5;5 SAN PEDRITO AV.
-58.4697931940857;-34.6305719218207;523;AGOSTO/SEPTIEMBRE;29 AL 03;7;NAZCA;12;FINALIZADO;NAZCA AV. 12;12 NAZCA AV.
-58.4696254515477;-34.6306279219924;524;AGOSTO/SEPTIEMBRE;29 AL 03;7;RIVADAVIA;7399;FINALIZADO;RIVADAVIA AV. 7399;7399 RIVADAVIA AV.
-58.4699519606259;-34.6307162185686;525;AGOSTO/SEPTIEMBRE;29 AL 03;7;RIVADAVIA;7417;FINALIZADO;RIVADAVIA AV. 7417;7417 RIVADAVIA AV.
-58.4396951574501;-34.6420917916206;526;AGOSTO/SEPTIEMBRE;29 AL 03;7;HORTIGUERA;1899;FINALIZADO;HORTIGUERA 1899;1899 HORTIGUERA
-58.4396496776535;-34.6422154532897;527;AGOSTO/SEPTIEMBRE;29 AL 03;7;HORTIGUERA;1907;FINALIZADO;HORTIGUERA 1907;1907 HORTIGUERA
-58.4395042117778;-34.6421150396343;528;AGOSTO/SEPTIEMBRE;29 AL 03;7;HORTIGUERA;1902;FINALIZADO;HORTIGUERA 1902;1902 HORTIGUERA
-58.4371534060218;-34.6401330658491;529;AGOSTO/SEPTIEMBRE;29 AL 03;7;ZAÑARTU;1401;FINALIZADO;ZAÑARTU 1401;1401 ZAÑARTU
-58.4401195928735;-34.6409375883183;530;AGOSTO/SEPTIEMBRE;29 AL 03;7;HORTIGUERA;1799;FINALIZADO;HORTIGUERA 1799;1799 HORTIGUERA
-58.439989968171;-34.6407940721469;531;AGOSTO/SEPTIEMBRE;29 AL 03;7;HORTIGUERA;1790;FINALIZADO;HORTIGUERA 1790;1790 HORTIGUERA
-58.4398955231614;-34.6410509332403;532;AGOSTO/SEPTIEMBRE;29 AL 03;7;HORTIGUERA;1810;FINALIZADO;HORTIGUERA 1810;1810 HORTIGUERA
-58.4400788190148;-34.6410484777516;533;AGOSTO/SEPTIEMBRE;29 AL 03;7;HORTIGUERA;1805;FINALIZADO;HORTIGUERA 1805;1805 HORTIGUERA
-58.4413661687949;-34.6412134238997;534;AGOSTO/SEPTIEMBRE;29 AL 03;7;ZAÑARTU;1703;FINALIZADO;ZAÑARTU 1703;1703 ZAÑARTU
-58.4424694556669;-34.6413833614311;535;AGOSTO/SEPTIEMBRE;29 AL 03;7;CASTAÑARES;1796;FINALIZADO;CASTAÑARES AV. 1796;1796 CASTAÑARES AV.
-58.4425188674592;-34.6416568547982;536;AGOSTO/SEPTIEMBRE;29 AL 03;7;ZAÑARTU;1802;FINALIZADO;ZAÑARTU 1802;1802 ZAÑARTU
-58.4423477167737;-34.6416134166484;537;AGOSTO/SEPTIEMBRE;29 AL 03;7;ZAÑARTU;1790;FINALIZADO;ZAÑARTU 1790;1790 ZAÑARTU
-58.4383303768713;-34.6392924497574;538;AGOSTO/SEPTIEMBRE;29 AL 03;7;EL ZONDA;1695;FINALIZADO;EL ZONDA 1695;1695 EL ZONDA
-58.4386824280805;-34.6359743303108;539;AGOSTO/SEPTIEMBRE;29 AL 03;7;EMILIO MITRE;1399;FINALIZADO;MITRE, EMILIO 1399;1399 MITRE, EMILIO
-58.4385257822321;-34.6359045369782;540;AGOSTO/SEPTIEMBRE;29 AL 03;7;EMILIO MITRE;1396;FINALIZADO;MITRE, EMILIO 1396;1396 MITRE, EMILIO
-58.4416086897925;-34.6365135684718;541;AGOSTO/SEPTIEMBRE;29 AL 03;7;SANTANDER;1499;FINALIZADO;SANTANDER 1499;1499 SANTANDER
-58.4438090291661;-34.6371053819865;542;AGOSTO/SEPTIEMBRE;29 AL 03;7;MIRO;1404;FINALIZADO;MIRO 1404;1404 MIRO
-58.389002296879;-34.6188499196301;543;AGOSTO/SEPTIEMBRE;29 AL 03;8;VIRREY CEVALLOS;899;FINALIZADO;CEVALLOS, VIRREY 899;899 CEVALLOS, VIRREY
-58.3873385748643;-34.6186408275905;544;AGOSTO/SEPTIEMBRE;29 AL 03;8;LUIS SAENZ PEÑA;886;FINALIZADO;SAENZ PEÑA, LUIS, PRES. 886;886 SAENZ PEÑA, LUIS, PRES.
-58.3857781126264;-34.6185947491643;545;AGOSTO/SEPTIEMBRE;29 AL 03;8;SAN JOSE;892;FINALIZADO;SAN JOSE 892;892 SAN JOSE
-58.3815443691436;-34.6203211678523;546;AGOSTO/SEPTIEMBRE;29 AL 03;8;LIMA;1047;FINALIZADO;LIMA 1047;1047 LIMA
-58.3872929189792;-34.6213664883005;547;AGOSTO/SEPTIEMBRE;29 AL 03;8;LUIS SAENZ PEÑA;1107;FINALIZADO;SAENZ PEÑA, LUIS, PRES. 1107;1107 SAENZ PEÑA, LUIS, PRES.
-58.3844332792194;-34.6212096916409;548;AGOSTO/SEPTIEMBRE;29 AL 03;8;SANTIAGO DEL ESTERO;1111;FINALIZADO;SANTIAGO DEL ESTERO 1111;1111 SANTIAGO DEL ESTERO
-58.3872638782336;-34.6211909724253;549;AGOSTO/SEPTIEMBRE;29 AL 03;8;HUMBERTO 1°;1501;FINALIZADO;HUMBERTO 1° 1501;1501 HUMBERTO 1°
-58.3857532217072;-34.6224593639916;550;AGOSTO/SEPTIEMBRE;29 AL 03;8;SAN JUAN;1398;FINALIZADO;SAN JUAN AV. 1398;1398 SAN JUAN AV.
-58.389852870424;-34.6227059673833;551;AGOSTO/SEPTIEMBRE;29 AL 03;8;SAN JUAN;1698;FINALIZADO;SAN JUAN AV. 1698;1698 SAN JUAN AV.
-58.389549597631;-34.6225427680859;552;AGOSTO/SEPTIEMBRE;29 AL 03;8;SAN JUAN;1667;FINALIZADO;SAN JUAN AV. 1667;1667 SAN JUAN AV.
-58.3899419350911;-34.6225667970066;553;AGOSTO/SEPTIEMBRE;29 AL 03;8;SAN JUAN;1701;FINALIZADO;SAN JUAN AV. 1701;1701 SAN JUAN AV.
-58.3884940846977;-34.6239442180688;554;AGOSTO/SEPTIEMBRE;29 AL 03;8;COCHABAMBA;1602;FINALIZADO;COCHABAMBA 1602;1602 COCHABAMBA
-58.3912888391692;-34.6251521238729;555;AGOSTO/SEPTIEMBRE;29 AL 03;8;CONSTITUCIÓN;1799;FINALIZADO;CONSTITUCION 1799;1799 CONSTITUCION
-58.3912393194026;-34.6252570692755;556;AGOSTO/SEPTIEMBRE;29 AL 03;8;ENTRE RIOS;1402;FINALIZADO;ENTRE RIOS AV. 1402;1402 ENTRE RIOS AV.
-58.3813358468195;-34.6246058678268;557;AGOSTO/SEPTIEMBRE;29 AL 03;8;LIMA;1400;FINALIZADO;LIMA 1400;1400 LIMA
-58.3911504116849;-34.6263888116105;558;AGOSTO/SEPTIEMBRE;29 AL 03;8;ENTRE RIOS;1506;FINALIZADO;ENTRE RIOS AV. 1506;1506 ENTRE RIOS AV.
-58.3823338068124;-34.625795275086;559;AGOSTO/SEPTIEMBRE;29 AL 03;8;LIMA;1489;FINALIZADO;LIMA 1489;1489 LIMA
-58.3820134391759;-34.6245796191589;560;AGOSTO/SEPTIEMBRE;29 AL 03;8;CONSTITUCIÓN;1145;FINALIZADO;CONSTITUCION 1145;1145 CONSTITUCION
-58.4169171139098;-34.6278950629019;561;AGOSTO/SEPTIEMBRE;29 AL 03;8;CONSTITUCIÓN;;FINALIZADO;CONSTITUCION;CONSTITUCION
-58.3872195509581;-34.6270476009144;562;AGOSTO/SEPTIEMBRE;29 AL 03;8;JUAN DE GARAY;1501;FINALIZADO;GARAY, JUAN DE AV. 1501;1501 GARAY, JUAN DE AV.
-58.3814961283198;-34.6284616154284;563;AGOSTO/SEPTIEMBRE;29 AL 03;8;LIMA;1755;FINALIZADO;LIMA 1755;1755 LIMA
-58.38225591751;-34.6260367949457;564;AGOSTO/SEPTIEMBRE;29 AL 03;8;PAVON;1102;FINALIZADO;PAVON 1102;1102 PAVON
-58.3857051864273;-34.626181931218;565;AGOSTO/SEPTIEMBRE;29 AL 03;8;PAVON;1400;FINALIZADO;PAVON 1400;1400 PAVON
-58.3871568404446;-34.6262431159975;566;AGOSTO/SEPTIEMBRE;29 AL 03;8;PAVON;1500;FINALIZADO;PAVON 1500;1500 PAVON
-58.3857140539547;-34.6260378870602;567;AGOSTO/SEPTIEMBRE;29 AL 03;8;PAVON;1399;FINALIZADO;PAVON 1399;1399 PAVON
-58.3895775940784;-34.6262842910122;568;AGOSTO/SEPTIEMBRE;29 AL 03;8;PAVON;1702;FINALIZADO;PAVON 1702;1702 PAVON
-58.3858905507862;-34.6237607792001;569;AGOSTO/SEPTIEMBRE;29 AL 03;8;SAN JOSE;1287;FINALIZADO;SAN JOSE 1287;1287 SAN JOSE
-58.3857228569488;-34.6234324866686;570;AGOSTO/SEPTIEMBRE;29 AL 03;8;SAN JOSE;1288;FINALIZADO;SAN JOSE 1288;1288 SAN JOSE
-58.4709417676541;-34.5608652860273;571;AGOSTO/SEPTIEMBRE;29 AL 03;9;CONDE;2811;FINALIZADO;CONDE 2811;2811 CONDE
-58.4691829356223;-34.5590130135599;572;AGOSTO/SEPTIEMBRE;29 AL 03;9;CONGRESO;3104;FINALIZADO;CONGRESO AV. 3104;3104 CONGRESO AV.
-58.469109054438;-34.5588043768923;573;AGOSTO/SEPTIEMBRE;29 AL 03;9;CONGRESO;3089;FINALIZADO;CONGRESO AV. 3089;3089 CONGRESO AV.
-58.4691653529714;-34.5590038828087;574;AGOSTO/SEPTIEMBRE;29 AL 03;9;CONGRESO;3102;FINALIZADO;CONGRESO AV. 3102;3102 CONGRESO AV.
-58.4716802807059;-34.5601829019713;575;AGOSTO/SEPTIEMBRE;29 AL 03;9;CONGRESO;3301;FINALIZADO;CONGRESO AV. 3301;3301 CONGRESO AV.
-58.4713839886162;-34.5599855801505;576;AGOSTO/SEPTIEMBRE;29 AL 03;9;CONGRESO;3295;FINALIZADO;CONGRESO AV. 3295;3295 CONGRESO AV.
-58.4688359429613;-34.5610170370805;577;AGOSTO/SEPTIEMBRE;29 AL 03;9;RAMON FREIRE;2710;FINALIZADO;FREIRE, RAMON, CAP. GRAL. 2710;2710 FREIRE, RAMON, CAP. GRAL.
-58.4694905695057;-34.5602413921914;578;AGOSTO/SEPTIEMBRE;29 AL 03;9;RAMON FREIRE;2802;FINALIZADO;FREIRE, RAMON, CAP. GRAL. 2802;2802 FREIRE, RAMON, CAP. GRAL.
-58.4717621077115;-34.5574480289729;579;AGOSTO/SEPTIEMBRE;29 AL 03;9;RAMON FREIRE;3101;FINALIZADO;FREIRE, RAMON, CAP. GRAL. 3101;3101 FREIRE, RAMON, CAP. GRAL.
-58.468420041571;-34.5620761368053;580;AGOSTO/SEPTIEMBRE;29 AL 03;9;RAMON FREIRE;2602;FINALIZADO;FREIRE, RAMON, CAP. GRAL. 2602;2602 FREIRE, RAMON, CAP. GRAL.
-58.4676085903658;-34.5616381618351;581;AGOSTO/SEPTIEMBRE;29 AL 03;9;BALBIN;2599;FINALIZADO;BALBIN, RICARDO, DR. AV. 2599;2599 BALBIN, RICARDO, DR. AV.
-58.4700481224422;-34.560614013608;582;AGOSTO/SEPTIEMBRE;29 AL 03;9;BALBIN;2795;FINALIZADO;BALBIN, RICARDO, DR. AV. 2795;2795 BALBIN, RICARDO, DR. AV.
-58.4730334422903;-34.5595265528682;583;AGOSTO/SEPTIEMBRE;29 AL 03;9;BALBIN;3002;FINALIZADO;BALBIN, RICARDO, DR. AV. 3002;3002 BALBIN, RICARDO, DR. AV.
-58.4719221476185;-34.5576811696068;584;AGOSTO/SEPTIEMBRE;29 AL 03;9;IBERA;3204;FINALIZADO;IBERA 3204;3204 IBERA
-58.4719838425907;-34.5575423222647;585;AGOSTO/SEPTIEMBRE;29 AL 03;9;IBERA;3201;FINALIZADO;IBERA 3201;3201 IBERA
-58.4717145399914;-34.5575695009163;586;AGOSTO/SEPTIEMBRE;29 AL 03;9;IBERA;3200;FINALIZADO;IBERA 3200;3200 IBERA
-58.5267825907388;-34.627589700601;587;AGOSTO/SEPTIEMBRE;29 AL 03;10;SANTO TOME;6550;FINALIZADO;SANTO TOME 6550;6550 SANTO TOME
-58.5268154072947;-34.6275965574866;588;AGOSTO/SEPTIEMBRE;29 AL 03;10;SANTO TOME;6552;FINALIZADO;SANTO TOME 6552;6552 SANTO TOME
-58.5278760188212;-34.6278181457779;589;AGOSTO/SEPTIEMBRE;29 AL 03;10;SANTO TOME;6650;FINALIZADO;SANTO TOME 6650;6650 SANTO TOME
-58.528120611992;-34.6278692313465;590;AGOSTO/SEPTIEMBRE;29 AL 03;10;SANTO TOME;6672;FINALIZADO;SANTO TOME 6672;6672 SANTO TOME
-58.5279513936145;-34.6276851273152;591;AGOSTO/SEPTIEMBRE;29 AL 03;10;SANTO TOME;6651;FINALIZADO;SANTO TOME 6651;6651 SANTO TOME
-58.5283325710548;-34.6279134967207;592;AGOSTO/SEPTIEMBRE;29 AL 03;10;SANTO TOME;6692;FINALIZADO;SANTO TOME 6692;6692 SANTO TOME
-58.5284177031577;-34.6277825150438;593;AGOSTO/SEPTIEMBRE;29 AL 03;10;SANTO TOME;6695;FINALIZADO;SANTO TOME 6695;6695 SANTO TOME
-58.5287566013215;-34.6275547984886;594;AGOSTO/SEPTIEMBRE;29 AL 03;10;SANTO TOME;6717;FINALIZADO;SANTO TOME 6717;6717 SANTO TOME
-58.5290449889975;-34.6276139512927;596;AGOSTO/SEPTIEMBRE;29 AL 03;10;SANTO TOME;6743;FINALIZADO;SANTO TOME 6743;6743 SANTO TOME
-58.5291180475263;-34.6279621153364;597;AGOSTO/SEPTIEMBRE;29 AL 03;10;CALDEN;904;FINALIZADO;CALDEN 904;904 CALDEN
-58.5290222702236;-34.6280565120516;598;AGOSTO/SEPTIEMBRE;29 AL 03;10;SANTO TOME;6752;FINALIZADO;SANTO TOME 6752;6752 SANTO TOME
-58.5287405643832;-34.6282981551584;599;AGOSTO/SEPTIEMBRE;29 AL 03;10;SANTO TOME;6736;FINALIZADO;SANTO TOME 6736;6736 SANTO TOME
-58.5297183728632;-34.6280530290287;600;AGOSTO/SEPTIEMBRE;29 AL 03;10;SANTO TOME;6797;FINALIZADO;SANTO TOME 6797;6797 SANTO TOME
-58.5296472544748;-34.6281869425046;601;AGOSTO/SEPTIEMBRE;29 AL 03;10;SANTO TOME;6796;FINALIZADO;SANTO TOME 6796;6796 SANTO TOME
-58.520609893719;-34.6250959433582;602;AGOSTO/SEPTIEMBRE;29 AL 03;10;IRIGOYEN;1703;FINALIZADO;IRIGOYEN 1703;1703 IRIGOYEN
-58.5207091919516;-34.6252165665471;603;AGOSTO/SEPTIEMBRE;29 AL 03;10;IRIGOYEN;1702;FINALIZADO;IRIGOYEN 1702;1702 IRIGOYEN
-58.521463734717;-34.625034259272;604;AGOSTO/SEPTIEMBRE;29 AL 03;10;RUIZ DE LOS LLANOS;1503;FINALIZADO;RUIZ DE LOS LLANOS 1503;1503 RUIZ DE LOS LLANOS
-58.5214191878521;-34.625266015063;605;AGOSTO/SEPTIEMBRE;29 AL 03;10;RUIZ DE LOS LLANOS;1498;FINALIZADO;RUIZ DE LOS LLANOS 1498;1498 RUIZ DE LOS LLANOS
-58.5216802164999;-34.6250647131605;606;AGOSTO/SEPTIEMBRE;29 AL 03;10;RUIZ DE LOS LLANOS;1510;FINALIZADO;RUIZ DE LOS LLANOS 1510;1510 RUIZ DE LOS LLANOS
-58.5261322776591;-34.6261773140773;607;AGOSTO/SEPTIEMBRE;29 AL 03;10;MARCOS SASTRE;6356;FINALIZADO;SASTRE, MARCOS 6356;6356 SASTRE, MARCOS
-58.5259848620072;-34.6261593299572;608;AGOSTO/SEPTIEMBRE;29 AL 03;10;CANGAYE;1095;FINALIZADO;CANGAYE 1095;1095 CANGAYE
-58.5262933117261;-34.6257405159455;609;AGOSTO/SEPTIEMBRE;29 AL 03;10;CANGAYE;1146;FINALIZADO;CANGAYE 1146;1146 CANGAYE
-58.5260995515608;-34.6260216837677;610;AGOSTO/SEPTIEMBRE;29 AL 03;10;MARCOS SASTRE;6349;FINALIZADO;SASTRE, MARCOS 6349;6349 SASTRE, MARCOS
-58.5265740310691;-34.6261313035081;611;AGOSTO/SEPTIEMBRE;29 AL 03;10;GALLARDO;969;FINALIZADO;GALLARDO 969;969 GALLARDO
-58.5265235529894;-34.6262981065879;612;AGOSTO/SEPTIEMBRE;29 AL 03;10;GALLARDO;961;FINALIZADO;GALLARDO 961;961 GALLARDO
-58.5159934886801;-34.596605996732;613;AGOSTO/SEPTIEMBRE;29 AL 03;11;MERCEDES;4539;FINALIZADO;MERCEDES 4539;4539 MERCEDES
-58.5162212774615;-34.5965949106953;614;AGOSTO/SEPTIEMBRE;29 AL 03;11;MERCEDES;4550;FINALIZADO;MERCEDES 4550;4550 MERCEDES
-58.5196365658768;-34.5993640190568;615;AGOSTO/SEPTIEMBRE;29 AL 03;11;VALLEJOS;4403;FINALIZADO;VALLEJOS 4403;4403 VALLEJOS
-58.5231675563508;-34.6017202022729;616;AGOSTO/SEPTIEMBRE;29 AL 03;11;VALLEJOS;4694;FINALIZADO;VALLEJOS 4694;4694 VALLEJOS
-58.5221491372812;-34.6009154658427;617;AGOSTO/SEPTIEMBRE;29 AL 03;11;VALLEJOS;4601;FINALIZADO;VALLEJOS 4601;4601 VALLEJOS
-58.5229202184367;-34.6026924602484;618;AGOSTO/SEPTIEMBRE;29 AL 03;11;JOSE CUBAS;4724;FINALIZADO;CUBAS, JOSE 4724;4724 CUBAS, JOSE
-58.5225126524941;-34.6024409275167;619;AGOSTO/SEPTIEMBRE;29 AL 03;11;JOSE CUBAS;4694;FINALIZADO;CUBAS, JOSE 4694;4694 CUBAS, JOSE
-58.5212940726132;-34.601688797743;620;AGOSTO/SEPTIEMBRE;29 AL 03;11;JOSE CUBAS;4598;FINALIZADO;CUBAS, JOSE 4598;4598 CUBAS, JOSE
-58.5213944797327;-34.6017507726318;621;AGOSTO/SEPTIEMBRE;29 AL 03;11;JOSE CUBAS;4602;FINALIZADO;CUBAS, JOSE 4602;4602 CUBAS, JOSE
-58.52142274958;-34.601588238018;622;AGOSTO/SEPTIEMBRE;29 AL 03;11;JOSE CUBAS;4599;FINALIZADO;CUBAS, JOSE 4599;4599 CUBAS, JOSE
-58.5151551328013;-34.5977212457438;623;AGOSTO/SEPTIEMBRE;29 AL 03;11;JOSE CUBAS;4101;FINALIZADO;CUBAS, JOSE 4101;4101 CUBAS, JOSE
-58.5150507605837;-34.5978368028325;624;AGOSTO/SEPTIEMBRE;29 AL 03;11;JOSE CUBAS;4102;FINALIZADO;CUBAS, JOSE 4102;4102 CUBAS, JOSE
-58.5149738877654;-34.5977893262535;625;AGOSTO/SEPTIEMBRE;29 AL 03;11;JOSE CUBAS;4098;FINALIZADO;CUBAS, JOSE 4098;4098 CUBAS, JOSE
-58.5150328909511;-34.5976457478909;626;AGOSTO/SEPTIEMBRE;29 AL 03;11;JOSE CUBAS;4091;FINALIZADO;CUBAS, JOSE 4091;4091 CUBAS, JOSE
-58.5202303147352;-34.600852202939;627;AGOSTO/SEPTIEMBRE;29 AL 03;11;JOSE CUBAS;4501;FINALIZADO;CUBAS, JOSE 4501;4501 CUBAS, JOSE
-58.5201259716037;-34.6009677808;628;AGOSTO/SEPTIEMBRE;29 AL 03;11;JOSE CUBAS;4502;FINALIZADO;CUBAS, JOSE 4502;4502 CUBAS, JOSE
-58.5200255310869;-34.6009057817659;629;AGOSTO/SEPTIEMBRE;29 AL 03;11;JOSE CUBAS;4498;FINALIZADO;CUBAS, JOSE 4498;4498 CUBAS, JOSE
-58.5226899159517;-34.6023703547785;630;AGOSTO/SEPTIEMBRE;29 AL 03;11;JOSE CUBAS;4699;FINALIZADO;CUBAS, JOSE 4699;4699 CUBAS, JOSE
-58.5227472373318;-34.6024057317492;631;AGOSTO/SEPTIEMBRE;29 AL 03;11;JOSE CUBAS;4701;FINALIZADO;CUBAS, JOSE 4701;4701 CUBAS, JOSE
-58.5226429064021;-34.6025213188789;632;AGOSTO/SEPTIEMBRE;29 AL 03;11;JOSE CUBAS;4702;FINALIZADO;CUBAS, JOSE 4702;4702 CUBAS, JOSE
-58.5002206915546;-34.5737812448031;633;AGOSTO/SEPTIEMBRE;29 AL 03;12;ACHEGA;3095;FINALIZADO;ACHEGA 3095;3095 ACHEGA
-58.5003804622398;-34.5738430435105;634;AGOSTO/SEPTIEMBRE;29 AL 03;12;ACHEGA;3098;FINALIZADO;ACHEGA 3098;3098 ACHEGA
-58.5019240020493;-34.5716603293353;635;AGOSTO/SEPTIEMBRE;29 AL 03;12;ACHEGA;3297;FINALIZADO;ACHEGA 3297;3297 ACHEGA
-58.5269207089461;-34.6346829728346;636;AGOSTO/SEPTIEMBRE;29 AL 03;14;GANA Y JUAN B JUSTO;;FINALIZADO;GANA Y JUSTO, JUAN B. AV.;GANA & JUSTO, JUAN B. AV.
-58.5254551659989;-34.6331626496339;637;AGOSTO/SEPTIEMBRE;29 AL 03;14;FRAGUEIRO;503;FINALIZADO;FRAGUEIRO 503;503 FRAGUEIRO
-58.5255373017446;-34.6333085809762;638;AGOSTO/SEPTIEMBRE;29 AL 03;14;FRAGUEIRO;490;FINALIZADO;FRAGUEIRO 490;490 FRAGUEIRO
-58.5253053062631;-34.63354830042;639;AGOSTO/SEPTIEMBRE;29 AL 03;14;FRAGUEIRO;474;FINALIZADO;FRAGUEIRO 474;474 FRAGUEIRO
-58.5203358433376;-34.63278297341;640;AGOSTO/SEPTIEMBRE;29 AL 03;14;ALVAREZ JONTE;6305;FINALIZADO;ALVAREZ JONTE AV. 6305;6305 ALVAREZ JONTE AV.
-58.5202834116055;-34.6327222380399;641;AGOSTO/SEPTIEMBRE;29 AL 03;14;ALVAREZ JONTE;6299;FINALIZADO;ALVAREZ JONTE AV. 6299;6299 ALVAREZ JONTE AV.
-58.5239692490393;-34.6315065098159;642;AGOSTO/SEPTIEMBRE;29 AL 03;14;MARIANO GAMBOA;6510;FINALIZADO;GAMBOA, MARCELO 6510;6510 GAMBOA, MARCELO
-58.5236395093969;-34.6312881642758;643;AGOSTO/SEPTIEMBRE;29 AL 03;14;MARIANO GAMBOA;6498;FINALIZADO;GAMBOA, MARCELO 6498;6498 GAMBOA, MARCELO
-58.5236824273971;-34.6312968727573;644;AGOSTO/SEPTIEMBRE;29 AL 03;14;MARIANO GAMBOA;6490;FINALIZADO;GAMBOA, MARCELO 6490;6490 GAMBOA, MARCELO
-58.525051437564;-34.631737391236;645;AGOSTO/SEPTIEMBRE;29 AL 03;14;MARIANO GAMBOA;6608;FINALIZADO;GAMBOA, MARCELO 6608;6608 GAMBOA, MARCELO
-58.524977244122;-34.6316470509442;646;AGOSTO/SEPTIEMBRE;29 AL 03;14;MARIANO GAMBOA Y GALLARDO;;FINALIZADO;GAMBOA, MARCELO Y GALLARDO;GAMBOA, MARCELO & GALLARDO
-58.4694336996003;-34.5949294160173;647;AGOSTO/SEPTIEMBRE;29 AL 03;15;PAZ SOLDAN;5102;FINALIZADO;PAZ SOLDAN 5102;5102 PAZ SOLDAN
-58.4696417344896;-34.5948820191412;648;AGOSTO/SEPTIEMBRE;29 AL 03;15;PAZ SOLDAN;5109;FINALIZADO;PAZ SOLDAN 5109;5109 PAZ SOLDAN
-58.469439861359;-34.5947491109655;649;AGOSTO/SEPTIEMBRE;29 AL 03;15;PAZ SOLDAN;5093;FINALIZADO;PAZ SOLDAN 5093;5093 PAZ SOLDAN
-58.4693756432479;-34.5948911925773;650;AGOSTO/SEPTIEMBRE;29 AL 03;15;PAZ SOLDAN;5100;FINALIZADO;PAZ SOLDAN 5100;5100 PAZ SOLDAN
-58.4581279963259;-34.5977123572684;651;AGOSTO/SEPTIEMBRE;29 AL 03;15;FRAGATA SARMIENTO;2446;FINALIZADO;FRAGATA PRES. SARMIENTO 2446;2446 FRAGATA PRES. SARMIENTO
-58.4579783997662;-34.5972287148678;652;AGOSTO/SEPTIEMBRE;29 AL 03;15;FRAGATA SARMIENTO;2486;FINALIZADO;FRAGATA PRES. SARMIENTO 2486;2486 FRAGATA PRES. SARMIENTO
-58.4702596716509;-34.5961966442719;653;AGOSTO/SEPTIEMBRE;29 AL 03;15;WARNES;2397;FINALIZADO;WARNES AV. 2397;2397 WARNES AV.
-58.4734413514751;-34.5969698336626;654;AGOSTO/SEPTIEMBRE;29 AL 03;15;WARNES;2552;FINALIZADO;WARNES AV. 2552;2552 WARNES AV.
-58.4767512607841;-34.5969906849727;655;AGOSTO/SEPTIEMBRE;29 AL 03;15;WARNES;2707;FINALIZADO;WARNES AV. 2707;2707 WARNES AV.
-58.4769855905894;-34.5950070004219;656;AGOSTO/SEPTIEMBRE;29 AL 03;15;CHORROARIN;305;FINALIZADO;CHORROARIN AV. 305;305 CHORROARIN AV.
-58.4782233821638;-34.598253942389;657;AGOSTO/SEPTIEMBRE;29 AL 03;15;CHORROARIN;107;FINALIZADO;CHORROARIN 107;107 CHORROARIN
-58.4537596923182;-34.5965343650304;658;AGOSTO/SEPTIEMBRE;29 AL 03;15;DORREGO;206;FINALIZADO;DORREGO AV. 206;206 DORREGO AV.
-58.4528530779236;-34.5959177675881;659;AGOSTO/SEPTIEMBRE;29 AL 03;15;DORREGO;302;FINALIZADO;DORREGO AV. 302;302 DORREGO AV.
-58.4536596086046;-34.5967232283393;660;AGOSTO/SEPTIEMBRE;29 AL 03;15;HUAURA;1489;FINALIZADO;HUAURA 1489;1489 HUAURA
-58.4525840417231;-34.5981797430666;661;AGOSTO/SEPTIEMBRE;29 AL 03;15;HUAURA;1312;FINALIZADO;HUAURA 1312;1312 HUAURA
-58.4523811831641;-34.5981645890523;662;AGOSTO/SEPTIEMBRE;29 AL 03;15;HUAURA;1301;FINALIZADO;HUAURA 1301;1301 HUAURA
-58.4539571580894;-34.5966042159018;663;AGOSTO/SEPTIEMBRE;29 AL 03;15;GIRARDOT;24;FINALIZADO;GIRARDOT 24;24 GIRARDOT
-58.4470318203675;-34.5943385128271;664;AGOSTO/SEPTIEMBRE;29 AL 03;15;CAMARGO;1296;FINALIZADO;CAMARGO 1296;1296 CAMARGO
-58.4584032182697;-34.595964096749;665;AGOSTO/SEPTIEMBRE;29 AL 03;15;JORGE NEWBERY;4850;FINALIZADO;NEWBERY, JORGE AV. 4850;4850 NEWBERY, JORGE AV.
-58.4518052900562;-34.589678039331;666;AGOSTO/SEPTIEMBRE;29 AL 03;15;JORGE NEWBERY Y GUZMAN;;FINALIZADO;NEWBERY, JORGE AV. Y GUZMAN;NEWBERY, JORGE AV. & GUZMAN
-58.455918779119;-34.5935027849248;667;AGOSTO/SEPTIEMBRE;29 AL 03;15;JORGE NEWBERY Y CALDAS;;FINALIZADO;NEWBERY, JORGE AV. Y CALDAS;NEWBERY, JORGE AV. & CALDAS
-58.477062493313;-34.57805034052;668;AGOSTO/SEPTIEMBRE;29 AL 03;15;COMBATIENTES DE MALVINAS;3599;FINALIZADO;COMBATIENTES DE MALVINAS AV. 3599;3599 COMBATIENTES DE MALVINAS AV.
-58.470787337742;-34.5745394516433;669;AGOSTO/SEPTIEMBRE;29 AL 03;15;LA PAMPA;4100;FINALIZADO;LA PAMPA 4100;4100 LA PAMPA
-58.4708618008355;-34.5745819083294;670;AGOSTO/SEPTIEMBRE;29 AL 03;15;LA PAMPA;4104;FINALIZADO;LA PAMPA 4104;4104 LA PAMPA
-58.4735952406251;-34.5790108637992;671;AGOSTO/SEPTIEMBRE;29 AL 03;15;LUGONES;1561;FINALIZADO;LUGONES 1561;1561 LUGONES
-58.473595160715;-34.5790509975253;672;AGOSTO/SEPTIEMBRE;29 AL 03;15;LUGONES;1557;FINALIZADO;LUGONES 1557;1557 LUGONES
-58.4735685979608;-34.5776590286204;673;AGOSTO/SEPTIEMBRE;29 AL 03;15;ALVAREZ THOMAS Y VIRREY DEL PINO;;FINALIZADO;ALVAREZ THOMAS AV. Y PINO, VIRREY DEL;ALVAREZ THOMAS AV. & PINO, VIRREY DEL
-58.4737493570261;-34.577617672076;674;AGOSTO/SEPTIEMBRE;29 AL 03;15;ALVAREZ THOMAS Y LUGONES;;FINALIZADO;ALVAREZ THOMAS AV. Y LUGONES;ALVAREZ THOMAS AV. & LUGONES
-58.4756768126347;-34.5772678181369;675;AGOSTO/SEPTIEMBRE;29 AL 03;15;URDININEA;1798;FINALIZADO;URDININEA 1798;1798 URDININEA
-58.4754973142851;-34.5773468473439;676;AGOSTO/SEPTIEMBRE;29 AL 03;15;URDININEA;1791;FINALIZADO;URDININEA 1791;1791 URDININEA
-58.4671986735613;-34.5741005901342;677;AGOSTO/SEPTIEMBRE;29 AL 03;15;HEREDIA;1698;FINALIZADO;HEREDIA 1698;1698 HEREDIA
-58.4670924775298;-34.5739832584572;678;AGOSTO/SEPTIEMBRE;29 AL 03;15;HEREDIA;1699;FINALIZADO;HEREDIA 1699;1699 HEREDIA
-58.4691080870017;-34.573581943987;679;AGOSTO/SEPTIEMBRE;29 AL 03;15;LA PAMPA;3902;FINALIZADO;LA PAMPA 3902;3902 LA PAMPA
-58.469042712922;-34.5735446691818;680;AGOSTO/SEPTIEMBRE;29 AL 03;15;LA PAMPA;3898;FINALIZADO;LA PAMPA 3898;3898 LA PAMPA
-58.4691579106037;-34.5734351734319;681;AGOSTO/SEPTIEMBRE;29 AL 03;15;LA PAMPA;3899;FINALIZADO;LA PAMPA 3899;3899 LA PAMPA
-58.4692070498919;-34.5734631930356;682;AGOSTO/SEPTIEMBRE;29 AL 03;15;LA PAMPA;3901;FINALIZADO;LA PAMPA 3901;3901 LA PAMPA
-58.4708618008355;-34.5745819083294;683;AGOSTO/SEPTIEMBRE;29 AL 03;15;LA PAMPA;4104;FINALIZADO;LA PAMPA 4104;4104 LA PAMPA
-58.470787337742;-34.5745394516433;684;AGOSTO/SEPTIEMBRE;29 AL 03;15;LA PAMPA;4100;FINALIZADO;LA PAMPA 4100;4100 LA PAMPA
-58.4617115142257;-34.5768424390297;685;AGOSTO/SEPTIEMBRE;29 AL 03;15;FOREST;1304;FINALIZADO;FOREST AV. 1304;1304 FOREST AV.
-58.3858889632979;-34.613494163129;686;SEPTIEMBRE;5 AL 10;1;BELGRANO;1390;FINALIZADO;BELGRANO AV. 1390;1390 BELGRANO AV.
-58.3860397311418;-34.6133599106063;687;SEPTIEMBRE;5 AL 10;1;BELGRANO;1399;FINALIZADO;BELGRANO AV. 1399;1399 BELGRANO AV.
-58.3861254798819;-34.6133658708089;688;SEPTIEMBRE;5 AL 10;1;BELGRANO;1401;FINALIZADO;BELGRANO AV. 1401;1401 BELGRANO AV.
-58.3861384981217;-34.6135115119471;689;SEPTIEMBRE;5 AL 10;1;BELGRANO;1404;FINALIZADO;BELGRANO AV. 1404;1404 BELGRANO AV.
-58.3690786549002;-34.5839964982941;690;SEPTIEMBRE;5 AL 10;1;AV DE LOS INMIGRANTES;2598;FINALIZADO;DE LOS INMIGRANTES AV. 2598;2598 DE LOS INMIGRANTES AV.
-58.3689284872571;-34.5881642374095;691;SEPTIEMBRE;5 AL 10;1;COMODORO PY;2000;FINALIZADO;PY, COMODORO AV. 2000;2000 PY, COMODORO AV.
-58.371700407109;-34.5850462128743;692;SEPTIEMBRE;5 AL 10;1;ARTURO LUISONI;2400;FINALIZADO;LUISONI, ARTURO, MAYOR 2400;2400 LUISONI, ARTURO, MAYOR
-58.493545570369;-34.5900965088886;693;SEPTIEMBRE;5 AL 10;2 Y 3;BOLIVIA;3894;FINALIZADO;ESTADO PLURINACIONAL DE BOLIVIA 3894;3894 ESTADO PLURINACIONAL DE BOLIVIA
-58.4935620338176;-34.5898373592526;694;SEPTIEMBRE;5 AL 10;2 Y 3;BOLIVIA;3915;FINALIZADO;ESTADO PLURINACIONAL DE BOLIVIA 3915;3915 ESTADO PLURINACIONAL DE BOLIVIA
-58.4934058778706;-34.5900101586251;695;SEPTIEMBRE;5 AL 10;2 Y 3;BOLIVIA;3893;FINALIZADO;ESTADO PLURINACIONAL DE BOLIVIA 3893;3893 ESTADO PLURINACIONAL DE BOLIVIA
-58.489443649597;-34.5853102282245;696;SEPTIEMBRE;5 AL 10;2 Y 3;BASILIO HALL;4095;FINALIZADO;HALL, BASILIO 4095;4095 HALL, BASILIO
-58.4907583584211;-34.5861491980193;697;SEPTIEMBRE;5 AL 10;2 Y 3;SALVADOR MARIA DEL CARRIL;2248;FINALIZADO;CARRIL, SALVADOR MARIA DEL AV. 2248;2248 CARRIL, SALVADOR MARIA DEL AV.
-58.491813337572;-34.5868143382424;698;SEPTIEMBRE;5 AL 10;2 Y 3;SALVADOR MARIA DEL CARRIL;2342;FINALIZADO;CARRIL, SALVADOR MARIA DEL AV. 2342;2342 CARRIL, SALVADOR MARIA DEL AV.
-58.4944483813644;-34.593015505203;699;SEPTIEMBRE;5 AL 10;2 Y 3;TERRADA;3684;FINALIZADO;TERRADA 3684;3684 TERRADA
-58.4940781345058;-34.5934257310132;700;SEPTIEMBRE;5 AL 10;2 Y 3;TERRADA;3640;FINALIZADO;TERRADA 3640;3640 TERRADA
-58.4086003239029;-34.5995865814533;701;SEPTIEMBRE;5 AL 10;2 Y 3;SAN LUIS;3096;FINALIZADO;SAN LUIS 3096;3096 SAN LUIS
-58.4088324299969;-34.599572527567;702;SEPTIEMBRE;5 AL 10;2 Y 3;SAN LUIS;3106;FINALIZADO;SAN LUIS 3106;3106 SAN LUIS
-58.4053158476268;-34.5996953130388;703;SEPTIEMBRE;5 AL 10;2 Y 3;SAN LUIS;2801;FINALIZADO;SAN LUIS 2801;2801 SAN LUIS
-58.4058190639862;-34.6018109586919;704;SEPTIEMBRE;5 AL 10;2 Y 3;TUCUMAN;2792;FINALIZADO;TUCUMAN 2792;2792 TUCUMAN
-58.4068453208149;-34.6017083225796;705;SEPTIEMBRE;5 AL 10;2 Y 3;TUCUMAN;2892;FINALIZADO;TUCUMAN 2892;2892 TUCUMAN
-58.407876114018;-34.6011627878405;706;SEPTIEMBRE;5 AL 10;2 Y 3;TUCUMAN;3006;FINALIZADO;TUCUMAN 3006;3006 TUCUMAN
-58.4080551885955;-34.6009812349437;707;SEPTIEMBRE;5 AL 10;2 Y 3;TUCUMAN;3021;FINALIZADO;TUCUMAN 3021;3021 TUCUMAN
-58.4754743403087;-34.6044703332331;708;SEPTIEMBRE;5 AL 10;4;BIARRITZ Y BERNARDO DE LEON;;FINALIZADO;BIARRITZ Y LEON, BERNARDO DE;BIARRITZ & LEON, BERNARDO DE
-58.4668521293259;-34.602890307702;709;SEPTIEMBRE;5 AL 10;4;JUAN A GARCIA Y MANUEL TRELLES;;FINALIZADO;GARCIA, JUAN AGUSTIN Y TRELLES, MANUEL R.;GARCIA, JUAN AGUSTIN & TRELLES, MANUEL R.
-58.5074446750954;-34.6127761319696;710;SEPTIEMBRE;5 AL 10;4;SEGUROLA Y FONTANA;;FINALIZADO;SEGUROLA AV. Y FONTANA, LUIS JORGE CORONEL;SEGUROLA AV. & FONTANA, LUIS JORGE CORONEL
-58.5070546769692;-34.613187556837;711;SEPTIEMBRE;5 AL 10;4;SEGUROLA Y BAIGORIA;;FINALIZADO;SEGUROLA AV. Y BAIGORRIA;SEGUROLA AV. & BAIGORRIA
-58.4763237828209;-34.6087222296367;712;SEPTIEMBRE;5 AL 10;4;SAN BLAS Y ARTIGAS;;FINALIZADO;SAN BLAS Y ARTIGAS, JOSE GERVASIO, GRAL.;SAN BLAS & ARTIGAS, JOSE GERVASIO, GRAL.
-58.4555771256021;-34.634214515094;713;SEPTIEMBRE;5 AL 10;5 Y 6;GREGORIO DE LAFERRERE Y CAMACUA;;FINALIZADO;LAFERRERE, GREGORIO DE Y CAMACUA;LAFERRERE, GREGORIO DE & CAMACUA
-58.4545214916944;-34.6338795787525;714;SEPTIEMBRE;5 AL 10;5 Y 6;GREGORIO DE LAFERRERE Y LAUTARO;;FINALIZADO;LAFERRERE, GREGORIO DE Y LAUTARO;LAFERRERE, GREGORIO DE & LAUTARO
-58.4640591712725;-34.6380575876643;715;SEPTIEMBRE;5 AL 10;5 Y 6;BILBAO ESQ PILLARDO;;FINALIZADO;BILBAO, FRANCISCO AV. Y PILLADO;BILBAO, FRANCISCO AV. & PILLADO
-58.437088262557;-34.6170794789835;716;SEPTIEMBRE;5 AL 10;5 Y 6;ACOYTE ESQ YERBAL;;FINALIZADO;ACOYTE AV. Y YERBAL;ACOYTE AV. & YERBAL
-58.4350705782951;-34.6306073241899;717;SEPTIEMBRE;5 AL 10;7;TEJEDOR;697;FINALIZADO;TEJEDOR 697;697 TEJEDOR
-58.4350438522161;-34.6307498718416;718;SEPTIEMBRE;5 AL 10;7;TEJEDOR;698;FINALIZADO;TEJEDOR 698;698 TEJEDOR
-58.4351605494438;-34.6306201288534;719;SEPTIEMBRE;5 AL 10;7;TEJEDOR;701;FINALIZADO;TEJEDOR 701;701 TEJEDOR
-58.4352200841665;-34.6307749570704;720;SEPTIEMBRE;5 AL 10;7;TEJEDOR;708;FINALIZADO;TEJEDOR 708;708 TEJEDOR
-58.4346464606271;-34.6305469717442;721;SEPTIEMBRE;5 AL 10;7;TEJEDOR;647;FINALIZADO;TEJEDOR 647;647 TEJEDOR
-58.4319268414233;-34.6302723185665;722;SEPTIEMBRE;5 AL 10;7;TEJEDOR;410;FINALIZADO;TEJEDOR 410;410 TEJEDOR
-58.4310682957095;-34.6301460653585;723;SEPTIEMBRE;5 AL 10;7;TEJEDOR;352;FINALIZADO;TEJEDOR 352;352 TEJEDOR
-58.4303670743157;-34.6299000535295;724;SEPTIEMBRE;5 AL 10;7;TEJEDOR;299;FINALIZADO;TEJEDOR 299;299 TEJEDOR
-58.4275462624659;-34.6296618164077;725;SEPTIEMBRE;5 AL 10;7;TEJEDOR;98;FINALIZADO;TEJEDOR 98;98 TEJEDOR
-58.4275746070432;-34.6295195019247;726;SEPTIEMBRE;5 AL 10;7;TEJEDOR;97;FINALIZADO;TEJEDOR 97;97 TEJEDOR
-58.4278189761805;-34.6295527410742;727;SEPTIEMBRE;5 AL 10;7;TEJEDOR;111;FINALIZADO;TEJEDOR 111;111 TEJEDOR
-58.4277108793465;-34.6296842104375;728;SEPTIEMBRE;5 AL 10;7;TEJEDOR;106;FINALIZADO;TEJEDOR 106;106 TEJEDOR
-58.4276705001251;-34.6285655654211;729;SEPTIEMBRE;5 AL 10;7;ZUVIRIA;90;FINALIZADO;ZUVIRIA 90;90 ZUVIRIA
-58.4277548146616;-34.6284314125615;730;SEPTIEMBRE;5 AL 10;7;ZUVIRIA;93;FINALIZADO;ZUVIRIA 93;93 ZUVIRIA
-58.4280059364724;-34.6284680716346;731;SEPTIEMBRE;5 AL 10;7;ZUVIRIA;107;FINALIZADO;ZUVIRIA 107;107 ZUVIRIA
-58.4279104994636;-34.6287104321052;732;SEPTIEMBRE;5 AL 10;7;SENILLOSA;1015;FINALIZADO;SENILLOSA 1015;1015 SENILLOSA
-58.4292655826982;-34.6286274318387;733;SEPTIEMBRE;5 AL 10;7;DOBLAS;996;FINALIZADO;DOBLAS 996;996 DOBLAS
-58.4294498494959;-34.6286110743067;734;SEPTIEMBRE;5 AL 10;7;DOBLAS;991;FINALIZADO;DOBLAS 991;991 DOBLAS
-58.4292184248688;-34.628788983527;735;SEPTIEMBRE;5 AL 10;7;DOBLAS;1006;FINALIZADO;DOBLAS 1006;1006 DOBLAS
-58.4293880432677;-34.6288228124619;736;SEPTIEMBRE;5 AL 10;7;DOBLAS;1005;FINALIZADO;DOBLAS 1005;1005 DOBLAS
-58.4306594113153;-34.6290018199156;737;SEPTIEMBRE;5 AL 10;7;ZUVIRIA;302;FINALIZADO;ZUVIRIA 302;302 ZUVIRIA
-58.430452834702;-34.6289716775402;738;SEPTIEMBRE;5 AL 10;7;ZUVIRIA;290;FINALIZADO;ZUVIRIA 290;290 ZUVIRIA
-58.4272629881283;-34.630706818782;739;SEPTIEMBRE;5 AL 10;7;ESTRADA;94;FINALIZADO;ESTRADA 94;94 ESTRADA
-58.4273407420083;-34.6305282482601;740;SEPTIEMBRE;5 AL 10;7;SENILLOSA;1192;FINALIZADO;SENILLOSA 1192;1192 SENILLOSA
-58.4274271966701;-34.6307299288756;741;SEPTIEMBRE;5 AL 10;7;ESTRADA;102;FINALIZADO;ESTRADA 102;102 ESTRADA
-58.4275062099471;-34.6305946093915;742;SEPTIEMBRE;5 AL 10;7;ESTRADA;105;FINALIZADO;ESTRADA 105;105 ESTRADA
-58.4259020435462;-34.6357972958889;743;SEPTIEMBRE;5 AL 10;7;BALBASTRO;487;FINALIZADO;BALBASTRO 487;487 BALBASTRO
-58.4261499936839;-34.6360172620295;744;SEPTIEMBRE;5 AL 10;7;SENILLOSA;1707;FINALIZADO;SENILLOSA 1707;1707 SENILLOSA
-58.4262034148147;-34.6358040212313;745;SEPTIEMBRE;5 AL 10;7;SENILLOSA;1687;FINALIZADO;SENILLOSA 1687;1687 SENILLOSA
-58.425974292551;-34.6359574890063;746;SEPTIEMBRE;5 AL 10;7;BALBASTRO;496;FINALIZADO;BALBASTRO 496;496 BALBASTRO
-58.4403224328306;-34.6396366794143;747;SEPTIEMBRE;5 AL 10;7;CASTAÑARES;1594;FINALIZADO;CASTAÑARES AV. 1594;1594 CASTAÑARES AV.
-58.4404208330871;-34.6395143629904;748;SEPTIEMBRE;5 AL 10;7;CASTAÑARES;1591;FINALIZADO;CASTAÑARES AV. 1591;1591 CASTAÑARES AV.
-58.4406326900987;-34.6396865059064;749;SEPTIEMBRE;5 AL 10;7;CASTAÑARES;1609;FINALIZADO;CASTAÑARES AV. 1609;1609 CASTAÑARES AV.
-58.4332037564464;-34.6339921753508;750;SEPTIEMBRE;5 AL 10;7;IGUALDAD;1294;FINALIZADO;IGUALDAD 1294;1294 IGUALDAD
-58.4333057996966;-34.6340582122689;751;SEPTIEMBRE;5 AL 10;7;ASAMBLEA;543;FINALIZADO;ASAMBLEA AV. 543;543 ASAMBLEA AV.
-58.4379612471063;-34.6323205284656;752;SEPTIEMBRE;5 AL 10;7;DE LA INDUSTRIA;1095;FINALIZADO;DE LA INDUSTRIA 1095;1095 DE LA INDUSTRIA
-58.4376153569237;-34.6321487207442;753;SEPTIEMBRE;5 AL 10;7;ESTRADA;913;FINALIZADO;ESTRADA 913;913 ESTRADA
-58.4380989945448;-34.6323377664018;754;SEPTIEMBRE;5 AL 10;7;DE LAS GARANTIAS;1092;FINALIZADO;DE LAS GARANTIAS 1092;1092 DE LAS GARANTIAS
-58.4382167454743;-34.6324531471146;755;SEPTIEMBRE;5 AL 10;7;DE LAS GARANTIAS;1095;FINALIZADO;DE LAS GARANTIAS 1095;1095 DE LAS GARANTIAS
-58.4381451917139;-34.6325453084158;756;SEPTIEMBRE;5 AL 10;7;DE LAS GARANTIAS;1101;FINALIZADO;DE LAS GARANTIAS 1101;1101 DE LAS GARANTIAS
-58.4380373966138;-34.6325380785729;757;SEPTIEMBRE;5 AL 10;7;ESTRADA;950;FINALIZADO;ESTRADA 950;950 ESTRADA
-58.438587979975;-34.6312481333273;758;SEPTIEMBRE;5 AL 10;7;DE LA INDUSTRIA;994;FINALIZADO;DE LA INDUSTRIA 994;994 DE LA INDUSTRIA
-58.43872040792;-34.6313445738351;759;SEPTIEMBRE;5 AL 10;7;DE LA INDUSTRIA;995;FINALIZADO;DE LA INDUSTRIA 995;995 DE LA INDUSTRIA
-58.4384705761431;-34.6313990613725;760;SEPTIEMBRE;5 AL 10;7;DE LA INDUSTRIA;1006;FINALIZADO;DE LA INDUSTRIA 1006;1006 DE LA INDUSTRIA
-58.4386027664745;-34.6314958062159;761;SEPTIEMBRE;5 AL 10;7;DE LA INDUSTRIA;1007;FINALIZADO;DE LA INDUSTRIA 1007;1007 DE LA INDUSTRIA
-58.389002296879;-34.6188499196301;762;SEPTIEMBRE;5 AL 10;8;VIRREY CEVALLOS;899;FINALIZADO;CEVALLOS, VIRREY 899;899 CEVALLOS, VIRREY
-58.3873385748643;-34.6186408275905;763;SEPTIEMBRE;5 AL 10;8;LUIS SAENZ PEÑA;886;FINALIZADO;SAENZ PEÑA, LUIS, PRES. 886;886 SAENZ PEÑA, LUIS, PRES.
-58.3857781126264;-34.6185947491643;764;SEPTIEMBRE;5 AL 10;8;SAN JOSE;892;FINALIZADO;SAN JOSE 892;892 SAN JOSE
-58.3815443691436;-34.6203211678523;765;SEPTIEMBRE;5 AL 10;8;LIMA;1047;FINALIZADO;LIMA 1047;1047 LIMA
-58.3872929189792;-34.6213664883005;766;SEPTIEMBRE;5 AL 10;8;LUIS SAENZ PEÑA;1107;FINALIZADO;SAENZ PEÑA, LUIS, PRES. 1107;1107 SAENZ PEÑA, LUIS, PRES.
-58.3844332792194;-34.6212096916409;767;SEPTIEMBRE;5 AL 10;8;SANTIAGO DEL ESTERO;1111;FINALIZADO;SANTIAGO DEL ESTERO 1111;1111 SANTIAGO DEL ESTERO
-58.3872638782336;-34.6211909724253;768;SEPTIEMBRE;5 AL 10;8;HUMBERTO 1°;1501;FINALIZADO;HUMBERTO 1° 1501;1501 HUMBERTO 1°
-58.3857532217072;-34.6224593639916;769;SEPTIEMBRE;5 AL 10;8;SAN JUAN;1398;FINALIZADO;SAN JUAN AV. 1398;1398 SAN JUAN AV.
-58.389852870424;-34.6227059673833;770;SEPTIEMBRE;5 AL 10;8;SAN JUAN;1698;FINALIZADO;SAN JUAN AV. 1698;1698 SAN JUAN AV.
-58.389549597631;-34.6225427680859;771;SEPTIEMBRE;5 AL 10;8;SAN JUAN;1667;FINALIZADO;SAN JUAN AV. 1667;1667 SAN JUAN AV.
-58.3899419350911;-34.6225667970066;772;SEPTIEMBRE;5 AL 10;8;SAN JUAN;1701;FINALIZADO;SAN JUAN AV. 1701;1701 SAN JUAN AV.
-58.3899290428134;-34.6227106339353;773;SEPTIEMBRE;5 AL 10;8;SAN JUAN;1702;FINALIZADO;SAN JUAN AV. 1702;1702 SAN JUAN AV.
-58.3858644551263;-34.6224654917515;774;SEPTIEMBRE;5 AL 10;8;SAN JUAN;1402;FINALIZADO;SAN JUAN AV. 1402;1402 SAN JUAN AV.
-58.3859213934748;-34.6220232253154;775;SEPTIEMBRE;5 AL 10;8;SAN JOSE;1171;FINALIZADO;SAN JOSE 1171;1171 SAN JOSE
-58.3907031598444;-34.630452797866;776;SEPTIEMBRE;5 AL 10;8;ENTRE RIOS;1898;FINALIZADO;ENTRE RIOS AV. 1898;1898 ENTRE RIOS AV.
-58.3906925635916;-34.6305416749412;777;SEPTIEMBRE;5 AL 10;8;ENTRE RIOS;1902;FINALIZADO;ENTRE RIOS AV. 1902;1902 ENTRE RIOS AV.
-58.3905715363405;-34.6315569296005;778;SEPTIEMBRE;5 AL 10;8;ENTRE RIOS;2002;FINALIZADO;ENTRE RIOS AV. 2002;2002 ENTRE RIOS AV.
-58.3826083369134;-34.6301792090471;779;SEPTIEMBRE;5 AL 10;8;SALTA;1898;FINALIZADO;SALTA 1898;1898 SALTA
-58.3881486061828;-34.6287738539257;780;SEPTIEMBRE;5 AL 10;8;BRASIL;1601;FINALIZADO;BRASIL 1601;1601 BRASIL
-58.3856574006568;-34.6283479321241;781;SEPTIEMBRE;5 AL 10;8;BRASIL;1399;FINALIZADO;BRASIL 1399;1399 BRASIL
-58.3813209110407;-34.6284803549164;782;SEPTIEMBRE;5 AL 10;8;LIMA;1758;FINALIZADO;LIMA 1758;1758 LIMA
-58.3813289998093;-34.6282509336512;783;SEPTIEMBRE;5 AL 10;8;LIMA;1738;FINALIZADO;LIMA 1738;1738 LIMA
-58.3815042192666;-34.628232194152;784;SEPTIEMBRE;5 AL 10;8;LIMA;1735;FINALIZADO;LIMA 1735;1735 LIMA
-58.3900385087302;-34.6280871027986;785;SEPTIEMBRE;5 AL 10;8;ANTEQUERA;1743;FINALIZADO;ANTEQUERA 1743;1743 ANTEQUERA
-58.3901219230726;-34.6282347668811;786;SEPTIEMBRE;5 AL 10;8;ANTEQUERA;1750;FINALIZADO;ANTEQUERA 1750;1750 ANTEQUERA
-58.3901809698058;-34.6280926917246;787;SEPTIEMBRE;5 AL 10;8;ANTEQUERA;1751;FINALIZADO;ANTEQUERA 1751;1751 ANTEQUERA
-58.3902798471482;-34.6282409690049;788;SEPTIEMBRE;5 AL 10;8;ANTEQUERA;1758;FINALIZADO;ANTEQUERA 1758;1758 ANTEQUERA
-58.3873660320337;-34.6188571109132;789;SEPTIEMBRE;5 AL 10;8;ESTADOS UNIDOS;1500;FINALIZADO;ESTADOS UNIDOS 1500;1500 ESTADOS UNIDOS
-58.4709417676541;-34.5608652860273;790;SEPTIEMBRE;5 AL 10;9;CONDE;2811;FINALIZADO;CONDE 2811;2811 CONDE
-58.4691829356223;-34.5590130135599;791;SEPTIEMBRE;5 AL 10;9;CONGRESO;3104;FINALIZADO;CONGRESO AV. 3104;3104 CONGRESO AV.
-58.469109054438;-34.5588043768923;792;SEPTIEMBRE;5 AL 10;9;CONGRESO;3089;FINALIZADO;CONGRESO AV. 3089;3089 CONGRESO AV.
-58.4691653529714;-34.5590038828087;793;SEPTIEMBRE;5 AL 10;9;CONGRESO;3102;FINALIZADO;CONGRESO AV. 3102;3102 CONGRESO AV.
-58.4716802807059;-34.5601829019713;794;SEPTIEMBRE;5 AL 10;9;CONGRESO;3301;FINALIZADO;CONGRESO AV. 3301;3301 CONGRESO AV.
-58.4713839886162;-34.5599855801505;795;SEPTIEMBRE;5 AL 10;9;CONGRESO;3295;FINALIZADO;CONGRESO AV. 3295;3295 CONGRESO AV.
-58.4688359429613;-34.5610170370805;796;SEPTIEMBRE;5 AL 10;9;RAMON FREIRE;2710;FINALIZADO;FREIRE, RAMON, CAP. GRAL. 2710;2710 FREIRE, RAMON, CAP. GRAL.
-58.4694905695057;-34.5602413921914;797;SEPTIEMBRE;5 AL 10;9;RAMON FREIRE;2802;FINALIZADO;FREIRE, RAMON, CAP. GRAL. 2802;2802 FREIRE, RAMON, CAP. GRAL.
-58.4717621077115;-34.5574480289729;798;SEPTIEMBRE;5 AL 10;9;RAMON FREIRE;3101;FINALIZADO;FREIRE, RAMON, CAP. GRAL. 3101;3101 FREIRE, RAMON, CAP. GRAL.
-58.468420041571;-34.5620761368053;799;SEPTIEMBRE;5 AL 10;9;RAMON FREIRE;2602;FINALIZADO;FREIRE, RAMON, CAP. GRAL. 2602;2602 FREIRE, RAMON, CAP. GRAL.
-58.472862313729;-34.5566555362317;800;SEPTIEMBRE;5 AL 10;9;RAMON FREIRE;3209;FINALIZADO;FREIRE, RAMON, CAP. GRAL. 3209;3209 FREIRE, RAMON, CAP. GRAL.
-58.4676085903658;-34.5616381618351;801;SEPTIEMBRE;5 AL 10;9;BALBIN;2599;FINALIZADO;BALBIN, RICARDO, DR. AV. 2599;2599 BALBIN, RICARDO, DR. AV.
-58.4700481224422;-34.560614013608;802;SEPTIEMBRE;5 AL 10;9;BALBIN;2795;FINALIZADO;BALBIN, RICARDO, DR. AV. 2795;2795 BALBIN, RICARDO, DR. AV.
-58.4730334422903;-34.5595265528682;803;SEPTIEMBRE;5 AL 10;9;BALBIN;3002;FINALIZADO;BALBIN, RICARDO, DR. AV. 3002;3002 BALBIN, RICARDO, DR. AV.
-58.4756309403409;-34.5584287460191;804;SEPTIEMBRE;5 AL 10;9;BALBIN;3198;FINALIZADO;BALBIN, RICARDO, DR. AV. 3198;3198 BALBIN, RICARDO, DR. AV.
-58.4690340437227;-34.5613420260896;805;SEPTIEMBRE;5 AL 10;9;PEDRO RIVERA;3204;FINALIZADO;RIVERA, PEDRO I., DR. 3204;3204 RIVERA, PEDRO I., DR.
-58.4639867415114;-34.5583457511184;806;SEPTIEMBRE;5 AL 10;9;PEDRO RIVERA;2699;FINALIZADO;RIVERA, PEDRO I., DR. 2699;2699 RIVERA, PEDRO I., DR.
-58.4721740642898;-34.5631082224404;807;SEPTIEMBRE;5 AL 10;9;PEDRO RIVERA;3502;FINALIZADO;RIVERA, PEDRO I., DR. 3502;3502 RIVERA, PEDRO I., DR.
-58.4731122726658;-34.563636795131;808;SEPTIEMBRE;5 AL 10;9;PEDRO RIVERA;3602;FINALIZADO;RIVERA, PEDRO I., DR. 3602;3602 RIVERA, PEDRO I., DR.
-58.4678792212045;-34.5617119688693;809;SEPTIEMBRE;5 AL 10;9;ROOSEVELT;3161;FINALIZADO;ROOSEVELT FRANKLIN D. 3161;3161 ROOSEVELT FRANKLIN D.
-58.4665460129517;-34.5611202168428;810;SEPTIEMBRE;5 AL 10;9;ROOSEVELT;3050;FINALIZADO;ROOSEVELT FRANKLIN D. 3050;3050 ROOSEVELT FRANKLIN D.
-58.5185704175506;-34.6251673315712;811;SEPTIEMBRE;5 AL 10;10;CORTINA ESQ SANTO TOME;;FINALIZADO;CORTINA Y SANTO TOME;CORTINA & SANTO TOME
-58.5152541441729;-34.6231202845849;812;SEPTIEMBRE;5 AL 10;10;LUIS BRAILE ESQ VIRGILIO;;FINALIZADO;BRAILLE, LUIS Y VIRGILIO;BRAILLE, LUIS & VIRGILIO
-58.5179557523898;-34.6272376811404;813;SEPTIEMBRE;5 AL 10;10;IRIGOYEN ESQ MARTIN FIERRO;;FINALIZADO;IRIGOYEN Y MARTIN FIERRO;IRIGOYEN & MARTIN FIERRO
-58.516982690373;-34.6263973138964;814;SEPTIEMBRE;5 AL 10;10;CORTINA ESQ MARTIN FIERRO;;FINALIZADO;CORTINA Y MARTIN FIERRO;CORTINA & MARTIN FIERRO
-58.5151811641868;-34.6247898087321;815;SEPTIEMBRE;5 AL 10;10;MOLIERE ESQ MARTIN FIERRO;;FINALIZADO;MOLIERE Y MARTIN FIERRO;MOLIERE & MARTIN FIERRO
-58.5142333449534;-34.6238984927406;816;SEPTIEMBRE;5 AL 10;10;VIRGILIO ESQ MARTIN FIERRO;;FINALIZADO;VIRGILIO Y MARTIN FIERRO;VIRGILIO & MARTIN FIERRO
-58.5131587937056;-34.6247176308505;817;SEPTIEMBRE;5 AL 10;10;VIRGILIO ESQ GIBRALTAR;;FINALIZADO;VIRGILIO Y GIBRALTAR;VIRGILIO & GIBRALTAR
-58.5140914292474;-34.6255814962981;818;SEPTIEMBRE;5 AL 10;10;MOLIERE ESQ GIBRALTAR;;FINALIZADO;MOLIERE Y GIBRALTAR;MOLIERE & GIBRALTAR
-58.5014815301255;-34.5960712438186;819;SEPTIEMBRE;5 AL 10;11;PEDRO MORAN;3298;FINALIZADO;MORAN, PEDRO 3298;3298 MORAN, PEDRO
-58.5016047942118;-34.5959673317016;820;SEPTIEMBRE;5 AL 10;11;PEDRO MORAN;3299;FINALIZADO;MORAN, PEDRO 3299;3299 MORAN, PEDRO
-58.5015669224985;-34.5961238699972;821;SEPTIEMBRE;5 AL 10;11;PEDRO MORAN;3302;FINALIZADO;MORAN, PEDRO 3302;3302 MORAN, PEDRO
-58.5017483365456;-34.5960557840159;822;SEPTIEMBRE;5 AL 10;11;PEDRO MORAN;3307;FINALIZADO;MORAN, PEDRO 3307;3307 MORAN, PEDRO
-58.5114859162289;-34.6022509443381;823;SEPTIEMBRE;5 AL 10;11;PEDRO MORAN;4148;FINALIZADO;MORAN, PEDRO 4148;4148 MORAN, PEDRO
-58.5119146022855;-34.6023354716938;824;SEPTIEMBRE;5 AL 10;11;PEDRO MORAN;4199;FINALIZADO;MORAN, PEDRO 4199;4199 MORAN, PEDRO
-58.5113032817735;-34.6019583113751;825;SEPTIEMBRE;5 AL 10;11;PEDRO MORAN;4101;FINALIZADO;MORAN, PEDRO 4101;4101 MORAN, PEDRO
-58.5101222051904;-34.6014096317036;826;SEPTIEMBRE;5 AL 10;11;PEDRO MORAN;3980;FINALIZADO;MORAN, PEDRO 3980;3980 MORAN, PEDRO
-58.5103922920168;-34.6013963041039;827;SEPTIEMBRE;5 AL 10;11;PEDRO MORAN;3999;FINALIZADO;MORAN, PEDRO 3999;3999 MORAN, PEDRO
-58.5104441853365;-34.6014283173773;828;SEPTIEMBRE;5 AL 10;11;PEDRO MORAN;4001;FINALIZADO;MORAN, PEDRO 4001;4001 MORAN, PEDRO
-58.5103398785062;-34.6015439198635;829;SEPTIEMBRE;5 AL 10;11;PEDRO MORAN;4002;FINALIZADO;MORAN, PEDRO 4002;4002 MORAN, PEDRO
-58.5082398579029;-34.600068374735;830;SEPTIEMBRE;5 AL 10;11;PEDRO MORAN;3799;FINALIZADO;MORAN, PEDRO 3799;3799 MORAN, PEDRO
-58.506976054725;-34.5992844958891;831;SEPTIEMBRE;5 AL 10;11;PEDRO MORAN;3701;FINALIZADO;MORAN, PEDRO 3701;3701 MORAN, PEDRO
-58.5067800129023;-34.5993447364266;832;SEPTIEMBRE;5 AL 10;11;PEDRO MORAN;3698;FINALIZADO;MORAN, PEDRO 3698;3698 MORAN, PEDRO
-58.5056832761071;-34.5984878731363;833;SEPTIEMBRE;5 AL 10;11;PEDRO MORAN;3601;FINALIZADO;MORAN, PEDRO 3601;3601 MORAN, PEDRO
-58.5042133646414;-34.5975793488652;834;SEPTIEMBRE;5 AL 10;11;PEDRO MORAN;3495;FINALIZADO;MORAN, PEDRO 3495;3495 MORAN, PEDRO
-58.5043447188533;-34.5976605352396;835;SEPTIEMBRE;5 AL 10;11;PEDRO MORAN;3501;FINALIZADO;MORAN, PEDRO 3501;3501 MORAN, PEDRO
-58.5042402924621;-34.5977760599994;836;SEPTIEMBRE;5 AL 10;11;PEDRO MORAN;3502;FINALIZADO;MORAN, PEDRO 3502;3502 MORAN, PEDRO
-58.5041345224121;-34.5977106852031;837;SEPTIEMBRE;5 AL 10;11;PEDRO MORAN;3498;FINALIZADO;MORAN, PEDRO 3498;3498 MORAN, PEDRO
-58.4925167821994;-34.5549769883607;838;SEPTIEMBRE;5 AL 10;12;BESARES ESQ LUGONES;;FINALIZADO;BESARES Y LUGONES;BESARES & LUGONES
-58.4771026423775;-34.5435498796392;839;SEPTIEMBRE;5 AL 10;12;CRAMER ESQ ARIAS;;FINALIZADO;CRAMER Y ARIAS;CRAMER & ARIAS
-58.4803063378698;-34.5417389518931;840;SEPTIEMBRE;5 AL 10;12;ZAPIOLA ESQ VEDIA;;FINALIZADO;ZAPIOLA Y VEDIA;ZAPIOLA & VEDIA
-58.4799110902756;-34.542553482705;841;SEPTIEMBRE;5 AL 10;12;ZAPIOLA ESQ PICO;;FINALIZADO;ZAPIOLA Y PICO;ZAPIOLA & PICO
-58.4990177736484;-34.5520997435935;842;SEPTIEMBRE;5 AL 10;12;BALBIN ESQ PICO;;FINALIZADO;BALBIN, RICARDO, DR. AV. Y PICO;BALBIN, RICARDO, DR. AV. & PICO
-58.4980587178541;-34.5526645581534;843;SEPTIEMBRE;5 AL 10;12;BALBIN ESQ DEHEZA;;FINALIZADO;BALBIN, RICARDO, DR. AV. Y DEHEZA;BALBIN, RICARDO, DR. AV. & DEHEZA
-58.4957436488279;-34.5503646771735;844;SEPTIEMBRE;5 AL 10;12;LUGONES ESQ PICO;;FINALIZADO;LUGONES Y PICO;LUGONES & PICO
-58.5269207089461;-34.6346829728346;845;SEPTIEMBRE;5 AL 10;14;GANA Y JUAN B JUSTO;;FINALIZADO;GANA Y JUSTO, JUAN B. AV.;GANA & JUSTO, JUAN B. AV.
-58.5254551659989;-34.6331626496339;846;SEPTIEMBRE;5 AL 10;14;FRAGUEIRO;503;FINALIZADO;FRAGUEIRO 503;503 FRAGUEIRO
-58.5255373017446;-34.6333085809762;847;SEPTIEMBRE;5 AL 10;14;FRAGUEIRO;490;FINALIZADO;FRAGUEIRO 490;490 FRAGUEIRO
-58.5253053062631;-34.63354830042;848;SEPTIEMBRE;5 AL 10;14;FRAGUEIRO;474;FINALIZADO;FRAGUEIRO 474;474 FRAGUEIRO
-58.4872523905399;-34.6256189371628;849;SEPTIEMBRE;5 AL 10;14;JUAN B JUSTO ESQ MERCEDES;;FINALIZADO;JUSTO, JUAN B. AV. Y MERCEDES;JUSTO, JUAN B. AV. & MERCEDES
-58.4944179962644;-34.626717303094;850;SEPTIEMBRE;5 AL 10;14;REMEDIOS DE ESCALADA DE SAN MARTIN;4437;FINALIZADO;ESCALADA DE SAN MARTIN, R. 4437;4437 ESCALADA DE SAN MARTIN, R.
-58.4910956448609;-34.6270110371601;851;SEPTIEMBRE;5 AL 10;14;JUAN B JUSTO Y SEGUROLA;;FINALIZADO;JUSTO, JUAN B. AV. Y SEGUROLA AV.;JUSTO, JUAN B. AV. & SEGUROLA AV.
-58.4766914380585;-34.632642467098;852;SEPTIEMBRE;5 AL 10;14;RIVADAVIA Y DOLORES;8000;FINALIZADO;RIVADAVIA AV. 8000;8000 RIVADAVIA AV.
-58.4767404256406;-34.6325040364573;853;SEPTIEMBRE;5 AL 10;14;RIVADAVIA;7999;FINALIZADO;RIVADAVIA AV. 7999;7999 RIVADAVIA AV.
-58.5236824273971;-34.6312968727573;854;SEPTIEMBRE;5 AL 10;14;MARIANO GAMBOA;6490;FINALIZADO;GAMBOA, MARCELO 6490;6490 GAMBOA, MARCELO
-58.524977244122;-34.6316470509442;855;SEPTIEMBRE;5 AL 10;14;MARIANO GAMBOA Y GALLARDO;;FINALIZADO;GAMBOA, MARCELO Y GALLARDO;GAMBOA, MARCELO & GALLARDO
-58.4752037510033;-34.6335161202365;856;SEPTIEMBRE;5 AL 10;14;RAMON FALCON ESQ AZUL 89;;FINALIZADO;AZUL 89;89 AZUL
-58.4728742754615;-34.6331512362204;857;SEPTIEMBRE;5 AL 10;14;RAMON FALCON ESQ PORTELA;;FINALIZADO;FALCON, RAMON L.,CNEL. Y PORTELA;FALCON, RAMON L.,CNEL. & PORTELA
-58.4694336996003;-34.5949294160173;858;SEPTIEMBRE;5 AL 10;15;PAZ SOLDAN;5102;FINALIZADO;PAZ SOLDAN 5102;5102 PAZ SOLDAN
-58.4696417344896;-34.5948820191412;859;SEPTIEMBRE;5 AL 10;15;PAZ SOLDAN;5109;FINALIZADO;PAZ SOLDAN 5109;5109 PAZ SOLDAN
-58.469439861359;-34.5947491109655;860;SEPTIEMBRE;5 AL 10;15;PAZ SOLDAN;5093;FINALIZADO;PAZ SOLDAN 5093;5093 PAZ SOLDAN
-58.4693756432479;-34.5948911925773;861;SEPTIEMBRE;5 AL 10;15;PAZ SOLDAN;5100;FINALIZADO;PAZ SOLDAN 5100;5100 PAZ SOLDAN
-58.4702596716509;-34.5961966442719;862;SEPTIEMBRE;5 AL 10;15;WARNES;2397;FINALIZADO;WARNES AV. 2397;2397 WARNES AV.
-58.4734413514751;-34.5969698336626;863;SEPTIEMBRE;5 AL 10;15;WARNES;2552;FINALIZADO;WARNES AV. 2552;2552 WARNES AV.
-58.4767512607841;-34.5969906849727;864;SEPTIEMBRE;5 AL 10;15;WARNES;2707;FINALIZADO;WARNES AV. 2707;2707 WARNES AV.
-58.4601179317887;-34.5965564007678;865;SEPTIEMBRE;5 AL 10;15;WARNES;1757;FINALIZADO;WARNES AV. 1757;1757 WARNES AV.
-58.458251117082;-34.5968499328974;866;SEPTIEMBRE;5 AL 10;15;WARNES;1601;FINALIZADO;WARNES AV. 1601;1601 WARNES AV.
-58.4769855905894;-34.5950070004219;867;SEPTIEMBRE;5 AL 10;15;CHORROARIN;305;FINALIZADO;CHORROARIN AV. 305;305 CHORROARIN AV.
-58.4782233821638;-34.598253942389;868;SEPTIEMBRE;5 AL 10;15;CHORROARIN;107;FINALIZADO;CHORROARIN 107;107 CHORROARIN
-58.4537596923182;-34.5965343650304;869;SEPTIEMBRE;5 AL 10;15;DORREGO;206;FINALIZADO;DORREGO AV. 206;206 DORREGO AV.
-58.4528530779236;-34.5959177675881;870;SEPTIEMBRE;5 AL 10;15;DORREGO;302;FINALIZADO;DORREGO AV. 302;302 DORREGO AV.
-58.4536596086046;-34.5967232283393;871;SEPTIEMBRE;5 AL 10;15;HUAURA;1489;FINALIZADO;HUAURA 1489;1489 HUAURA
-58.4525840417231;-34.5981797430666;872;SEPTIEMBRE;5 AL 10;15;HUAURA;1312;FINALIZADO;HUAURA 1312;1312 HUAURA
-58.4523811831641;-34.5981645890523;873;SEPTIEMBRE;5 AL 10;15;HUAURA;1301;FINALIZADO;HUAURA 1301;1301 HUAURA
-58.4539571580894;-34.5966042159018;874;SEPTIEMBRE;5 AL 10;15;GIRARDOT;24;FINALIZADO;GIRARDOT 24;24 GIRARDOT
-58.4584032182697;-34.595964096749;875;SEPTIEMBRE;5 AL 10;15;JORGE NEWBERY;4850;FINALIZADO;NEWBERY, JORGE AV. 4850;4850 NEWBERY, JORGE AV.
-58.4518052900562;-34.589678039331;876;SEPTIEMBRE;5 AL 10;15;JORGE NEWBERY Y GUZMAN;;FINALIZADO;NEWBERY, JORGE AV. Y GUZMAN;NEWBERY, JORGE AV. & GUZMAN
-58.455918779119;-34.5935027849248;877;SEPTIEMBRE;5 AL 10;15;JORGE NEWBERY Y CALDAS;;FINALIZADO;NEWBERY, JORGE AV. Y CALDAS;NEWBERY, JORGE AV. & CALDAS
-58.477062493313;-34.57805034052;878;SEPTIEMBRE;5 AL 10;15;COMBATIENTES DE MALVINAS;3599;FINALIZADO;COMBATIENTES DE MALVINAS AV. 3599;3599 COMBATIENTES DE MALVINAS AV.
-58.470787337742;-34.5745394516433;879;SEPTIEMBRE;5 AL 10;15;LA PAMPA;4100;FINALIZADO;LA PAMPA 4100;4100 LA PAMPA
-58.4708618008355;-34.5745819083294;880;SEPTIEMBRE;5 AL 10;15;LA PAMPA;4104;FINALIZADO;LA PAMPA 4104;4104 LA PAMPA
-58.4735952406251;-34.5790108637992;881;SEPTIEMBRE;5 AL 10;15;LUGONES;1561;FINALIZADO;LUGONES 1561;1561 LUGONES
-58.473595160715;-34.5790509975253;882;SEPTIEMBRE;5 AL 10;15;LUGONES;1557;FINALIZADO;LUGONES 1557;1557 LUGONES
-58.4735685979608;-34.5776590286204;883;SEPTIEMBRE;5 AL 10;15;ALVAREZ THOMAS Y VIRREY DEL PINO;;FINALIZADO;ALVAREZ THOMAS AV. Y PINO, VIRREY DEL;ALVAREZ THOMAS AV. & PINO, VIRREY DEL
-58.4737493570261;-34.577617672076;884;SEPTIEMBRE;5 AL 10;15;ALVAREZ THOMAS Y LUGONES;;FINALIZADO;ALVAREZ THOMAS AV. Y LUGONES;ALVAREZ THOMAS AV. & LUGONES
-58.4756768126347;-34.5772678181369;885;SEPTIEMBRE;5 AL 10;15;URDININEA;1798;FINALIZADO;URDININEA 1798;1798 URDININEA
-58.4617115142257;-34.5768424390297;886;SEPTIEMBRE;5 AL 10;15;FOREST;1304;FINALIZADO;FOREST AV. 1304;1304 FOREST AV.
-58.39148040061;-34.6138768162946;887;SEPTIEMBRE;12 AL 17;1;BELGRANO;1786;FINALIZADO;BELGRANO AV. 1786;1786 BELGRANO AV.
-58.391583314341;-34.6138861251195;888;SEPTIEMBRE;12 AL 17;1;BELGRANO;1794;FINALIZADO;BELGRANO AV. 1794;1794 BELGRANO AV.
-58.39167947104;-34.613749732036;889;SEPTIEMBRE;12 AL 17;1;BELGRANO;1799;FINALIZADO;BELGRANO AV. 1799;1799 BELGRANO AV.
-58.383251972032;-34.6133087931866;890;SEPTIEMBRE;12 AL 17;1;BELGRANO;1202;FINALIZADO;BELGRANO AV. 1202;1202 BELGRANO AV.
-58.3734553711907;-34.5831435539973;891;SEPTIEMBRE;12 AL 17;1;ANTARTIDA ARGENTINA;1550;FINALIZADO;ANTARTIDA ARGENTINA AV. 1550;1550 ANTARTIDA ARGENTINA AV.
-58.373024337115;-34.5837462923733;892;SEPTIEMBRE;12 AL 17;1;ANTARTIDA ARGENTINA;1501;FINALIZADO;ANTARTIDA ARGENTINA AV. 1501;1501 ANTARTIDA ARGENTINA AV.
-58.3727953222056;-34.5843827297888;893;SEPTIEMBRE;12 AL 17;1;ANTARTIDA ARGENTINA;1399;FINALIZADO;ANTARTIDA ARGENTINA AV. 1399;1399 ANTARTIDA ARGENTINA AV.
-58.3722806174359;-34.586063462676;895;SEPTIEMBRE;12 AL 17;1;ANTARTIDA ARGENTINA;1299;FINALIZADO;ANTARTIDA ARGENTINA AV. 1299;1299 ANTARTIDA ARGENTINA AV.
-58.493545570369;-34.5900965088886;896;SEPTIEMBRE;12 AL 17;2 Y 3;BOLIVIA;3894;FINALIZADO;ESTADO PLURINACIONAL DE BOLIVIA 3894;3894 ESTADO PLURINACIONAL DE BOLIVIA
-58.4935620338176;-34.5898373592526;897;SEPTIEMBRE;12 AL 17;2 Y 3;BOLIVIA;3915;FINALIZADO;ESTADO PLURINACIONAL DE BOLIVIA 3915;3915 ESTADO PLURINACIONAL DE BOLIVIA
-58.4934058778706;-34.5900101586251;898;SEPTIEMBRE;12 AL 17;2 Y 3;BOLIVIA;3893;FINALIZADO;ESTADO PLURINACIONAL DE BOLIVIA 3893;3893 ESTADO PLURINACIONAL DE BOLIVIA
-58.4997225907714;-34.5936435806176;899;SEPTIEMBRE;12 AL 17;2 Y 3;HELGUERA;3916;FINALIZADO;HELGUERA 3916;3916 HELGUERA
-58.4043841091142;-34.6008154042294;900;SEPTIEMBRE;12 AL 17;2 Y 3;PUEYRREDON;807;FINALIZADO;PUEYRREDON AV. 807;807 PUEYRREDON AV.
-58.4058522722201;-34.606531279307;901;SEPTIEMBRE;12 AL 17;2 Y 3;PUEYRREDON;301;FINALIZADO;PUEYRREDON AV. 301;301 PUEYRREDON AV.
-58.491813337572;-34.5868143382424;902;SEPTIEMBRE;12 AL 17;2 Y 3;SALVADOR MARIA DEL CARRIL;2342;FINALIZADO;CARRIL, SALVADOR MARIA DEL AV. 2342;2342 CARRIL, SALVADOR MARIA DEL AV.
-58.4944483813644;-34.593015505203;903;SEPTIEMBRE;12 AL 17;2 Y 3;TERRADA;3684;FINALIZADO;TERRADA 3684;3684 TERRADA
-58.4940781345058;-34.5934257310132;904;SEPTIEMBRE;12 AL 17;2 Y 3;TERRADA;3640;FINALIZADO;TERRADA 3640;3640 TERRADA
-58.4086003239029;-34.5995865814533;905;SEPTIEMBRE;12 AL 17;2 Y 3;SAN LUIS;3096;FINALIZADO;SAN LUIS 3096;3096 SAN LUIS
-58.4088324299969;-34.599572527567;906;SEPTIEMBRE;12 AL 17;2 Y 3;SAN LUIS;3106;FINALIZADO;SAN LUIS 3106;3106 SAN LUIS
-58.4053158476268;-34.5996953130388;907;SEPTIEMBRE;12 AL 17;2 Y 3;SAN LUIS;2801;FINALIZADO;SAN LUIS 2801;2801 SAN LUIS
-58.4058190639862;-34.6018109586919;908;SEPTIEMBRE;12 AL 17;2 Y 3;TUCUMAN;2792;FINALIZADO;TUCUMAN 2792;2792 TUCUMAN
-58.4068453208149;-34.6017083225796;909;SEPTIEMBRE;12 AL 17;2 Y 3;TUCUMAN;2892;FINALIZADO;TUCUMAN 2892;2892 TUCUMAN
-58.407876114018;-34.6011627878405;910;SEPTIEMBRE;12 AL 17;2 Y 3;TUCUMAN;3006;FINALIZADO;TUCUMAN 3006;3006 TUCUMAN
-58.4080551885955;-34.6009812349437;911;SEPTIEMBRE;12 AL 17;2 Y 3;TUCUMAN;3021;FINALIZADO;TUCUMAN 3021;3021 TUCUMAN
-58.511491229922;-34.6104744961509;912;SEPTIEMBRE;12 AL 17;4;MARCOS PAZ ESQ COHGLAN;;FINALIZADO;PAZ, MARCOS Y COGHLAN, JUAN M.;PAZ, MARCOS & COGHLAN, JUAN M.
-58.5121567291641;-34.6149214316793;913;SEPTIEMBRE;12 AL 17;4;NOGOYA ESQ POSADAS;;FINALIZADO;NOGOYA Y POSADAS, ALEJANDRO, DR.;NOGOYA & POSADAS, ALEJANDRO, DR.
-58.5100183663075;-34.6149192509805;914;SEPTIEMBRE;12 AL 17;4;BAIGORRIA ESQ DIAMANTE;;FINALIZADO;BAIGORRIA Y DIAMANTE;BAIGORRIA & DIAMANTE
-58.5100524706951;-34.6095743968437;915;SEPTIEMBRE;12 AL 17;4;SEGUROLA ESQ COHGLAN;;FINALIZADO;SEGUROLA AV. Y COGHLAN, JUAN M.;SEGUROLA AV. & COGHLAN, JUAN M.
-58.4648069584131;-34.6383885735704;916;SEPTIEMBRE;12 AL 17;5 Y 6;BILBAO ESQ LA FUENTE;;FINALIZADO;BILBAO, FRANCISCO Y LAFUENTE;BILBAO, FRANCISCO & LAFUENTE
-58.4545214916944;-34.6338795787525;917;SEPTIEMBRE;12 AL 17;5 Y 6;GREGORIO DE LAFERRERE Y LAUTARO;;FINALIZADO;LAFERRERE, GREGORIO DE Y LAUTARO;LAFERRERE, GREGORIO DE & LAUTARO
-58.4640591712725;-34.6380575876643;918;SEPTIEMBRE;12 AL 17;5 Y 6;BILBAO ESQ PILLARDO;;FINALIZADO;BILBAO, FRANCISCO AV. Y PILLADO;BILBAO, FRANCISCO AV. & PILLADO
-58.4672552260558;-34.6399779929514;919;SEPTIEMBRE;12 AL 17;5 Y 6;BILBAO ESQ QUIRNO;;FINALIZADO;BILBAO, FRANCISCO AV. Y QUIRNO;BILBAO, FRANCISCO AV. & QUIRNO
-58.4692929357684;-34.6412804762922;920;SEPTIEMBRE;12 AL 17;5 Y 6;BILBAO ESQ PORTELA;;FINALIZADO;BILBAO, FRANCISCO AV. Y PORTELA;BILBAO, FRANCISCO AV. & PORTELA
-58.437088262557;-34.6170794789835;921;SEPTIEMBRE;12 AL 17;5 Y 6;ACOYTE ESQ YERBAL;;FINALIZADO;ACOYTE AV. Y YERBAL;ACOYTE AV. & YERBAL
-58.4350705782951;-34.6306073241899;922;SEPTIEMBRE;12 AL 17;7;TEJEDOR;697;FINALIZADO;TEJEDOR 697;697 TEJEDOR
-58.4350438522161;-34.6307498718416;923;SEPTIEMBRE;12 AL 17;7;TEJEDOR;698;FINALIZADO;TEJEDOR 698;698 TEJEDOR
-58.4351605494438;-34.6306201288534;924;SEPTIEMBRE;12 AL 17;7;TEJEDOR;701;FINALIZADO;TEJEDOR 701;701 TEJEDOR
-58.4352200841665;-34.6307749570704;925;SEPTIEMBRE;12 AL 17;7;TEJEDOR;708;FINALIZADO;TEJEDOR 708;708 TEJEDOR
-58.4346464606271;-34.6305469717442;926;SEPTIEMBRE;12 AL 17;7;TEJEDOR;647;FINALIZADO;TEJEDOR 647;647 TEJEDOR
-58.4319268414233;-34.6302723185665;927;SEPTIEMBRE;12 AL 17;7;TEJEDOR;410;FINALIZADO;TEJEDOR 410;410 TEJEDOR
-58.4310682957095;-34.6301460653585;928;SEPTIEMBRE;12 AL 17;7;TEJEDOR;352;FINALIZADO;TEJEDOR 352;352 TEJEDOR
-58.4303670743157;-34.6299000535295;929;SEPTIEMBRE;12 AL 17;7;TEJEDOR;299;FINALIZADO;TEJEDOR 299;299 TEJEDOR
-58.4275462624659;-34.6296618164077;930;SEPTIEMBRE;12 AL 17;7;TEJEDOR;98;FINALIZADO;TEJEDOR 98;98 TEJEDOR
-58.4275746070432;-34.6295195019247;931;SEPTIEMBRE;12 AL 17;7;TEJEDOR;97;FINALIZADO;TEJEDOR 97;97 TEJEDOR
-58.4278189761805;-34.6295527410742;932;SEPTIEMBRE;12 AL 17;7;TEJEDOR;111;FINALIZADO;TEJEDOR 111;111 TEJEDOR
-58.4277108793465;-34.6296842104375;933;SEPTIEMBRE;12 AL 17;7;TEJEDOR;106;FINALIZADO;TEJEDOR 106;106 TEJEDOR
-58.4276705001251;-34.6285655654211;934;SEPTIEMBRE;12 AL 17;7;ZUVIRIA;90;FINALIZADO;ZUVIRIA 90;90 ZUVIRIA
-58.4277548146616;-34.6284314125615;935;SEPTIEMBRE;12 AL 17;7;ZUVIRIA;93;FINALIZADO;ZUVIRIA 93;93 ZUVIRIA
-58.4280059364724;-34.6284680716346;936;SEPTIEMBRE;12 AL 17;7;ZUVIRIA;107;FINALIZADO;ZUVIRIA 107;107 ZUVIRIA
-58.4279104994636;-34.6287104321052;937;SEPTIEMBRE;12 AL 17;7;SENILLOSA;1015;FINALIZADO;SENILLOSA 1015;1015 SENILLOSA
-58.4292655826982;-34.6286274318387;938;SEPTIEMBRE;12 AL 17;7;DOBLAS;996;FINALIZADO;DOBLAS 996;996 DOBLAS
-58.4294498494959;-34.6286110743067;939;SEPTIEMBRE;12 AL 17;7;DOBLAS;991;FINALIZADO;DOBLAS 991;991 DOBLAS
-58.4292184248688;-34.628788983527;940;SEPTIEMBRE;12 AL 17;7;DOBLAS;1006;FINALIZADO;DOBLAS 1006;1006 DOBLAS
-58.4293880432677;-34.6288228124619;941;SEPTIEMBRE;12 AL 17;7;DOBLAS;1005;FINALIZADO;DOBLAS 1005;1005 DOBLAS
-58.4306594113153;-34.6290018199156;942;SEPTIEMBRE;12 AL 17;7;ZUVIRIA;302;FINALIZADO;ZUVIRIA 302;302 ZUVIRIA
-58.430452834702;-34.6289716775402;943;SEPTIEMBRE;12 AL 17;7;ZUVIRIA;290;FINALIZADO;ZUVIRIA 290;290 ZUVIRIA
-58.4272629881283;-34.630706818782;944;SEPTIEMBRE;12 AL 17;7;ESTRADA;94;FINALIZADO;ESTRADA 94;94 ESTRADA
-58.4273407420083;-34.6305282482601;945;SEPTIEMBRE;12 AL 17;7;SENILLOSA;1192;FINALIZADO;SENILLOSA 1192;1192 SENILLOSA
-58.4274271966701;-34.6307299288756;946;SEPTIEMBRE;12 AL 17;7;ESTRADA;102;FINALIZADO;ESTRADA 102;102 ESTRADA
-58.4275062099471;-34.6305946093915;947;SEPTIEMBRE;12 AL 17;7;ESTRADA;105;FINALIZADO;ESTRADA 105;105 ESTRADA
-58.4259020435462;-34.6357972958889;948;SEPTIEMBRE;12 AL 17;7;BALBASTRO;487;FINALIZADO;BALBASTRO 487;487 BALBASTRO
-58.4261499936839;-34.6360172620295;949;SEPTIEMBRE;12 AL 17;7;SENILLOSA;1707;FINALIZADO;SENILLOSA 1707;1707 SENILLOSA
-58.4262034148147;-34.6358040212313;950;SEPTIEMBRE;12 AL 17;7;SENILLOSA;1687;FINALIZADO;SENILLOSA 1687;1687 SENILLOSA
-58.425974292551;-34.6359574890063;951;SEPTIEMBRE;12 AL 17;7;BALBASTRO;496;FINALIZADO;BALBASTRO 496;496 BALBASTRO
-58.4403224328306;-34.6396366794143;952;SEPTIEMBRE;12 AL 17;7;CASTAÑARES;1594;FINALIZADO;CASTAÑARES AV. 1594;1594 CASTAÑARES AV.
-58.4404208330871;-34.6395143629904;953;SEPTIEMBRE;12 AL 17;7;CASTAÑARES;1591;FINALIZADO;CASTAÑARES AV. 1591;1591 CASTAÑARES AV.
-58.4406326900987;-34.6396865059064;954;SEPTIEMBRE;12 AL 17;7;CASTAÑARES;1609;FINALIZADO;CASTAÑARES AV. 1609;1609 CASTAÑARES AV.
-58.4332037564464;-34.6339921753508;955;SEPTIEMBRE;12 AL 17;7;IGUALDAD;1294;FINALIZADO;IGUALDAD 1294;1294 IGUALDAD
-58.4333057996966;-34.6340582122689;956;SEPTIEMBRE;12 AL 17;7;ASAMBLEA;543;FINALIZADO;ASAMBLEA AV. 543;543 ASAMBLEA AV.
-58.4379612471063;-34.6323205284656;957;SEPTIEMBRE;12 AL 17;7;DE LA INDUSTRIA;1095;FINALIZADO;DE LA INDUSTRIA 1095;1095 DE LA INDUSTRIA
-58.4376153569237;-34.6321487207442;958;SEPTIEMBRE;12 AL 17;7;ESTRADA;913;FINALIZADO;ESTRADA 913;913 ESTRADA
-58.4380989945448;-34.6323377664018;959;SEPTIEMBRE;12 AL 17;7;DE LAS GARANTIAS;1092;FINALIZADO;DE LAS GARANTIAS 1092;1092 DE LAS GARANTIAS
-58.4382167454743;-34.6324531471146;960;SEPTIEMBRE;12 AL 17;7;DE LAS GARANTIAS;1095;FINALIZADO;DE LAS GARANTIAS 1095;1095 DE LAS GARANTIAS
-58.4381451917139;-34.6325453084158;961;SEPTIEMBRE;12 AL 17;7;DE LAS GARANTIAS;1101;FINALIZADO;DE LAS GARANTIAS 1101;1101 DE LAS GARANTIAS
-58.4380373966138;-34.6325380785729;962;SEPTIEMBRE;12 AL 17;7;ESTRADA;950;FINALIZADO;ESTRADA 950;950 ESTRADA
-58.438587979975;-34.6312481333273;963;SEPTIEMBRE;12 AL 17;7;DE LA INDUSTRIA;994;FINALIZADO;DE LA INDUSTRIA 994;994 DE LA INDUSTRIA
-58.43872040792;-34.6313445738351;964;SEPTIEMBRE;12 AL 17;7;DE LA INDUSTRIA;995;FINALIZADO;DE LA INDUSTRIA 995;995 DE LA INDUSTRIA
-58.4384705761431;-34.6313990613725;965;SEPTIEMBRE;12 AL 17;7;DE LA INDUSTRIA;1006;FINALIZADO;DE LA INDUSTRIA 1006;1006 DE LA INDUSTRIA
-58.4386027664745;-34.6314958062159;966;SEPTIEMBRE;12 AL 17;7;DE LA INDUSTRIA;1007;FINALIZADO;DE LA INDUSTRIA 1007;1007 DE LA INDUSTRIA
-58.4249340686138;-34.6396226839145;967;SEPTIEMBRE;12 AL 17;7;BUTTELER;24;FINALIZADO;BUTTELER 24;24 BUTTELER
-58.4252326779615;-34.639340186707;968;SEPTIEMBRE;12 AL 17;7;ZELARRAYAN;601;FINALIZADO;ZELARRAYAN 601;601 ZELARRAYAN
-58.4251525261049;-34.6393268352686;969;SEPTIEMBRE;12 AL 17;7;ZELARRAYAN;599;FINALIZADO;ZELARRAYAN 599;599 ZELARRAYAN
-58.4252702259205;-34.6394935850468;970;SEPTIEMBRE;12 AL 17;7;ZELARRAYAN;608;FINALIZADO;ZELARRAYAN 608;608 ZELARRAYAN
-58.4262561103274;-34.6396550749372;971;SEPTIEMBRE;12 AL 17;7;ZELARRAYAN;690;FINALIZADO;ZELARRAYAN 690;690 ZELARRAYAN
-58.4265023189488;-34.6396953613564;972;SEPTIEMBRE;12 AL 17;7;ZELARRAYAN;708;FINALIZADO;ZELARRAYAN 708;708 ZELARRAYAN
-58.4264914030076;-34.639546539567;973;SEPTIEMBRE;12 AL 17;7;ZELARRAYAN;703;FINALIZADO;ZELARRAYAN 703;703 ZELARRAYAN
-58.4263588505104;-34.6395428853695;974;SEPTIEMBRE;12 AL 17;7;DOBLAS;1998;FINALIZADO;DOBLAS 1998;1998 DOBLAS
-58.4269470999346;-34.6397709554517;975;SEPTIEMBRE;12 AL 17;7;ZELARRAYAN;746;FINALIZADO;ZELARRAYAN 746;746 ZELARRAYAN
-58.4270572629938;-34.6397898241225;976;SEPTIEMBRE;12 AL 17;7;ZELARRAYAN;754;FINALIZADO;ZELARRAYAN 754;754 ZELARRAYAN
-58.4287647988902;-34.6399349757853;977;SEPTIEMBRE;12 AL 17;7;ZELARRAYAN;895;FINALIZADO;ZELARRAYAN 895;895 ZELARRAYAN
-58.4287075195682;-34.6400724592436;978;SEPTIEMBRE;12 AL 17;7;ZELARRAYAN;894;FINALIZADO;ZELARRAYAN 894;894 ZELARRAYAN
-58.4289327230191;-34.6399637331432;979;SEPTIEMBRE;12 AL 17;7;ZELARRAYAN;905;FINALIZADO;ZELARRAYAN 905;905 ZELARRAYAN
-58.4288973192445;-34.6401049618599;980;SEPTIEMBRE;12 AL 17;7;ZELARRAYAN;906;FINALIZADO;ZELARRAYAN 906;906 ZELARRAYAN
-58.4312155544447;-34.6405025035;981;SEPTIEMBRE;12 AL 17;7;ZELARRAYAN;1090;FINALIZADO;ZELARRAYAN 1090;1090 ZELARRAYAN
-58.4314628360292;-34.6405491657231;982;SEPTIEMBRE;12 AL 17;7;ZELARRAYAN;1108;FINALIZADO;ZELARRAYAN 1108;1108 ZELARRAYAN
-58.4314818486179;-34.6404048146798;983;SEPTIEMBRE;12 AL 17;7;ZELARRAYAN;1105;FINALIZADO;ZELARRAYAN 1105;1105 ZELARRAYAN
-58.4313125367758;-34.6404183466963;984;SEPTIEMBRE;12 AL 17;7;JOSE MARIA MORENO;1900;FINALIZADO;MORENO, JOSE MARIA AV. 1900;1900 MORENO, JOSE MARIA AV.
-58.4349559569347;-34.6411088006169;985;SEPTIEMBRE;12 AL 17;7;ZELARRAYAN;1395;FINALIZADO;ZELARRAYAN 1395;1395 ZELARRAYAN
-58.4351007165337;-34.6412897227515;986;SEPTIEMBRE;12 AL 17;7;CACHIMAYO;1905;FINALIZADO;CACHIMAYO 1905;1905 CACHIMAYO
-58.4349473369636;-34.6412099682209;987;SEPTIEMBRE;12 AL 17;7;CACHIMAYO;1902;FINALIZADO;CACHIMAYO 1902;1902 CACHIMAYO
-58.389002296879;-34.6188499196301;988;SEPTIEMBRE;12 AL 17;8;VIRREY CEVALLOS;899;FINALIZADO;CEVALLOS, VIRREY 899;899 CEVALLOS, VIRREY
-58.3873385748643;-34.6186408275905;989;SEPTIEMBRE;12 AL 17;8;LUIS SAENZ PEÑA;886;FINALIZADO;SAENZ PEÑA, LUIS, PRES. 886;886 SAENZ PEÑA, LUIS, PRES.
-58.3857781126264;-34.6185947491643;990;SEPTIEMBRE;12 AL 17;8;SAN JOSE;892;FINALIZADO;SAN JOSE 892;892 SAN JOSE
-58.3815443691436;-34.6203211678523;991;SEPTIEMBRE;12 AL 17;8;LIMA;1047;FINALIZADO;LIMA 1047;1047 LIMA
-58.3872929189792;-34.6213664883005;992;SEPTIEMBRE;12 AL 17;8;LUIS SAENZ PEÑA;1107;FINALIZADO;SAENZ PEÑA, LUIS, PRES. 1107;1107 SAENZ PEÑA, LUIS, PRES.
-58.3844332792194;-34.6212096916409;993;SEPTIEMBRE;12 AL 17;8;SANTIAGO DEL ESTERO;1111;FINALIZADO;SANTIAGO DEL ESTERO 1111;1111 SANTIAGO DEL ESTERO
-58.3872638782336;-34.6211909724253;994;SEPTIEMBRE;12 AL 17;8;HUMBERTO 1°;1501;FINALIZADO;HUMBERTO 1° 1501;1501 HUMBERTO 1°
-58.3857532217072;-34.6224593639916;995;SEPTIEMBRE;12 AL 17;8;SAN JUAN;1398;FINALIZADO;SAN JUAN AV. 1398;1398 SAN JUAN AV.
-58.389852870424;-34.6227059673833;996;SEPTIEMBRE;12 AL 17;8;SAN JUAN;1698;FINALIZADO;SAN JUAN AV. 1698;1698 SAN JUAN AV.
-58.389549597631;-34.6225427680859;997;SEPTIEMBRE;12 AL 17;8;SAN JUAN;1667;FINALIZADO;SAN JUAN AV. 1667;1667 SAN JUAN AV.
-58.3899419350911;-34.6225667970066;998;SEPTIEMBRE;12 AL 17;8;SAN JUAN;1701;FINALIZADO;SAN JUAN AV. 1701;1701 SAN JUAN AV.
-58.3899290428134;-34.6227106339353;999;SEPTIEMBRE;12 AL 17;8;SAN JUAN;1702;FINALIZADO;SAN JUAN AV. 1702;1702 SAN JUAN AV.
-58.3858644551263;-34.6224654917515;1000;SEPTIEMBRE;12 AL 17;8;SAN JUAN;1402;FINALIZADO;SAN JUAN AV. 1402;1402 SAN JUAN AV.
-58.3859213934748;-34.6220232253154;1001;SEPTIEMBRE;12 AL 17;8;SAN JOSE;1171;FINALIZADO;SAN JOSE 1171;1171 SAN JOSE
-58.3907031598444;-34.630452797866;1002;SEPTIEMBRE;12 AL 17;8;ENTRE RIOS;1898;FINALIZADO;ENTRE RIOS AV. 1898;1898 ENTRE RIOS AV.
-58.3906925635916;-34.6305416749412;1003;SEPTIEMBRE;12 AL 17;8;ENTRE RIOS;1902;FINALIZADO;ENTRE RIOS AV. 1902;1902 ENTRE RIOS AV.
-58.3905715363405;-34.6315569296005;1004;SEPTIEMBRE;12 AL 17;8;ENTRE RIOS;2002;FINALIZADO;ENTRE RIOS AV. 2002;2002 ENTRE RIOS AV.
-58.3826083369134;-34.6301792090471;1005;SEPTIEMBRE;12 AL 17;8;SALTA;1898;FINALIZADO;SALTA 1898;1898 SALTA
-58.3881486061828;-34.6287738539257;1006;SEPTIEMBRE;12 AL 17;8;BRASIL;1601;FINALIZADO;BRASIL 1601;1601 BRASIL
-58.3856574006568;-34.6283479321241;1007;SEPTIEMBRE;12 AL 17;8;BRASIL;1399;FINALIZADO;BRASIL 1399;1399 BRASIL
-58.3813209110407;-34.6284803549164;1008;SEPTIEMBRE;12 AL 17;8;LIMA;1758;FINALIZADO;LIMA 1758;1758 LIMA
-58.3813289998093;-34.6282509336512;1009;SEPTIEMBRE;12 AL 17;8;LIMA;1738;FINALIZADO;LIMA 1738;1738 LIMA
-58.3815042192666;-34.628232194152;1010;SEPTIEMBRE;12 AL 17;8;LIMA;1735;FINALIZADO;LIMA 1735;1735 LIMA
-58.3900385087302;-34.6280871027986;1011;SEPTIEMBRE;12 AL 17;8;ANTEQUERA;1743;FINALIZADO;ANTEQUERA 1743;1743 ANTEQUERA
-58.3901219230726;-34.6282347668811;1012;SEPTIEMBRE;12 AL 17;8;ANTEQUERA;1750;FINALIZADO;ANTEQUERA 1750;1750 ANTEQUERA
-58.3901809698058;-34.6280926917246;1013;SEPTIEMBRE;12 AL 17;8;ANTEQUERA;1751;FINALIZADO;ANTEQUERA 1751;1751 ANTEQUERA
-58.3902798471482;-34.6282409690049;1014;SEPTIEMBRE;12 AL 17;8;ANTEQUERA;1758;FINALIZADO;ANTEQUERA 1758;1758 ANTEQUERA
-58.3873660320337;-34.6188571109132;1015;SEPTIEMBRE;12 AL 17;8;ESTADOS UNIDOS;1500;FINALIZADO;ESTADOS UNIDOS 1500;1500 ESTADOS UNIDOS
-58.4709417676541;-34.5608652860273;1016;SEPTIEMBRE;12 AL 17;9;CONDE;2811;FINALIZADO;CONDE 2811;2811 CONDE
-58.4691829356223;-34.5590130135599;1017;SEPTIEMBRE;12 AL 17;9;CONGRESO;3104;FINALIZADO;CONGRESO AV. 3104;3104 CONGRESO AV.
-58.469109054438;-34.5588043768923;1018;SEPTIEMBRE;12 AL 17;9;CONGRESO;3089;FINALIZADO;CONGRESO AV. 3089;3089 CONGRESO AV.
-58.4691653529714;-34.5590038828087;1019;SEPTIEMBRE;12 AL 17;9;CONGRESO;3102;FINALIZADO;CONGRESO AV. 3102;3102 CONGRESO AV.
-58.4716802807059;-34.5601829019713;1020;SEPTIEMBRE;12 AL 17;9;CONGRESO;3301;FINALIZADO;CONGRESO AV. 3301;3301 CONGRESO AV.
-58.4713839886162;-34.5599855801505;1021;SEPTIEMBRE;12 AL 17;9;CONGRESO;3295;FINALIZADO;CONGRESO AV. 3295;3295 CONGRESO AV.
-58.4688359429613;-34.5610170370805;1022;SEPTIEMBRE;12 AL 17;9;RAMON FREIRE;2710;FINALIZADO;FREIRE, RAMON, CAP. GRAL. 2710;2710 FREIRE, RAMON, CAP. GRAL.
-58.4694905695057;-34.5602413921914;1023;SEPTIEMBRE;12 AL 17;9;RAMON FREIRE;2802;FINALIZADO;FREIRE, RAMON, CAP. GRAL. 2802;2802 FREIRE, RAMON, CAP. GRAL.
-58.4717621077115;-34.5574480289729;1024;SEPTIEMBRE;12 AL 17;9;RAMON FREIRE;3101;FINALIZADO;FREIRE, RAMON, CAP. GRAL. 3101;3101 FREIRE, RAMON, CAP. GRAL.
-58.468420041571;-34.5620761368053;1025;SEPTIEMBRE;12 AL 17;9;RAMON FREIRE;2602;FINALIZADO;FREIRE, RAMON, CAP. GRAL. 2602;2602 FREIRE, RAMON, CAP. GRAL.
-58.472862313729;-34.5566555362317;1026;SEPTIEMBRE;12 AL 17;9;RAMON FREIRE;3209;FINALIZADO;FREIRE, RAMON, CAP. GRAL. 3209;3209 FREIRE, RAMON, CAP. GRAL.
-58.4676085903658;-34.5616381618351;1027;SEPTIEMBRE;12 AL 17;9;BALBIN;2599;FINALIZADO;BALBIN, RICARDO, DR. AV. 2599;2599 BALBIN, RICARDO, DR. AV.
-58.4700481224422;-34.560614013608;1028;SEPTIEMBRE;12 AL 17;9;BALBIN;2795;FINALIZADO;BALBIN, RICARDO, DR. AV. 2795;2795 BALBIN, RICARDO, DR. AV.
-58.4730334422903;-34.5595265528682;1029;SEPTIEMBRE;12 AL 17;9;BALBIN;3002;FINALIZADO;BALBIN, RICARDO, DR. AV. 3002;3002 BALBIN, RICARDO, DR. AV.
-58.4756309403409;-34.5584287460191;1030;SEPTIEMBRE;12 AL 17;9;BALBIN;3198;FINALIZADO;BALBIN, RICARDO, DR. AV. 3198;3198 BALBIN, RICARDO, DR. AV.
-58.4690340437227;-34.5613420260896;1031;SEPTIEMBRE;12 AL 17;9;PEDRO RIVERA;3204;FINALIZADO;RIVERA, PEDRO I., DR. 3204;3204 RIVERA, PEDRO I., DR.
-58.4639867415114;-34.5583457511184;1032;SEPTIEMBRE;12 AL 17;9;PEDRO RIVERA;2699;FINALIZADO;RIVERA, PEDRO I., DR. 2699;2699 RIVERA, PEDRO I., DR.
-58.4721740642898;-34.5631082224404;1033;SEPTIEMBRE;12 AL 17;9;PEDRO RIVERA;3502;FINALIZADO;RIVERA, PEDRO I., DR. 3502;3502 RIVERA, PEDRO I., DR.
-58.4731122726658;-34.563636795131;1034;SEPTIEMBRE;12 AL 17;9;PEDRO RIVERA;3602;FINALIZADO;RIVERA, PEDRO I., DR. 3602;3602 RIVERA, PEDRO I., DR.
-58.4678792212045;-34.5617119688693;1035;SEPTIEMBRE;12 AL 17;9;ROOSEVELT;3161;FINALIZADO;ROOSEVELT FRANKLIN D. 3161;3161 ROOSEVELT FRANKLIN D.
-58.4665460129517;-34.5611202168428;1036;SEPTIEMBRE;12 AL 17;9;ROOSEVELT;3050;FINALIZADO;ROOSEVELT FRANKLIN D. 3050;3050 ROOSEVELT FRANKLIN D.
-58.5185704175506;-34.6251673315712;1037;SEPTIEMBRE;12 AL 17;10;CORTINA ESQ SANTO TOME;;FINALIZADO;CORTINA Y SANTO TOME;CORTINA & SANTO TOME
-58.5152541441729;-34.6231202845849;1038;SEPTIEMBRE;12 AL 17;10;LUIS BRAILE ESQ VIRGILIO;;FINALIZADO;BRAILLE, LUIS Y VIRGILIO;BRAILLE, LUIS & VIRGILIO
-58.5179557523898;-34.6272376811404;1039;SEPTIEMBRE;12 AL 17;10;IRIGOYEN ESQ MARTIN FIERRO;;FINALIZADO;IRIGOYEN Y MARTIN FIERRO;IRIGOYEN & MARTIN FIERRO
-58.516982690373;-34.6263973138964;1040;SEPTIEMBRE;12 AL 17;10;CORTINA ESQ MARTIN FIERRO;;FINALIZADO;CORTINA Y MARTIN FIERRO;CORTINA & MARTIN FIERRO
-58.5151811641868;-34.6247898087321;1041;SEPTIEMBRE;12 AL 17;10;MOLIERE ESQ MARTIN FIERRO;;FINALIZADO;MOLIERE Y MARTIN FIERRO;MOLIERE & MARTIN FIERRO
-58.5142333449534;-34.6238984927406;1042;SEPTIEMBRE;12 AL 17;10;VIRGILIO ESQ MARTIN FIERRO;;FINALIZADO;VIRGILIO Y MARTIN FIERRO;VIRGILIO & MARTIN FIERRO
-58.5131587937056;-34.6247176308505;1043;SEPTIEMBRE;12 AL 17;10;VIRGILIO ESQ GIBRALTAR;;FINALIZADO;VIRGILIO Y GIBRALTAR;VIRGILIO & GIBRALTAR
-58.5140914292474;-34.6255814962981;1044;SEPTIEMBRE;12 AL 17;10;MOLIERE ESQ GIBRALTAR;;FINALIZADO;MOLIERE Y GIBRALTAR;MOLIERE & GIBRALTAR
-58.5200950838071;-34.6255901575888;1045;SEPTIEMBRE;12 AL 17;10;PAUL GROUSSAC ESQ IRIGOYEN;;FINALIZADO;GROUSSAC, PAUL E IRIGOYEN;GROUSSAC, PAUL & IRIGOYEN
-58.5184657547157;-34.6239545200457;1046;SEPTIEMBRE;12 AL 17;10;PAUL GROUSSAC ESQ VICTOR HUGO;;FINALIZADO;GROUSSAC, PAUL Y HUGO, VICTOR;GROUSSAC, PAUL & HUGO, VICTOR
-58.5164626686787;-34.6221849364275;1047;SEPTIEMBRE;12 AL 17;10;PAUL GROUSSAC ESQ VIRGILIO;;FINALIZADO;GROUSSAC, PAUL Y VIRGILIO;GROUSSAC, PAUL & VIRGILIO
-58.5014815301255;-34.5960712438186;1048;SEPTIEMBRE;12 AL 17;11;PEDRO MORAN;3298;FINALIZADO;MORAN, PEDRO 3298;3298 MORAN, PEDRO
-58.5016047942118;-34.5959673317016;1049;SEPTIEMBRE;12 AL 17;11;PEDRO MORAN;3299;FINALIZADO;MORAN, PEDRO 3299;3299 MORAN, PEDRO
-58.5015669224985;-34.5961238699972;1050;SEPTIEMBRE;12 AL 17;11;PEDRO MORAN;3302;FINALIZADO;MORAN, PEDRO 3302;3302 MORAN, PEDRO
-58.5114859162289;-34.6022509443381;1051;SEPTIEMBRE;12 AL 17;11;PEDRO MORAN;4148;FINALIZADO;MORAN, PEDRO 4148;4148 MORAN, PEDRO
-58.4939645293152;-34.6004995672592;1052;SEPTIEMBRE;12 AL 17;11;PEDRO LOZANO;3099;FINALIZADO;LOZANO, PEDRO 3099;3099 LOZANO, PEDRO
-58.5041345224121;-34.5977106852031;1053;SEPTIEMBRE;12 AL 17;11;PEDRO MORAN;3498;FINALIZADO;MORAN, PEDRO 3498;3498 MORAN, PEDRO
-58.5042133646414;-34.5975793488652;1054;SEPTIEMBRE;12 AL 17;11;PEDRO MORAN;3495;FINALIZADO;MORAN, PEDRO 3495;3495 MORAN, PEDRO
-58.5043447188533;-34.5976605352396;1055;SEPTIEMBRE;12 AL 17;11;PEDRO MORAN;3501;FINALIZADO;MORAN, PEDRO 3501;3501 MORAN, PEDRO
-58.5042402924621;-34.5977760599994;1056;SEPTIEMBRE;12 AL 17;11;PEDRO MORAN;3502;FINALIZADO;MORAN, PEDRO 3502;3502 MORAN, PEDRO
-58.5135304230471;-34.5978364057358;1057;SEPTIEMBRE;12 AL 17;11;HABANA;3999;FINALIZADO;HABANA 3999;3999 HABANA
-58.5133627316394;-34.5979118574511;1058;SEPTIEMBRE;12 AL 17;11;HABANA;3992;FINALIZADO;HABANA 3992;3992 HABANA
-58.5137064747412;-34.5979476514857;1059;SEPTIEMBRE;12 AL 17;11;HABANA;4001;FINALIZADO;HABANA 4001;4001 HABANA
-58.5136018952248;-34.5980630814234;1060;SEPTIEMBRE;12 AL 17;11;HABANA;4002;FINALIZADO;HABANA 4002;4002 HABANA
-58.4942697795596;-34.5506633209697;1061;SEPTIEMBRE;12 AL 17;12;MARIANO ACHA ESQ DEHEZA;;FINALIZADO;ACHA, MARIANO, GRAL. Y DEHEZA;ACHA, MARIANO, GRAL. & DEHEZA
-58.4795074111783;-34.5433852703845;1062;SEPTIEMBRE;12 AL 17;12;ZAPIOLA ESQ DEHEZA;;FINALIZADO;ZAPIOLA Y DEHEZA;ZAPIOLA & DEHEZA
-58.4803063378698;-34.5417389518931;1063;SEPTIEMBRE;12 AL 17;12;ZAPIOLA ESQ VEDIA;;FINALIZADO;ZAPIOLA Y VEDIA;ZAPIOLA & VEDIA
-58.4799110902756;-34.542553482705;1064;SEPTIEMBRE;12 AL 17;12;ZAPIOLA ESQ PICO;;FINALIZADO;ZAPIOLA Y PICO;ZAPIOLA & PICO
-58.4978082245125;-34.5536086449998;1065;SEPTIEMBRE;12 AL 17;12;BALBIN ESQ ARIAS;;FINALIZADO;BALBIN, RICARDO, DR. AV. Y ARIAS;BALBIN, RICARDO, DR. AV. & ARIAS
-58.4980587178541;-34.5526645581534;1066;SEPTIEMBRE;12 AL 17;12;BALBIN ESQ DEHEZA;;FINALIZADO;BALBIN, RICARDO, DR. AV. Y DEHEZA;BALBIN, RICARDO, DR. AV. & DEHEZA
-58.4860656231599;-34.6404793773918;1067;SEPTIEMBRE;12 AL 17;14;JUAN B ALBERDI ESQ OLIVERA;;FINALIZADO;ALBERDI, JUAN BAUTISTA AV. Y OLIVERA AV.;ALBERDI, JUAN BAUTISTA AV. & OLIVERA AV.
-58.4902982429639;-34.6423981749826;1068;SEPTIEMBRE;12 AL 17;14;JUAN B ALBERDI;4501;FINALIZADO;ALBERDI, JUAN BAUTISTA AV. 4501;4501 ALBERDI, JUAN BAUTISTA AV.
-58.4816941386562;-34.6337014001905;1069;SEPTIEMBRE;12 AL 17;14;RIVADAVIA;8399;FINALIZADO;RIVADAVIA AV. 8399;8399 RIVADAVIA AV.
-58.4842594345228;-34.6343213885082;1070;SEPTIEMBRE;12 AL 17;14;RIVADAVIA;8561;FINALIZADO;RIVADAVIA AV. 8561;8561 RIVADAVIA AV.
-58.4840409057035;-34.6342685791519;1071;SEPTIEMBRE;12 AL 17;14;RIVADAVIA;8549;FINALIZADO;RIVADAVIA AV. 8549;8549 RIVADAVIA AV.
-58.4848035560024;-34.6344529008278;1072;SEPTIEMBRE;12 AL 17;14;RIVADAVIA;8599;FINALIZADO;RIVADAVIA AV. 8599;8599 RIVADAVIA AV.
-58.4872523905399;-34.6256189371628;1073;SEPTIEMBRE;12 AL 17;14;JUAN B JUSTO ESQ MERCEDES;;FINALIZADO;JUSTO, JUAN B. AV. Y MERCEDES;JUSTO, JUAN B. AV. & MERCEDES
-58.4944179962644;-34.626717303094;1074;SEPTIEMBRE;12 AL 17;14;REMEDIOS DE ESCALADA DE SAN MARTIN;4437;FINALIZADO;ESCALADA DE SAN MARTIN, R. 4437;4437 ESCALADA DE SAN MARTIN, R.
-58.4910956448609;-34.6270110371601;1075;SEPTIEMBRE;12 AL 17;14;JUAN B JUSTO Y SEGUROLA;;FINALIZADO;JUSTO, JUAN B. AV. Y SEGUROLA AV.;JUSTO, JUAN B. AV. & SEGUROLA AV.
-58.4850194096892;-34.6345050551247;1076;SEPTIEMBRE;12 AL 17;14;RIVADAVIA;8613;FINALIZADO;RIVADAVIA AV. 8613;8613 RIVADAVIA AV.
-58.4893970234839;-34.6355628438629;1077;SEPTIEMBRE;12 AL 17;14;RIVADAVIA;8899;FINALIZADO;RIVADAVIA AV. 8899;8899 RIVADAVIA AV.
-58.4894504332643;-34.6357260229767;1078;SEPTIEMBRE;12 AL 17;14;RIVADAVIA;8902;FINALIZADO;RIVADAVIA AV. 8902;8902 RIVADAVIA AV.
-58.4840711034203;-34.6344261433854;1079;SEPTIEMBRE;12 AL 17;14;RIVADAVIA;8552;FINALIZADO;RIVADAVIA AV. 8552;8552 RIVADAVIA AV.
-58.4880571193106;-34.6367952075365;1080;SEPTIEMBRE;12 AL 17;14;RAMON FALCON;4346;FINALIZADO;FALCON, RAMON L.,CNEL. 4346;4346 FALCON, RAMON L.,CNEL.
-58.488182737013;-34.6368265946706;1081;SEPTIEMBRE;12 AL 17;14;RAMON FALCON;4352;FINALIZADO;FALCON, RAMON L.,CNEL. 4352;4352 FALCON, RAMON L.,CNEL.
-58.4828138357905;-34.635467824355;1082;SEPTIEMBRE;12 AL 17;14;RAMON FALCON ESQ BENEDETTI;;FINALIZADO;FALCON, RAMON L.,CNEL. Y BENEDETTI, OSVALDO E., DIP.NAC.;FALCON, RAMON L.,CNEL. & BENEDETTI, OSVALDO E., DIP.NAC.
-58.4798935448089;-34.6348613833832;1083;SEPTIEMBRE;12 AL 17;14;RAMON FALCON;3810;FINALIZADO;FALCON, RAMON L.,CNEL. 3810;3810 FALCON, RAMON L.,CNEL.
-58.5084413127561;-34.6398195664316;1084;SEPTIEMBRE;12 AL 17;14;RAMON FALCON ESQ COSSIO;;FINALIZADO;FALCON, RAMON L.,CNEL. AV. Y GARCIA DE COSSIO;FALCON, RAMON L.,CNEL. AV. & GARCIA DE COSSIO
-58.4914356798183;-34.6401587841311;1085;SEPTIEMBRE;12 AL 17;14;CAJARAVILLA ESQ MOZART;;FINALIZADO;CAJARAVILLA Y MOZART;CAJARAVILLA & MOZART
-58.4852219330395;-34.6387920187371;1086;SEPTIEMBRE;12 AL 17;14;CAJARAVILLA ESQ FERNANDEZ;;FINALIZADO;CAJARAVILLA Y FERNANDEZ;CAJARAVILLA & FERNANDEZ
-58.4840081051336;-34.6381600912857;1087;SEPTIEMBRE;12 AL 17;14;CAJARAVILLA;4102;FINALIZADO;CAJARAVILLA 4102;4102 CAJARAVILLA
-58.4781832954522;-34.5833641762121;1088;SEPTIEMBRE;12 AL 17;15;AVALOS;1451;FINALIZADO;AVALOS 1451;1451 AVALOS
-58.4784962193384;-34.583034488435;1089;SEPTIEMBRE;12 AL 17;15;AVALOS;1492;FINALIZADO;AVALOS 1492;1492 AVALOS
-58.4783524316898;-34.5829337666815;1090;SEPTIEMBRE;12 AL 17;15;AVALOS;1497;FINALIZADO;AVALOS 1497;1497 AVALOS
-58.4785515292092;-34.5827839312345;1091;SEPTIEMBRE;12 AL 17;15;AVALOS;1509;FINALIZADO;AVALOS 1509;1509 AVALOS
-58.475925992656;-34.5817377846758;1092;SEPTIEMBRE;12 AL 17;15;TREVERIS;2400;FINALIZADO;TREVERIS 2400;2400 TREVERIS
-58.4771926544222;-34.582497841119;1093;SEPTIEMBRE;12 AL 17;15;TREVERIS;2501;FINALIZADO;TREVERIS 2501;2501 TREVERIS
-58.4780778628402;-34.5833605961945;1094;SEPTIEMBRE;12 AL 17;15;TREVERIS;2592;FINALIZADO;TREVERIS 2592;2592 TREVERIS
-58.4783953697419;-34.5834047196716;1095;SEPTIEMBRE;12 AL 17;15;TREVERIS;2605;FINALIZADO;TREVERIS 2605;2605 TREVERIS
-58.4470318203675;-34.5943385128271;1096;SEPTIEMBRE;12 AL 17;15;CAMARGO;1296;FINALIZADO;CAMARGO 1296;1296 CAMARGO
-58.4702596716509;-34.5961966442719;1097;SEPTIEMBRE;12 AL 17;15;WARNES;2397;FINALIZADO;WARNES AV. 2397;2397 WARNES AV.
-58.4734413514751;-34.5969698336626;1098;SEPTIEMBRE;12 AL 17;15;WARNES;2552;FINALIZADO;WARNES AV. 2552;2552 WARNES AV.
-58.4767512607841;-34.5969906849727;1099;SEPTIEMBRE;12 AL 17;15;WARNES;2707;FINALIZADO;WARNES AV. 2707;2707 WARNES AV.
-58.4601179317887;-34.5965564007678;1100;SEPTIEMBRE;12 AL 17;15;WARNES;1757;FINALIZADO;WARNES AV. 1757;1757 WARNES AV.
-58.458251117082;-34.5968499328974;1101;SEPTIEMBRE;12 AL 17;15;WARNES;1601;FINALIZADO;WARNES AV. 1601;1601 WARNES AV.
-58.4769855905894;-34.5950070004219;1102;SEPTIEMBRE;12 AL 17;15;CHORROARIN;305;FINALIZADO;CHORROARIN AV. 305;305 CHORROARIN AV.
-58.4782233821638;-34.598253942389;1103;SEPTIEMBRE;12 AL 17;15;CHORROARIN;107;FINALIZADO;CHORROARIN 107;107 CHORROARIN
-58.4537596923182;-34.5965343650304;1104;SEPTIEMBRE;12 AL 17;15;DORREGO;206;FINALIZADO;DORREGO AV. 206;206 DORREGO AV.
-58.4528530779236;-34.5959177675881;1105;SEPTIEMBRE;12 AL 17;15;DORREGO;302;FINALIZADO;DORREGO AV. 302;302 DORREGO AV.
-58.4536596086046;-34.5967232283393;1106;SEPTIEMBRE;12 AL 17;15;HUAURA;1489;FINALIZADO;HUAURA 1489;1489 HUAURA
-58.4525840417231;-34.5981797430666;1107;SEPTIEMBRE;12 AL 17;15;HUAURA;1312;FINALIZADO;HUAURA 1312;1312 HUAURA
-58.4523811831641;-34.5981645890523;1108;SEPTIEMBRE;12 AL 17;15;HUAURA;1301;FINALIZADO;HUAURA 1301;1301 HUAURA
-58.4539571580894;-34.5966042159018;1109;SEPTIEMBRE;12 AL 17;15;GIRARDOT;24;FINALIZADO;GIRARDOT 24;24 GIRARDOT
-58.4584032182697;-34.595964096749;1110;SEPTIEMBRE;12 AL 17;15;JORGE NEWBERY;4850;FINALIZADO;NEWBERY, JORGE AV. 4850;4850 NEWBERY, JORGE AV.
-58.4576925954099;-34.5951842741151;1111;SEPTIEMBRE;12 AL 17;15;JORGE NEWBERY Y MONTENEGRO;;FINALIZADO;NEWBERY, JORGE AV. Y MONTENEGRO;NEWBERY, JORGE AV. & MONTENEGRO
-58.477062493313;-34.57805034052;1112;SEPTIEMBRE;12 AL 17;15;COMBATIENTES DE MALVINAS;3599;FINALIZADO;COMBATIENTES DE MALVINAS AV. 3599;3599 COMBATIENTES DE MALVINAS AV.
-58.4735952406251;-34.5790108637992;1113;SEPTIEMBRE;12 AL 17;15;LUGONES;1561;FINALIZADO;LUGONES 1561;1561 LUGONES
-58.4737493570261;-34.577617672076;1114;SEPTIEMBRE;12 AL 17;15;ALVAREZ THOMAS Y LUGONES;;FINALIZADO;ALVAREZ THOMAS AV. Y LUGONES;ALVAREZ THOMAS AV. & LUGONES
-58.4756768126347;-34.5772678181369;1115;SEPTIEMBRE;12 AL 17;15;URDININEA;1798;FINALIZADO;URDININEA 1798;1798 URDININEA
-58.4754973142851;-34.5773468473439;1116;SEPTIEMBRE;12 AL 17;15;URDININEA;1791;FINALIZADO;URDININEA 1791;1791 URDININEA
-58.3728953571157;-34.5843491125933;1117;SEPTIEMBRE;19 AL 24;1;ANTARTIDA ARGENTINA ESQ GENDARMERIA NACIONAL;;FINALIZADO;ANTARTIDA ARGENTINA AV. Y GENDARMERIA NACIONAL AV.;ANTARTIDA ARGENTINA AV. & GENDARMERIA NACIONAL AV.
-58.3723806360719;-34.5860524744518;1118;SEPTIEMBRE;19 AL 24;1;ANTARTIDA ARGENTINA ESQ LUISONI;;FINALIZADO;ANTARTIDA ARGENTINA AV. Y LUISONI, ARTURO, MAYOR;ANTARTIDA ARGENTINA AV. & LUISONI, ARTURO, MAYOR
-58.3730719207725;-34.5838548737632;1119;SEPTIEMBRE;19 AL 24;1;ANTARTIDA ARGENTINA ESQ ZANNI;;FINALIZADO;ANTARTIDA ARGENTINA AV. Y ZANNI PEDRO COMODORO;ANTARTIDA ARGENTINA AV. & ZANNI PEDRO COMODORO
-58.3701484759479;-34.5852910934112;1120;SEPTIEMBRE;19 AL 24;1;AV DE LOS INMIGRANTES;2350;FINALIZADO;DE LOS INMIGRANTES AV. 2350;2350 DE LOS INMIGRANTES AV.
-58.489480957547;-34.5887301069033;1121;SEPTIEMBRE;19 AL 24;2 Y 3;CARACAS;3788;FINALIZADO;CARACAS 3788;3788 CARACAS
-58.4896330418384;-34.5885618872111;1122;SEPTIEMBRE;19 AL 24;2 Y 3;CARACAS;3808;FINALIZADO;CARACAS 3808;3808 CARACAS
-58.4894185890628;-34.5885582496731;1123;SEPTIEMBRE;19 AL 24;2 Y 3;CARACAS;3799;FINALIZADO;CARACAS 3799;3799 CARACAS
-58.39322358669;-34.6113643990745;1124;SEPTIEMBRE;19 AL 24;2 Y 3;COMBATE DE LOS POZOS;182;FINALIZADO;COMBATE DE LOS POZOS 182;182 COMBATE DE LOS POZOS
-58.3976205887681;-34.6106231523916;1125;SEPTIEMBRE;19 AL 24;2 Y 3;HIPOLITO YRIGOYEN;2207;FINALIZADO;YRIGOYEN, HIPOLITO 2207;2207 YRIGOYEN, HIPOLITO
-58.3973300776931;-34.6107433755794;1126;SEPTIEMBRE;19 AL 24;2 Y 3;HIPOLITO YRIGOYEN;2192;FINALIZADO;YRIGOYEN, HIPOLITO 2192;2192 YRIGOYEN, HIPOLITO
-58.4058122855529;-34.6063630138887;1127;SEPTIEMBRE;19 AL 24;2 Y 3;PUEYRREDON;319;FINALIZADO;PUEYRREDON AV. 319;319 PUEYRREDON AV.
-58.4071702436247;-34.5915264100089;1128;SEPTIEMBRE;19 AL 24;2 Y 3;SANTA FE;2911;FINALIZADO;SANTA FE AV. 2911;2911 SANTA FE AV.
-58.5151675713563;-34.6107738265911;1129;SEPTIEMBRE;19 AL 24;4;ALLENDE ESQ SIMBRON;;FINALIZADO;ALLENDE Y SIMBRON;ALLENDE & SIMBRON
-58.4758156132309;-34.6184551725217;1130;SEPTIEMBRE;19 AL 24;4;GALICIA ESQ NAZCA;;FINALIZADO;GALICIA Y NAZCA AV.;GALICIA & NAZCA AV.
-58.494785633418;-34.6150160430127;1131;SEPTIEMBRE;19 AL 24;4;MIRANDA ESQ JOAQUIN V GONAZALEZ;;FINALIZADO;MIRANDA Y GONZALEZ, JOAQUIN V.;MIRANDA & GONZALEZ, JOAQUIN V.
-58.3938532856913;-34.6349126399208;1132;SEPTIEMBRE;19 AL 24;4;PASCO ESQCASEROS;;FINALIZADO;PASCO Y CASEROS AV.;PASCO & CASEROS AV.
-58.5136942999689;-34.6113124296949;1133;SEPTIEMBRE;19 AL 24;4;TINOGASTA ESQ CHUMBICHA;;FINALIZADO;TINOGASTA Y CHUMBICHA;TINOGASTA & CHUMBICHA
-58.4692929357684;-34.6412804762922;1134;SEPTIEMBRE;19 AL 24;5 Y 6;BILBAO ESQ PORTELA;;FINALIZADO;BILBAO, FRANCISCO AV. Y PORTELA;BILBAO, FRANCISCO AV. & PORTELA
-58.4672552260558;-34.6399779929514;1135;SEPTIEMBRE;19 AL 24;5 Y 6;BILBAO ESQ QUIRLO;;FINALIZADO;BILBAO, FRANCISCO AV. Y QUIRNO;BILBAO, FRANCISCO AV. & QUIRNO
-58.4670467303722;-34.6418230600286;1136;SEPTIEMBRE;19 AL 24;5 Y 6;LAFERRERE ESQ JOSE MARTI;;FINALIZADO;LAFERRERE, GREGORIO DE Y MARTI, JOSE;LAFERRERE, GREGORIO DE & MARTI, JOSE
-58.4679897991143;-34.642417195826;1137;SEPTIEMBRE;19 AL 24;5 Y 6;LAFERRERE ESQ PORTELA;;FINALIZADO;LAFERRERE, GREGORIO DE Y PORTELA;LAFERRERE, GREGORIO DE & PORTELA
-58.4204612018658;-34.6306998305427;1138;;19 AL 24;5 Y 6;PAVON ESQ QUINTINO BOCAYUVA;;FINALIZADO;PAVON AV. Y BOCAYUVA, QUINTINO;PAVON AV. & BOCAYUVA, QUINTINO
-58.4182634257724;-34.6282410087041;1139;;19 AL 24;5 Y 6;CASTRO BARROS ESQ CONSTITUCION;;FINALIZADO;CASTRO BARROS Y CONSTITUCION;CASTRO BARROS & CONSTITUCION
-58.4249340686138;-34.6396226839145;1140;SEPTIEMBRE;19 AL 24;7;BUTTELER;24;FINALIZADO;BUTTELER 24;24 BUTTELER
-58.4351007165337;-34.6412897227515;1141;SEPTIEMBRE;19 AL 24;7;CACHIMAYO;1905;FINALIZADO;CACHIMAYO 1905;1905 CACHIMAYO
-58.4349473369636;-34.6412099682209;1142;SEPTIEMBRE;19 AL 24;7;CACHIMAYO;1902;FINALIZADO;CACHIMAYO 1902;1902 CACHIMAYO
-58.438587979975;-34.6312481333273;1143;SEPTIEMBRE;19 AL 24;7;DE LA INDUSTRIA;994;FINALIZADO;DE LA INDUSTRIA 994;994 DE LA INDUSTRIA
-58.43872040792;-34.6313445738351;1144;SEPTIEMBRE;19 AL 24;7;DE LA INDUSTRIA;995;FINALIZADO;DE LA INDUSTRIA 995;995 DE LA INDUSTRIA
-58.4384705761431;-34.6313990613725;1145;SEPTIEMBRE;19 AL 24;7;DE LA INDUSTRIA;1006;FINALIZADO;DE LA INDUSTRIA 1006;1006 DE LA INDUSTRIA
-58.4386027664745;-34.6314958062159;1146;SEPTIEMBRE;19 AL 24;7;DE LA INDUSTRIA;1007;FINALIZADO;DE LA INDUSTRIA 1007;1007 DE LA INDUSTRIA
-58.4380989945448;-34.6323377664018;1147;SEPTIEMBRE;19 AL 24;7;DE LAS GARANTIAS;1092;FINALIZADO;DE LAS GARANTIAS 1092;1092 DE LAS GARANTIAS
-58.4382167454743;-34.6324531471146;1148;SEPTIEMBRE;19 AL 24;7;DE LAS GARANTIAS;1095;FINALIZADO;DE LAS GARANTIAS 1095;1095 DE LAS GARANTIAS
-58.4381451917139;-34.6325453084158;1149;SEPTIEMBRE;19 AL 24;7;DE LAS GARANTIAS;1101;FINALIZADO;DE LAS GARANTIAS 1101;1101 DE LAS GARANTIAS
-58.4292655826982;-34.6286274318387;1150;SEPTIEMBRE;19 AL 24;7;DOBLAS;996;FINALIZADO;DOBLAS 996;996 DOBLAS
-58.4294498494959;-34.6286110743067;1151;SEPTIEMBRE;19 AL 24;7;DOBLAS;991;FINALIZADO;DOBLAS 991;991 DOBLAS
-58.4292184248688;-34.628788983527;1152;SEPTIEMBRE;19 AL 24;7;DOBLAS;1006;FINALIZADO;DOBLAS 1006;1006 DOBLAS
-58.4293880432677;-34.6288228124619;1153;SEPTIEMBRE;19 AL 24;7;DOBLAS;1005;FINALIZADO;DOBLAS 1005;1005 DOBLAS
-58.4263588505104;-34.6395428853695;1154;SEPTIEMBRE;19 AL 24;7;DOBLAS;1998;FINALIZADO;DOBLAS 1998;1998 DOBLAS
-58.4376153569237;-34.6321487207442;1155;SEPTIEMBRE;19 AL 24;7;ESTRADA;913;FINALIZADO;ESTRADA 913;913 ESTRADA
-58.4380373966138;-34.6325380785729;1156;SEPTIEMBRE;19 AL 24;7;ESTRADA;950;FINALIZADO;ESTRADA 950;950 ESTRADA
-58.4332037564464;-34.6339921753508;1157;SEPTIEMBRE;19 AL 24;7;IGUALDAD;1294;FINALIZADO;IGUALDAD 1294;1294 IGUALDAD
-58.4313125367758;-34.6404183466963;1158;SEPTIEMBRE;19 AL 24;7;JOSE MARIA MORENO;1900;FINALIZADO;MORENO, JOSE MARIA AV. 1900;1900 MORENO, JOSE MARIA AV.
-58.4279104994636;-34.6287104321052;1159;SEPTIEMBRE;19 AL 24;7;SENILLOSA;1015;FINALIZADO;SENILLOSA 1015;1015 SENILLOSA
-58.4252326779615;-34.639340186707;1160;SEPTIEMBRE;19 AL 24;7;ZELARRAYAN;601;FINALIZADO;ZELARRAYAN 601;601 ZELARRAYAN
-58.4251525261049;-34.6393268352686;1161;SEPTIEMBRE;19 AL 24;7;ZELARRAYAN;599;FINALIZADO;ZELARRAYAN 599;599 ZELARRAYAN
-58.4252702259205;-34.6394935850468;1162;SEPTIEMBRE;19 AL 24;7;ZELARRAYAN;608;FINALIZADO;ZELARRAYAN 608;608 ZELARRAYAN
-58.4262561103274;-34.6396550749372;1163;SEPTIEMBRE;19 AL 24;7;ZELARRAYAN;690;FINALIZADO;ZELARRAYAN 690;690 ZELARRAYAN
-58.4265023189488;-34.6396953613564;1164;SEPTIEMBRE;19 AL 24;7;ZELARRAYAN;708;FINALIZADO;ZELARRAYAN 708;708 ZELARRAYAN
-58.4264914030076;-34.639546539567;1165;SEPTIEMBRE;19 AL 24;7;ZELARRAYAN;703;FINALIZADO;ZELARRAYAN 703;703 ZELARRAYAN
-58.4269470999346;-34.6397709554517;1166;SEPTIEMBRE;19 AL 24;7;ZELARRAYAN;746;FINALIZADO;ZELARRAYAN 746;746 ZELARRAYAN
-58.4270572629938;-34.6397898241225;1167;SEPTIEMBRE;19 AL 24;7;ZELARRAYAN;754;FINALIZADO;ZELARRAYAN 754;754 ZELARRAYAN
-58.4287647988902;-34.6399349757853;1168;SEPTIEMBRE;19 AL 24;7;ZELARRAYAN;895;FINALIZADO;ZELARRAYAN 895;895 ZELARRAYAN
-58.4287075195682;-34.6400724592436;1169;SEPTIEMBRE;19 AL 24;7;ZELARRAYAN;894;FINALIZADO;ZELARRAYAN 894;894 ZELARRAYAN
-58.4289327230191;-34.6399637331432;1170;SEPTIEMBRE;19 AL 24;7;ZELARRAYAN;905;FINALIZADO;ZELARRAYAN 905;905 ZELARRAYAN
-58.4288973192445;-34.6401049618599;1171;SEPTIEMBRE;19 AL 24;7;ZELARRAYAN;906;FINALIZADO;ZELARRAYAN 906;906 ZELARRAYAN
-58.4312155544447;-34.6405025035;1172;SEPTIEMBRE;19 AL 24;7;ZELARRAYAN;1090;FINALIZADO;ZELARRAYAN 1090;1090 ZELARRAYAN
-58.4314628360292;-34.6405491657231;1173;SEPTIEMBRE;19 AL 24;7;ZELARRAYAN;1108;FINALIZADO;ZELARRAYAN 1108;1108 ZELARRAYAN
-58.4314818486179;-34.6404048146798;1174;SEPTIEMBRE;19 AL 24;7;ZELARRAYAN;1105;FINALIZADO;ZELARRAYAN 1105;1105 ZELARRAYAN
-58.4349559569347;-34.6411088006169;1175;SEPTIEMBRE;19 AL 24;7;ZELARRAYAN;1395;FINALIZADO;ZELARRAYAN 1395;1395 ZELARRAYAN
-58.4276705001251;-34.6285655654211;1176;SEPTIEMBRE;19 AL 24;7;ZUVIRIA;90;FINALIZADO;ZUVIRIA 90;90 ZUVIRIA
-58.4277548146616;-34.6284314125615;1177;SEPTIEMBRE;19 AL 24;7;ZUVIRIA;93;FINALIZADO;ZUVIRIA 93;93 ZUVIRIA
-58.4280059364724;-34.6284680716346;1178;SEPTIEMBRE;19 AL 24;7;ZUVIRIA;107;FINALIZADO;ZUVIRIA 107;107 ZUVIRIA
-58.4306594113153;-34.6290018199156;1179;SEPTIEMBRE;19 AL 24;7;ZUVIRIA;302;FINALIZADO;ZUVIRIA 302;302 ZUVIRIA
-58.430452834702;-34.6289716775402;1180;SEPTIEMBRE;19 AL 24;7;ZUVIRIA;290;FINALIZADO;ZUVIRIA 290;290 ZUVIRIA
-58.3912393194026;-34.6252570692755;1181;SEPTIEMBRE;19 AL 24;8;ENTRE RIOS;1402;FINALIZADO;ENTRE RIOS AV. 1402;1402 ENTRE RIOS AV.
-58.3911504116849;-34.6263888116105;1182;SEPTIEMBRE;19 AL 24;8;ENTRE RIOS;1506;FINALIZADO;ENTRE RIOS AV. 1506;1506 ENTRE RIOS AV.
-58.3899290428134;-34.6227106339353;1185;SEPTIEMBRE;19 AL 24;8;SAN JUAN;1702;FINALIZADO;SAN JUAN AV. 1702;1702 SAN JUAN AV.
-58.389852870424;-34.6227059673833;1186;SEPTIEMBRE;19 AL 24;8;SAN JUAN;1698;FINALIZADO;SAN JUAN AV. 1698;1698 SAN JUAN AV.
-58.389549597631;-34.6225427680859;1187;SEPTIEMBRE;19 AL 24;8;SAN JUAN;1667;FINALIZADO;SAN JUAN AV. 1667;1667 SAN JUAN AV.
-58.3899419350911;-34.6225667970066;1188;SEPTIEMBRE;19 AL 24;8;SAN JUAN;1701;FINALIZADO;SAN JUAN AV. 1701;1701 SAN JUAN AV.
-58.4732754331117;-34.5584283615043;1189;SEPTIEMBRE;19 AL 24;9;IBERA;3298;FINALIZADO;IBERA 3298;3298 IBERA
-58.4733484681285;-34.5582952522029;1190;SEPTIEMBRE;19 AL 24;9;IBERA;3295;FINALIZADO;IBERA 3295;3295 IBERA
-58.4752510754488;-34.5595007760955;1191;SEPTIEMBRE;19 AL 24;9;IBERA;3502;FINALIZADO;IBERA 3502;3502 IBERA
-58.4753464951665;-34.5593800637451;1192;SEPTIEMBRE;19 AL 24;9;IBERA;3501;FINALIZADO;IBERA 3501;3501 IBERA
-58.4751771120833;-34.5594607609697;1193;SEPTIEMBRE;19 AL 24;9;IBERA;3498;FINALIZADO;IBERA 3498;3498 IBERA
-58.4752186508374;-34.5593595439768;1194;SEPTIEMBRE;19 AL 24;9;ROQUE PEREZ;3101;FINALIZADO;PEREZ, ROQUE 3101;3101 PEREZ, ROQUE
-58.5203003811861;-34.6233172636725;1195;SEPTIEMBRE;19 AL 24;10;BAIGORRIA;5660;FINALIZADO;BAIGORRIA 5660;5660 BAIGORRIA
-58.5202128023087;-34.6232390006992;1196;SEPTIEMBRE;19 AL 24;10;BAIGORRIA;5650;FINALIZADO;BAIGORRIA 5650;5650 BAIGORRIA
-58.5203408700081;-34.6231410512142;1197;SEPTIEMBRE;19 AL 24;10;BAIGORRIA;5649;FINALIZADO;BAIGORRIA 5649;5649 BAIGORRIA
-58.5203807418427;-34.6231766805994;1198;SEPTIEMBRE;19 AL 24;10;BAIGORRIA;5653;FINALIZADO;BAIGORRIA 5653;5653 BAIGORRIA
-58.5212705387316;-34.6241841322666;1199;SEPTIEMBRE;19 AL 24;10;BAIGORRIA;5768;FINALIZADO;BAIGORRIA 5768;5768 BAIGORRIA
-58.5210603759854;-34.6239963590511;1200;SEPTIEMBRE;19 AL 24;10;BAIGORRIA;5746;FINALIZADO;BAIGORRIA 5746;5746 BAIGORRIA
-58.5290800184658;-34.6235333971818;1201;SEPTIEMBRE;19 AL 24;10;GALLARDO;1255;FINALIZADO;GALLARDO 1255;1255 GALLARDO
-58.5289000129829;-34.6236698211924;1202;SEPTIEMBRE;19 AL 24;10;GALLARDO;1235;FINALIZADO;GALLARDO 1235;1235 GALLARDO
-58.5290874278258;-34.6237234722793;1203;SEPTIEMBRE;19 AL 24;10;GALLARDO;1236;FINALIZADO;GALLARDO 1236;1236 GALLARDO
-58.5291550504339;-34.6236722139652;1204;SEPTIEMBRE;19 AL 24;10;GALLARDO;1242;FINALIZADO;GALLARDO 1242;1242 GALLARDO
-58.5299897026243;-34.6228384889491;1205;SEPTIEMBRE;19 AL 24;10;GALLARDO;1302;FINALIZADO;GALLARDO 1302;1302 GALLARDO
-58.5300913742574;-34.6229572050574;1206;SEPTIEMBRE;19 AL 24;10;GALLARDO;1305;FINALIZADO;GALLARDO 1305;1305 GALLARDO
-58.5294431489016;-34.6232560785158;1207;SEPTIEMBRE;19 AL 24;10;GALLARDO;1289;FINALIZADO;GALLARDO 1289;1289 GALLARDO
-58.5295976948207;-34.6233343900326;1208;SEPTIEMBRE;19 AL 24;10;GALLARDO;1292;FINALIZADO;GALLARDO 1292;1292 GALLARDO
-58.5296631866111;-34.6230879421488;1209;SEPTIEMBRE;19 AL 24;10;GALLARDO;1380;FINALIZADO;GALLARDO 1380;1380 GALLARDO
-58.5299768208512;-34.622844418903;1210;SEPTIEMBRE;19 AL 24;10;GRAL PAZ;9100;FINALIZADO;PAZ, GRAL. AV. 9100;9100 PAZ, GRAL. AV.
-58.530142199624;-34.6200718505511;1211;SEPTIEMBRE;19 AL 24;10;GRAL PAZ;8910;FINALIZADO;PAZ, GRAL. AV. 8910;8910 PAZ, GRAL. AV.
-58.5301557571842;-34.6198496384639;1212;SEPTIEMBRE;19 AL 24;10;GRAL PAZ;8900;FINALIZADO;PAZ, GRAL. AV. 8900;8900 PAZ, GRAL. AV.
-58.5211776269227;-34.6248564670691;1213;SEPTIEMBRE;19 AL 24;10;IRIGOYEN;1750;FINALIZADO;IRIGOYEN 1750;1750 IRIGOYEN
-58.5217319577978;-34.6244303327654;1214;SEPTIEMBRE;19 AL 24;10;IRIGOYEN;1802;FINALIZADO;IRIGOYEN 1802;1802 IRIGOYEN
-58.5216131477604;-34.6243247093274;1215;SEPTIEMBRE;19 AL 24;10;IRIGOYEN;1801;FINALIZADO;IRIGOYEN 1801;1801 IRIGOYEN
-58.521507723882;-34.6244057510804;1216;SEPTIEMBRE;19 AL 24;10;IRIGOYEN;1795;FINALIZADO;IRIGOYEN 1795;1795 IRIGOYEN
-58.5255620789506;-34.6177749143269;1217;SEPTIEMBRE;19 AL 24;10;JOSE P VARELA;5546;FINALIZADO;VARELA, JOSE PEDRO 5546;5546 VARELA, JOSE PEDRO
-58.5200068149492;-34.6189240678094;1218;SEPTIEMBRE;19 AL 24;10;NAZARRE;5357;FINALIZADO;NAZARRE 5357;5357 NAZARRE
-58.5202545344868;-34.6193820163083;1219;SEPTIEMBRE;19 AL 24;10;NAZARRE;5396;FINALIZADO;NAZARRE 5396;5396 NAZARRE
-58.5221909552138;-34.6244792619826;1220;SEPTIEMBRE;19 AL 24;10;RUIZ DE LOS LLANOS;1545;FINALIZADO;RUIZ DE LOS LLANOS 1545;1545 RUIZ DE LOS LLANOS
-58.521887679126;-34.6247088726685;1221;SEPTIEMBRE;19 AL 24;10;RUIZ DE LOS LLANOS;1529;FINALIZADO;RUIZ DE LOS LLANOS 1529;1529 RUIZ DE LOS LLANOS
-58.5301196525946;-34.6149912076048;1222;SEPTIEMBRE;19 AL 24;10;VICTOR HUGO;2993;FINALIZADO;HUGO, VICTOR 2993;2993 HUGO, VICTOR
-58.5302456381647;-34.6150911128695;1223;SEPTIEMBRE;19 AL 24;10;VICTOR HUGO;2996;FINALIZADO;HUGO, VICTOR 2996;2996 HUGO, VICTOR
-58.5135553426464;-34.5920356919102;1224;SEPTIEMBRE;19 AL 24;11;CARLOS LOPEZ;3702;FINALIZADO;LOPEZ, CARLOS ANTONIO 3702;3702 LOPEZ, CARLOS ANTONIO
-58.517892229384;-34.594688716491;1225;SEPTIEMBRE;19 AL 24;11;CARLOS LOPEZ;4102;FINALIZADO;LOPEZ, CARLOS ANTONIO 4102;4102 LOPEZ, CARLOS ANTONIO
-58.5180469595507;-34.5946053316474;1226;SEPTIEMBRE;19 AL 24;11;CARLOS LOPEZ;4105;FINALIZADO;LOPEZ, CARLOS ANTONIO 4105;4105 LOPEZ, CARLOS ANTONIO
-58.5249143243251;-34.6048671862205;1227;SEPTIEMBRE;19 AL 24;11;HABANA;4899;FINALIZADO;HABANA 4899;4899 HABANA
-58.52477840673;-34.6049632014817;1228;SEPTIEMBRE;19 AL 24;11;HABANA;4898;FINALIZADO;HABANA 4898;4898 HABANA
-58.5135304230471;-34.5978364057358;1229;SEPTIEMBRE;19 AL 24;11;HABANA;3999;FINALIZADO;HABANA 3999;3999 HABANA
-58.5133627316394;-34.5979118574511;1230;SEPTIEMBRE;19 AL 24;11;HABANA;3992;FINALIZADO;HABANA 3992;3992 HABANA
-58.5137064747412;-34.5979476514857;1231;SEPTIEMBRE;19 AL 24;11;HABANA;4001;FINALIZADO;HABANA 4001;4001 HABANA
-58.5136018952248;-34.5980630814234;1232;SEPTIEMBRE;19 AL 24;11;HABANA;4002;FINALIZADO;HABANA 4002;4002 HABANA
-58.5177702756741;-34.5946395454131;1233;SEPTIEMBRE;19 AL 24;11;MERCEDES;4793;FINALIZADO;MERCEDES 4793;4793 MERCEDES
-58.4939645293152;-34.6004995672592;1234;SEPTIEMBRE;19 AL 24;11;PEDRO LOZANO;3099;FINALIZADO;LOZANO, PEDRO 3099;3099 LOZANO, PEDRO
-58.5014815301255;-34.5960712438186;1235;SEPTIEMBRE;19 AL 24;11;PEDRO MORAN;3298;FINALIZADO;MORAN, PEDRO 3298;3298 MORAN, PEDRO
-58.5016047942118;-34.5959673317016;1236;SEPTIEMBRE;19 AL 24;11;PEDRO MORAN;3299;FINALIZADO;MORAN, PEDRO 3299;3299 MORAN, PEDRO
-58.5015669224985;-34.5961238699972;1237;SEPTIEMBRE;19 AL 24;11;PEDRO MORAN;3302;FINALIZADO;MORAN, PEDRO 3302;3302 MORAN, PEDRO
-58.5137567631911;-34.6036501863715;1238;SEPTIEMBRE;19 AL 24;11;PEDRO MORAN;4302;FINALIZADO;MORAN, PEDRO 4302;4302 MORAN, PEDRO
-58.5136804960261;-34.6034232169824;1239;SEPTIEMBRE;19 AL 24;11;PEDRO MORAN;4285;FINALIZADO;MORAN, PEDRO 4285;4285 MORAN, PEDRO
-58.5136760822242;-34.6036004278495;1240;SEPTIEMBRE;19 AL 24;11;PEDRO MORAN;4298;FINALIZADO;MORAN, PEDRO 4298;4298 MORAN, PEDRO
-58.5114859162289;-34.6022509443381;1241;SEPTIEMBRE;19 AL 24;11;PEDRO MORAN;4148;FINALIZADO;MORAN, PEDRO 4148;4148 MORAN, PEDRO
-58.4966034752622;-34.5551114909727;1242;SEPTIEMBRE;19 AL 24;12;BALBIN ESQ CORREA;;FINALIZADO;BALBIN, RICARDO, DR. AV. Y CORREA;BALBIN, RICARDO, DR. AV. & CORREA
-58.4980587178541;-34.5526645581534;1243;SEPTIEMBRE;19 AL 24;12;BALBIN ESQ DEHEZA;;FINALIZADO;BALBIN, RICARDO, DR. AV. Y DEHEZA;BALBIN, RICARDO, DR. AV. & DEHEZA
-58.4990177736484;-34.5520997435935;1244;SEPTIEMBRE;19 AL 24;12;BALBIN ESQ PICO;;FINALIZADO;BALBIN, RICARDO, DR. AV. Y PICO;BALBIN, RICARDO, DR. AV. & PICO
-58.4968245783581;-34.5541653308803;1245;SEPTIEMBRE;19 AL 24;12;BALBIN ESQ RAMALLO;;FINALIZADO;BALBIN, RICARDO, DR. AV. Y RAMALLO;BALBIN, RICARDO, DR. AV. & RAMALLO
-58.4771026423775;-34.5435498796392;1246;SEPTIEMBRE;19 AL 24;12;CRAMER ESQ ARIAS;;FINALIZADO;CRAMER Y ARIAS;CRAMER & ARIAS
-58.4795074111783;-34.5433852703845;1247;SEPTIEMBRE;19 AL 24;12;ZAPIOLA ESQ DEHEZA;;FINALIZADO;ZAPIOLA Y DEHEZA;ZAPIOLA & DEHEZA
-58.4799110902756;-34.542553482705;1248;SEPTIEMBRE;19 AL 24;12;ZAPIOLA ESQ PICO;;FINALIZADO;ZAPIOLA Y PICO;ZAPIOLA & PICO
-58.4938286429847;-34.6356745324452;1249;SEPTIEMBRE;19 AL 24;14;YERBAL ESQ BERMUDEZ;;FINALIZADO;YERBAL Y BERMUDEZ;YERBAL & BERMUDEZ
-58.492351758233;-34.6353473540452;1250;SEPTIEMBRE;19 AL 24;14;YERBAL ESQ CARDOSO;;FINALIZADO;YERBAL Y CARDOSO;YERBAL & CARDOSO
-58.4947600900662;-34.6358691549811;1251;SEPTIEMBRE;19 AL 24;14;YERBAL ESQ MIGUEL DEL CORRO;;FINALIZADO;YERBAL Y CORRO, MIGUEL C. DEL, CANONIGO AV.;YERBAL & CORRO, MIGUEL C. DEL, CANONIGO AV.
-58.4737493570261;-34.577617672076;1252;SEPTIEMBRE;19 AL 24;15;ALVAREZ THOMAS Y LUGONES;;FINALIZADO;ALVAREZ THOMAS AV. Y LUGONES;ALVAREZ THOMAS AV. & LUGONES
-58.4781832954522;-34.5833641762121;1253;SEPTIEMBRE;19 AL 24;15;AVALOS;1451;FINALIZADO;AVALOS 1451;1451 AVALOS
-58.4784962193384;-34.583034488435;1254;SEPTIEMBRE;19 AL 24;15;AVALOS;1492;FINALIZADO;AVALOS 1492;1492 AVALOS
-58.4783524316898;-34.5829337666815;1255;SEPTIEMBRE;19 AL 24;15;AVALOS;1497;FINALIZADO;AVALOS 1497;1497 AVALOS
-58.4785515292092;-34.5827839312345;1256;SEPTIEMBRE;19 AL 24;15;AVALOS;1509;FINALIZADO;AVALOS 1509;1509 AVALOS
-58.4567396582647;-34.5621061024373;1257;SEPTIEMBRE;19 AL 24;15;CABILDO;2100;FINALIZADO;CABILDO AV. 2100;2100 CABILDO AV.
-58.4470318203675;-34.5943385128271;1258;SEPTIEMBRE;19 AL 24;15;CAMARGO;1296;FINALIZADO;CAMARGO 1296;1296 CAMARGO
-58.4769855905894;-34.5950070004219;1259;SEPTIEMBRE;19 AL 24;15;CHORROARIN;305;FINALIZADO;CHORROARIN AV. 305;305 CHORROARIN AV.
-58.4782233821638;-34.598253942389;1260;SEPTIEMBRE;19 AL 24;15;CHORROARIN;107;FINALIZADO;CHORROARIN 107;107 CHORROARIN
-58.477062493313;-34.57805034052;1261;SEPTIEMBRE;19 AL 24;15;COMBATIENTES DE MALVINAS;3599;FINALIZADO;COMBATIENTES DE MALVINAS AV. 3599;3599 COMBATIENTES DE MALVINAS AV.
-58.4537596923182;-34.5965343650304;1262;SEPTIEMBRE;19 AL 24;15;DORREGO;206;FINALIZADO;DORREGO AV. 206;206 DORREGO AV.
-58.4528530779236;-34.5959177675881;1263;SEPTIEMBRE;19 AL 24;15;DORREGO;302;FINALIZADO;DORREGO AV. 302;302 DORREGO AV.
-58.4539571580894;-34.5966042159018;1264;SEPTIEMBRE;19 AL 24;15;GIRARDOT;24;FINALIZADO;GIRARDOT 24;24 GIRARDOT
-58.4536596086046;-34.5967232283393;1265;SEPTIEMBRE;19 AL 24;15;HUAURA;1489;FINALIZADO;HUAURA 1489;1489 HUAURA
-58.4525840417231;-34.5981797430666;1266;SEPTIEMBRE;19 AL 24;15;HUAURA;1312;FINALIZADO;HUAURA 1312;1312 HUAURA
-58.4523811831641;-34.5981645890523;1267;SEPTIEMBRE;19 AL 24;15;HUAURA;1301;FINALIZADO;HUAURA 1301;1301 HUAURA
-58.4584032182697;-34.595964096749;1268;SEPTIEMBRE;19 AL 24;15;JORGE NEWBERY;4850;FINALIZADO;NEWBERY, JORGE AV. 4850;4850 NEWBERY, JORGE AV.
-58.4576925954099;-34.5951842741151;1269;SEPTIEMBRE;19 AL 24;15;JORGE NEWBERY Y MONTENEGRO;;FINALIZADO;NEWBERY, JORGE AV. Y MONTENEGRO;NEWBERY, JORGE AV. & MONTENEGRO
-58.475925992656;-34.5817377846758;1270;SEPTIEMBRE;19 AL 24;15;TREVERIS;2400;FINALIZADO;TREVERIS 2400;2400 TREVERIS
-58.4771926544222;-34.582497841119;1271;SEPTIEMBRE;19 AL 24;15;TREVERIS;2501;FINALIZADO;TREVERIS 2501;2501 TREVERIS
-58.4780778628402;-34.5833605961945;1272;SEPTIEMBRE;19 AL 24;15;TREVERIS;2592;FINALIZADO;TREVERIS 2592;2592 TREVERIS
-58.4783953697419;-34.5834047196716;1273;SEPTIEMBRE;19 AL 24;15;TREVERIS;2605;FINALIZADO;TREVERIS 2605;2605 TREVERIS
-58.4756768126347;-34.5772678181369;1274;SEPTIEMBRE;19 AL 24;15;URDININEA;1798;FINALIZADO;URDININEA 1798;1798 URDININEA
-58.4754973142851;-34.5773468473439;1275;SEPTIEMBRE;19 AL 24;15;URDININEA;1791;FINALIZADO;URDININEA 1791;1791 URDININEA
-58.4702596716509;-34.5961966442719;1276;SEPTIEMBRE;19 AL 24;15;WARNES;2397;FINALIZADO;WARNES AV. 2397;2397 WARNES AV.
-58.4734413514751;-34.5969698336626;1277;SEPTIEMBRE;19 AL 24;15;WARNES;2552;FINALIZADO;WARNES AV. 2552;2552 WARNES AV.
-58.4767512607841;-34.5969906849727;1278;SEPTIEMBRE;19 AL 24;15;WARNES;2707;FINALIZADO;WARNES AV. 2707;2707 WARNES AV.
-58.4601179317887;-34.5965564007678;1279;SEPTIEMBRE;19 AL 24;15;WARNES;1757;FINALIZADO;WARNES AV. 1757;1757 WARNES AV.
-58.4778797261796;-34.5970880860602;1280;SEPTIEMBRE;19 AL 24;15;WARNES Y CHORROARIN;;FINALIZADO;WARNES AV. Y CHORROARIN;WARNES AV. & CHORROARIN
-58.3721414503587;-34.5867320042822;1281;SEPTIEMBRE;26 AL 1;1;ANTARTIDA ARGENTINA;1250;FINALIZADO;ANTARTIDA ARGENTINA AV. 1250;1250 ANTARTIDA ARGENTINA AV.
-58.373024337115;-34.5837462923733;1282;SEPTIEMBRE;26 AL 1;1;ANTARTIDA ARGENTINA;1501;FINALIZADO;ANTARTIDA ARGENTINA AV. 1501;1501 ANTARTIDA ARGENTINA AV.
-58.3830808126807;-34.6132966796355;1283;SEPTIEMBRE;26 AL 1;1;BELGRANO;1194;FINALIZADO;BELGRANO AV. 1194;1194 BELGRANO AV.
-58.383251972032;-34.6133087931866;1284;SEPTIEMBRE;26 AL 1;1;BELGRANO;1202;FINALIZADO;BELGRANO AV. 1202;1202 BELGRANO AV.
-58.3831798155189;-34.6131589284181;1285;SEPTIEMBRE;26 AL 1;1;BELGRANO;1199;FINALIZADO;BELGRANO AV. 1199;1199 BELGRANO AV.
-58.384705727218;-34.6132668984839;1286;SEPTIEMBRE;26 AL 1;1;BELGRANO;1301;FINALIZADO;BELGRANO AV. 1301;1301 BELGRANO AV.
-58.3714703891586;-34.5876592732248;1287;SEPTIEMBRE;26 AL 1;1;DE LOS INMIGRANTES;1901;FINALIZADO;DE LOS INMIGRANTES AV. 1901;1901 DE LOS INMIGRANTES AV.
-58.3700755436942;-34.5859636669288;1288;SEPTIEMBRE;26 AL 1;1;DE LOS INMIGRANTES;2301;FINALIZADO;DE LOS INMIGRANTES AV. 2301;2301 DE LOS INMIGRANTES AV.
-58.4009792439824;-34.60246072462;1289;SEPTIEMBRE;26 AL 1;2 Y 3;AZCUENAGA;582;FINALIZADO;AZCUENAGA 582;582 AZCUENAGA
-58.4008207454587;-34.6021149413678;1290;SEPTIEMBRE;26 AL 1;2 Y 3;AZCUENAGA;607;FINALIZADO;AZCUENAGA 607;607 AZCUENAGA
-58.489443649597;-34.5853102282245;1291;SEPTIEMBRE;26 AL 1;2 Y 3;BASILIO HALL;4095;FINALIZADO;HALL, BASILIO 4095;4095 HALL, BASILIO
-58.4888360234531;-34.589318951567;1292;SEPTIEMBRE;26 AL 1;2 Y 3;CARACAS ESQ MCAL SOLANO LOPEZ;;FINALIZADO;CARACAS Y SOLANO LOPEZ, F., MARISCAL;CARACAS & SOLANO LOPEZ, F., MARISCAL
-58.4895085298123;-34.5885791991014;1293;SEPTIEMBRE;26 AL 1;2 Y 3;CARACAS ESQ PEDRO MORAN;;FINALIZADO;CARACAS Y MORAN, PEDRO;CARACAS & MORAN, PEDRO
-58.4007219968043;-34.6061535631123;1294;SEPTIEMBRE;26 AL 1;2 Y 3;SARMIENTO ESQ AZCUENAGA;;FINALIZADO;SARMIENTO Y AZCUENAGA;SARMIENTO & AZCUENAGA
-58.3993339714496;-34.6060698887711;1295;SEPTIEMBRE;26 AL 1;2 Y 3;SARMIENTO ESQ PASTEUR;;FINALIZADO;SARMIENTO Y PASTEUR;SARMIENTO & PASTEUR
-58.3997679367032;-34.5835468310914;1296;SEPTIEMBRE;26 AL 1;2 Y 3;TAGLE;2613;FINALIZADO;TAGLE 2613;2613 TAGLE
-58.5143866370049;-34.6157029307103;1297;SEPTIEMBRE;26 AL 1;4;BERMUDEZ ESQ LAURELES ARGENTINOS;;FINALIZADO;BERMUDEZ Y LAURELES ARGENTINOS;BERMUDEZ & LAURELES ARGENTINOS
-58.5166825090568;-34.6139696902769;1298;SEPTIEMBRE;26 AL 1;4;BERMUDEZ ESQ PEDRO LOZANO;;FINALIZADO;BERMUDEZ Y LOZANO, PEDRO;BERMUDEZ & LOZANO, PEDRO
-58.4797118352948;-34.6147906871703;1299;SEPTIEMBRE;26 AL 1;4;CESAR DIAZ ESQ LA MAREA;;FINALIZADO;DIAZ, CESAR, GRAL. Y LA MAREA;DIAZ, CESAR, GRAL. & LA MAREA
-58.4758156132309;-34.6184551725217;1300;SEPTIEMBRE;26 AL 1;4;GALICIA ESQ NAZCA;;FINALIZADO;GALICIA Y NAZCA AV.;GALICIA & NAZCA AV.
-58.48047003861;-34.6223191556981;1301;SEPTIEMBRE;26 AL 1;4;LUIS VIALE ESQ CONCORDIA;;FINALIZADO;VIALE, LUIS Y CONCORDIA;VIALE, LUIS & CONCORDIA
-58.3938532856913;-34.6349126399208;1302;SEPTIEMBRE;26 AL 1;4;PASCO ESQ CASEROS;;FINALIZADO;PASCO Y CASEROS AV.;PASCO & CASEROS AV.
-58.4633567350093;-34.6394482712073;1303;SEPTIEMBRE;26 AL 1;5 Y 6;LAFERRERE ESQ CASTAÑON;;FINALIZADO;LAFERRERE, GREGORIO DE Y CASTAÑON;LAFERRERE, GREGORIO DE & CASTAÑON
-58.4621455844628;-34.6385940190749;1304;SEPTIEMBRE;26 AL 1;5 Y 6;LAFERRERE ESQ CULPINA;;FINALIZADO;LAFERRERE, GREGORIO DE Y CULPINA;LAFERRERE, GREGORIO DE & CULPINA
-58.4627523508774;-34.6390219923066;1305;SEPTIEMBRE;26 AL 1;5 Y 6;LAFERRERE ESQ PILLADO;;FINALIZADO;LAFERRERE, GREGORIO DE Y PILLADO;LAFERRERE, GREGORIO DE & PILLADO
-58.4644185340003;-34.6401632841663;1306;SEPTIEMBRE;26 AL 1;5 Y 6;LAFERRERE ESQ SAN PEDRITO;;FINALIZADO;LAFERRERE, GREGORIO DE Y SAN PEDRITO;LAFERRERE, GREGORIO DE & SAN PEDRITO
-58.4182634257724;-34.6282410087041;1308;SEPTIEMBRE;26 AL 1;5 Y 6;CASTRO BARROS ESQ CONSTITUCION;;FINALIZADO;CASTRO BARROS Y CONSTITUCION;CASTRO BARROS & CONSTITUCION
-58.4178727061777;-34.6342714879421;1309;SEPTIEMBRE;26 AL 1;5 Y 6;CASTRO BARROS ESQ SALCEDO;;FINALIZADO;CASTRO BARROS Y SALCEDO;CASTRO BARROS & SALCEDO
-58.4489621828942;-34.6183096769176;1310;SEPTIEMBRE;26 AL 1;5 Y 6;AVELLANEDA ESQ PAYSANDU;;FINALIZADO;AVELLANEDA AV. Y PAYSANDU;AVELLANEDA AV. & PAYSANDU
-58.4300969385269;-34.6321449076046;1311;SEPTIEMBRE;26 AL 1;7;ASAMBLEA;311;FINALIZADO;ASAMBLEA AV. 311;311 ASAMBLEA AV.
-58.4315956510949;-34.6331516916398;1312;SEPTIEMBRE;26 AL 1;7;ASAMBLEA;399;FINALIZADO;ASAMBLEA AV. 399;399 ASAMBLEA AV.
-58.4317440570022;-34.6332545166628;1313;SEPTIEMBRE;26 AL 1;7;ASAMBLEA;409;FINALIZADO;ASAMBLEA AV. 409;409 ASAMBLEA AV.
-58.4323056935171;-34.6336361680105;1314;SEPTIEMBRE;26 AL 1;7;ASAMBLEA;461;FINALIZADO;ASAMBLEA AV. 461;461 ASAMBLEA AV.
-58.4341498935505;-34.6342302086655;1315;SEPTIEMBRE;26 AL 1;7;ASAMBLEA;595;FINALIZADO;ASAMBLEA AV. 595;595 ASAMBLEA AV.
-58.4357340244518;-34.6365972526149;1316;SEPTIEMBRE;26 AL 1;7;AVELINO DIAZ;1160;FINALIZADO;DIAZ, AVELINO 1160;1160 DIAZ, AVELINO
-58.435498486187;-34.6373756243926;1317;SEPTIEMBRE;26 AL 1;7;BALBASTRO;1247;FINALIZADO;BALBASTRO 1247;1247 BALBASTRO
-58.4356350738017;-34.6374094856434;1318;SEPTIEMBRE;26 AL 1;7;BALBASTRO;1255;FINALIZADO;BALBASTRO 1255;1255 BALBASTRO
-58.4329730684369;-34.6371590014151;1319;SEPTIEMBRE;26 AL 1;7;BALBASTRO;1084;FINALIZADO;BALBASTRO 1084;1084 BALBASTRO
-58.4332527898018;-34.6372006798779;1320;SEPTIEMBRE;26 AL 1;7;BALBASTRO;1104;FINALIZADO;BALBASTRO 1104;1104 BALBASTRO
-58.4273429345023;-34.6361932586807;1321;SEPTIEMBRE;26 AL 1;7;BALBASTRO;602;FINALIZADO;BALBASTRO 602;602 BALBASTRO
-58.4306109183995;-34.6383618239004;1322;SEPTIEMBRE;26 AL 1;7;BEAUCHEF;1841;FINALIZADO;BEAUCHEF 1841;1841 BEAUCHEF
-58.4305595783699;-34.638606500204;1323;SEPTIEMBRE;26 AL 1;7;BEAUCHEF;1859;FINALIZADO;BEAUCHEF 1859;1859 BEAUCHEF
-58.4359736974942;-34.6388545873768;1324;SEPTIEMBRE;26 AL 1;7;CACHIMAYO;1707;FINALIZADO;CACHIMAYO 1707;1707 CACHIMAYO
-58.4358210052133;-34.6387728209061;1325;SEPTIEMBRE;26 AL 1;7;CACHIMAYO;1704;FINALIZADO;CACHIMAYO 1704;1704 CACHIMAYO
-58.4320679440629;-34.6324486624752;1326;SEPTIEMBRE;26 AL 1;7;CARICANCHA;1204;FINALIZADO;CARICANCHA 1204;1204 CARICANCHA
-58.4333642886181;-34.6346414853891;1327;SEPTIEMBRE;26 AL 1;7;CASTAÑARES;1050;FINALIZADO;CASTAÑARES AV. 1050;1050 CASTAÑARES AV.
-58.4413206678786;-34.6404478090851;1328;SEPTIEMBRE;26 AL 1;7;CASTAÑARES;1688;FINALIZADO;CASTAÑARES AV. 1688;1688 CASTAÑARES AV.
-58.4415929389917;-34.6404670698175;1329;SEPTIEMBRE;26 AL 1;7;CASTAÑARES;1699;FINALIZADO;CASTAÑARES AV. 1699;1699 CASTAÑARES AV.
-58.4338514759895;-34.6361773485676;1330;SEPTIEMBRE;26 AL 1;7;DEL BARCO CENTENERA;1481;FINALIZADO;BARCO CENTENERA DEL 1481;1481 BARCO CENTENERA DEL
-58.4335190836148;-34.6363087031027;1331;SEPTIEMBRE;26 AL 1;7;DEL BARCO CENTENERA;1502;FINALIZADO;BARCO CENTENERA DEL 1502;1502 BARCO CENTENERA DEL
-58.4336461196556;-34.6364285342896;1332;SEPTIEMBRE;26 AL 1;7;DEL BARCO CENTENERA;1509;FINALIZADO;BARCO CENTENERA DEL 1509;1509 BARCO CENTENERA DEL
-58.4330235808306;-34.6376045386103;1333;SEPTIEMBRE;26 AL 1;7;DEL BARCO CENTENERA;1641;FINALIZADO;BARCO CENTENERA DEL 1641;1641 BARCO CENTENERA DEL
-58.4329130023574;-34.6378134845832;1334;SEPTIEMBRE;26 AL 1;7;DEL BARCO CENTENERA;1659;FINALIZADO;BARCO CENTENERA DEL 1659;1659 BARCO CENTENERA DEL
-58.4483975265618;-34.6356232553809;1335;SEPTIEMBRE;26 AL 1;7;EVA PERON;1798;FINALIZADO;PERON, EVA AV. 1798;1798 PERON, EVA AV.
-58.4493783923365;-34.6362841256797;1336;SEPTIEMBRE;26 AL 1;7;EVA PERON;1898;FINALIZADO;PERON, EVA AV. 1898;1898 PERON, EVA AV.
-58.4494551208583;-34.6363358242003;1337;SEPTIEMBRE;26 AL 1;7;EVA PERON;1902;FINALIZADO;PERON, EVA AV. 1902;1902 PERON, EVA AV.
-58.4324416925136;-34.6358772662884;1338;SEPTIEMBRE;26 AL 1;7;JOSE MARIA MORENO;1481;FINALIZADO;MORENO, JOSE MARIA AV. 1481;1481 MORENO, JOSE MARIA AV.
-58.4318480088988;-34.6387183153761;1339;SEPTIEMBRE;26 AL 1;7;JOSE MARIA MORENO;1751;FINALIZADO;MORENO, JOSE MARIA AV. 1751;1751 MORENO, JOSE MARIA AV.
-58.4321827953335;-34.6412202263686;1340;SEPTIEMBRE;26 AL 1;7;LA CAPITAL;1115;FINALIZADO;LA CAPITAL 1115;1115 LA CAPITAL
-58.4322890010662;-34.6410936027766;1341;SEPTIEMBRE;26 AL 1;7;LA CAPITAL;1110;FINALIZADO;LA CAPITAL 1110;1110 LA CAPITAL
-58.434248091692;-34.6390195857704;1342;SEPTIEMBRE;26 AL 1;7;PICHUETA;1749;FINALIZADO;PICHEUTA 1749;1749 PICHEUTA
-58.4416949060287;-34.6403915557594;1343;SEPTIEMBRE;26 AL 1;7;PUAN;1715;FINALIZADO;PUAN 1715;1715 PUAN
-58.4316857920124;-34.6387428128684;1344;SEPTIEMBRE;26 AL 1;7;QUEROL;998;FINALIZADO;QUEROL 998;998 QUEROL
-58.4343060892348;-34.6342434299778;1345;SEPTIEMBRE;26 AL 1;7;RIGLOS;1295;FINALIZADO;RIGLOS 1295;1295 RIGLOS
-58.4302732364579;-34.6320503630101;1346;SEPTIEMBRE;26 AL 1;7;SALAS;327;FINALIZADO;SALAS 327;327 SALAS
-58.430595107584;-34.6320962089114;1347;SEPTIEMBRE;26 AL 1;7;SALAS;347;FINALIZADO;SALAS 347;347 SALAS
-58.4306798780069;-34.632108281549;1348;SEPTIEMBRE;26 AL 1;7;SALAS;351;FINALIZADO;SALAS 351;351 SALAS
-58.4320623589067;-34.632305099449;1349;SEPTIEMBRE;26 AL 1;7;SALAS;441;FINALIZADO;SALAS 441;441 SALAS
-58.4321949791064;-34.6323239762911;1350;SEPTIEMBRE;26 AL 1;7;SALAS;451;FINALIZADO;SALAS 451;451 SALAS
-58.4321653674977;-34.6324661148549;1351;SEPTIEMBRE;26 AL 1;7;SALAS;452;FINALIZADO;SALAS 452;452 SALAS
-58.4288598835921;-34.6343936514235;1352;SEPTIEMBRE;26 AL 1;7;SANTANDER;586;FINALIZADO;SANTANDER 586;586 SANTANDER
-58.4290622776503;-34.6342798739181;1353;SEPTIEMBRE;26 AL 1;7;SANTANDER;599;FINALIZADO;SANTANDER 599;599 SANTANDER
-58.4291475545462;-34.6344409479995;1354;SEPTIEMBRE;26 AL 1;7;SANTANDER;608;FINALIZADO;SANTANDER 608;608 SANTANDER
-58.4291994991448;-34.6343024327777;1355;SEPTIEMBRE;26 AL 1;7;SANTANDER;609;FINALIZADO;SANTANDER 609;609 SANTANDER
-58.429987242883;-34.6344319383454;1356;SEPTIEMBRE;26 AL 1;7;SANTANDER;697;FINALIZADO;SANTANDER 697;697 SANTANDER
-58.4302331322703;-34.6344724174484;1357;SEPTIEMBRE;26 AL 1;7;SANTANDER;701;FINALIZADO;SANTANDER 701;701 SANTANDER
-58.4338551988671;-34.6352087875433;1358;SEPTIEMBRE;26 AL 1;7;SANTANDER;970;FINALIZADO;SANTANDER 970;970 SANTANDER
-58.436881104121;-34.6355608007759;1359;SEPTIEMBRE;26 AL 1;7;SANTANDER;1191;FINALIZADO;SANTANDER 1191;1191 SANTANDER
-58.4372136268898;-34.635626771292;1360;SEPTIEMBRE;26 AL 1;7;SANTANDER;1209;FINALIZADO;SANTANDER 1209;1209 SANTANDER
-58.4370528184778;-34.635743196028;1361;SEPTIEMBRE;26 AL 1;7;SANTANDER;1202;FINALIZADO;SANTANDER 1202;1202 SANTANDER
-58.4328947581109;-34.6381911715933;1362;SEPTIEMBRE;26 AL 1;7;SARAZA;1115;FINALIZADO;SARAZA 1115;1115 SARAZA
-58.4358383387693;-34.6386621351184;1363;SEPTIEMBRE;26 AL 1;7;SARAZA;1295;FINALIZADO;SARAZA 1295;1295 SARAZA
-58.4360481840942;-34.6387146019557;1364;SEPTIEMBRE;26 AL 1;7;SARAZA;1305;FINALIZADO;SARAZA 1305;1305 SARAZA
-58.4484012298004;-34.6359054651318;1365;SEPTIEMBRE;26 AL 1;7;THORNE;1025;FINALIZADO;THORNE 1025;1025 THORNE
-58.4393772990109;-34.6384858554742;1366;SEPTIEMBRE;26 AL 1;7;VICTOR MARTINEZ;1591;FINALIZADO;MARTINEZ, VICTOR 1591;1591 MARTINEZ, VICTOR
-58.3912393194026;-34.6252570692755;1367;SEPTIEMBRE;26 AL 1;8;ENTRE RIOS;1402;FINALIZADO;ENTRE RIOS AV. 1402;1402 ENTRE RIOS AV.
-58.3911504116849;-34.6263888116105;1368;SEPTIEMBRE;26 AL 1;8;ENTRE RIOS;1506;FINALIZADO;ENTRE RIOS AV. 1506;1506 ENTRE RIOS AV.
-58.3899290428134;-34.6227106339353;1371;SEPTIEMBRE;26 AL 1;8;SAN JUAN;1702;FINALIZADO;SAN JUAN AV. 1702;1702 SAN JUAN AV.
-58.389852870424;-34.6227059673833;1372;SEPTIEMBRE;26 AL 1;8;SAN JUAN;1698;FINALIZADO;SAN JUAN AV. 1698;1698 SAN JUAN AV.
-58.389549597631;-34.6225427680859;1373;SEPTIEMBRE;26 AL 1;8;SAN JUAN;1667;FINALIZADO;SAN JUAN AV. 1667;1667 SAN JUAN AV.
-58.3899419350911;-34.6225667970066;1374;SEPTIEMBRE;26 AL 1;8;SAN JUAN;1701;FINALIZADO;SAN JUAN AV. 1701;1701 SAN JUAN AV.
-58.471425380796;-34.5561794147775;1375;SEPTIEMBRE;26 AL 1;9;JOSE TAMBORINI;3094;FINALIZADO;TAMBORINI, JOSE PASCUAL 3094;3094 TAMBORINI, JOSE PASCUAL
-58.4716264038983;-34.5561146674347;1376;SEPTIEMBRE;26 AL 1;9;JOSE TAMBORINI;3101;FINALIZADO;TAMBORINI, JOSE PASCUAL 3101;3101 TAMBORINI, JOSE PASCUAL
-58.4728074836757;-34.5569070756478;1377;SEPTIEMBRE;26 AL 1;9;JOSE TAMBORINI;3206;FINALIZADO;TAMBORINI, JOSE PASCUAL 3206;3206 TAMBORINI, JOSE PASCUAL
-58.4730029651523;-34.5568376112819;1378;SEPTIEMBRE;26 AL 1;9;JOSE TAMBORINI;3213;FINALIZADO;TAMBORINI, JOSE PASCUAL 3213;3213 TAMBORINI, JOSE PASCUAL
-58.4726923831935;-34.5568480744098;1379;SEPTIEMBRE;26 AL 1;9;JOSE TAMBORINI;3198;FINALIZADO;TAMBORINI, JOSE PASCUAL 3198;3198 TAMBORINI, JOSE PASCUAL
-58.4741525538138;-34.5576046458759;1380;SEPTIEMBRE;26 AL 1;9;JOSE TAMBORINI;3308;FINALIZADO;TAMBORINI, JOSE PASCUAL 3308;3308 TAMBORINI, JOSE PASCUAL
-58.4742836144107;-34.5575034746596;1381;SEPTIEMBRE;26 AL 1;9;JOSE TAMBORINI;3311;FINALIZADO;TAMBORINI, JOSE PASCUAL 3311;3311 TAMBORINI, JOSE PASCUAL
-58.4739897780572;-34.5573434899806;1382;SEPTIEMBRE;26 AL 1;9;JOSE TAMBORINI;3287;FINALIZADO;TAMBORINI, JOSE PASCUAL 3287;3287 TAMBORINI, JOSE PASCUAL
-58.4740009175641;-34.5575214960272;1383;SEPTIEMBRE;26 AL 1;9;JOSE TAMBORINI;3296;FINALIZADO;TAMBORINI, JOSE PASCUAL 3296;3296 TAMBORINI, JOSE PASCUAL
-58.4922226561962;-34.6627030011778;1384;SEPTIEMBRE;26 AL 1;9;OLIDEN ESQ GREGORIO DE LAFERRERE;;FINALIZADO;OLIDEN Y LAFERRERE, GREGORIO DE;OLIDEN & LAFERRERE, GREGORIO DE
-58.472862313729;-34.5566555362317;1385;SEPTIEMBRE;26 AL 1;9;RAMON FREIRE;3209;FINALIZADO;FREIRE, RAMON, CAP. GRAL. 3209;3209 FREIRE, RAMON, CAP. GRAL.
-58.5164170696263;-34.6283756145523;1386;SEPTIEMBRE;26 AL 1;10;ALVAREZ JONTE;5799;FINALIZADO;ALVAREZ JONTE AV. 5799;5799 ALVAREZ JONTE AV.
-58.5273115194199;-34.631361178935;1387;SEPTIEMBRE;26 AL 1;10;AYUI ESQ FRAGUEIRO;;FINALIZADO;AYUI Y FRAGUEIRO;AYUI & FRAGUEIRO
-58.5203003811861;-34.6233172636725;1388;SEPTIEMBRE;26 AL 1;10;BAIGORRIA;5660;FINALIZADO;BAIGORRIA 5660;5660 BAIGORRIA
-58.5202128023087;-34.6232390006992;1389;SEPTIEMBRE;26 AL 1;10;BAIGORRIA;5650;FINALIZADO;BAIGORRIA 5650;5650 BAIGORRIA
-58.5203408700081;-34.6231410512142;1390;SEPTIEMBRE;26 AL 1;10;BAIGORRIA;5649;FINALIZADO;BAIGORRIA 5649;5649 BAIGORRIA
-58.5203807418427;-34.6231766805994;1391;SEPTIEMBRE;26 AL 1;10;BAIGORRIA;5653;FINALIZADO;BAIGORRIA 5653;5653 BAIGORRIA
-58.5212705387316;-34.6241841322666;1392;SEPTIEMBRE;26 AL 1;10;BAIGORRIA;5768;FINALIZADO;BAIGORRIA 5768;5768 BAIGORRIA
-58.5210603759854;-34.6239963590511;1393;SEPTIEMBRE;26 AL 1;10;BAIGORRIA;5746;FINALIZADO;BAIGORRIA 5746;5746 BAIGORRIA
-58.5292236193719;-34.6150714228402;1394;SEPTIEMBRE;26 AL 1;10;CANTILO ESQ BAUZA;;FINALIZADO;CANTILO, JOSE LUIS Y BAUZA, FRANCISCO;CANTILO, JOSE LUIS & BAUZA, FRANCISCO
-58.5301537273075;-34.6157932634071;1395;SEPTIEMBRE;26 AL 1;10;CANTILO ESQ ESPRONCEDA;;FINALIZADO;CANTILO, JOSE LUIS Y ESPRONCEDA;CANTILO, JOSE LUIS & ESPRONCEDA
-58.5268047484843;-34.6131939187211;1396;SEPTIEMBRE;26 AL 1;10;CANTILO ESQ OTTAWA;;FINALIZADO;CANTILO, JOSE LUIS Y OTTAWA;CANTILO, JOSE LUIS & OTTAWA
-58.5276309995469;-34.6138351960526;1397;SEPTIEMBRE;26 AL 1;10;CANTILO ESQ VIRGILIO;;FINALIZADO;CANTILO, JOSE LUIS Y VIRGILIO;CANTILO, JOSE LUIS & VIRGILIO
-58.5243229585933;-34.6208894125797;1398;SEPTIEMBRE;26 AL 1;10;CORTINA ESQ GUTIERREZ;;FINALIZADO;CORTINA Y GUTIERREZ, EDUARDO;CORTINA & GUTIERREZ, EDUARDO
-58.5197527062158;-34.6306289765081;1399;SEPTIEMBRE;26 AL 1;10;GAMBOA;6110;FINALIZADO;GAMBOA, MARCELO 6110;6110 GAMBOA, MARCELO
-58.5310631322195;-34.6146612958163;1401;SEPTIEMBRE;26 AL 1;10;GRAL PAZ ESQ VICTOR HUGO;;FINALIZADO;PAZ, GRAL. AV. Y HUGO, VICTOR;PAZ, GRAL. AV. & HUGO, VICTOR
-58.5211776269227;-34.6248564670691;1402;SEPTIEMBRE;26 AL 1;10;IRIGOYEN;1750;FINALIZADO;IRIGOYEN 1750;1750 IRIGOYEN
-58.5217319577978;-34.6244303327654;1403;SEPTIEMBRE;26 AL 1;10;IRIGOYEN;1802;FINALIZADO;IRIGOYEN 1802;1802 IRIGOYEN
-58.5216131477604;-34.6243247093274;1404;SEPTIEMBRE;26 AL 1;10;IRIGOYEN;1801;FINALIZADO;IRIGOYEN 1801;1801 IRIGOYEN
-58.521507723882;-34.6244057510804;1405;SEPTIEMBRE;26 AL 1;10;IRIGOYEN;1795;FINALIZADO;IRIGOYEN 1795;1795 IRIGOYEN
-58.5256744454244;-34.6339065546181;1406;SEPTIEMBRE;26 AL 1;10;MADRID ESQ MADERO;;FINALIZADO;MADRID Y MADERO;MADRID & MADERO
-58.5233549784209;-34.6223346671183;1407;SEPTIEMBRE;26 AL 1;10;NAZARRE ESQ ALICANTE;;FINALIZADO;NAZARRE Y ALICANTE;NAZARRE & ALICANTE
-58.5217601632254;-34.6207165203843;1408;SEPTIEMBRE;26 AL 1;10;NAZARRE ESQ BAUZA;;FINALIZADO;NAZARRE Y BAUZA, FRANCISCO;NAZARRE & BAUZA, FRANCISCO
-58.5208615789879;-34.6198538234605;1409;SEPTIEMBRE;26 AL 1;10;NAZARRE ESQ DA VINCI;;FINALIZADO;NAZARRE Y DA VINCI, LEONARDO;NAZARRE & DA VINCI, LEONARDO
-58.5221994605034;-34.6217563429684;1410;SEPTIEMBRE;26 AL 1;10;NAZARRE ESQ EL NENE;;FINALIZADO;NAZARRE Y EL NENE;NAZARRE & EL NENE
-58.5198654969155;-34.6188991194815;1411;SEPTIEMBRE;26 AL 1;10;NAZARRE ESQ MARTINEZ;;FINALIZADO;NAZARRE Y MARTINEZ, JUAN ESTEBAN;NAZARRE & MARTINEZ, JUAN ESTEBAN
-58.5203758523535;-34.6193879104736;1412;SEPTIEMBRE;26 AL 1;10;NAZARRE ESQ VIRGILIO;;FINALIZADO;NAZARRE Y VIRGILIO;NAZARRE & VIRGILIO
-58.5211666076813;-34.6297677469167;1413;SEPTIEMBRE;26 AL 1;10;ROMA ESQ LA DILIGENCIA;;FINALIZADO;ROMA Y LA DILIGENCIA;ROMA & LA DILIGENCIA
-58.521000509809;-34.6303114371358;1414;SEPTIEMBRE;26 AL 1;10;ROMA ESQ LA HUELLA;;FINALIZADO;ROMA Y LA HUELLA;ROMA & LA HUELLA
-58.5221909552138;-34.6244792619826;1415;SEPTIEMBRE;26 AL 1;10;RUIZ DE LOS LLANOS;1545;FINALIZADO;RUIZ DE LOS LLANOS 1545;1545 RUIZ DE LOS LLANOS
-58.521887679126;-34.6247088726685;1416;SEPTIEMBRE;26 AL 1;10;RUIZ DE LOS LLANOS;1529;FINALIZADO;RUIZ DE LOS LLANOS 1529;1529 RUIZ DE LOS LLANOS
-58.5227920348519;-34.6170203427707;1417;SEPTIEMBRE;26 AL 1;10;SIMBRON;5367;FINALIZADO;SIMBRON 5367;5367 SIMBRON
-58.523480303094;-34.6201263591813;1418;SEPTIEMBRE;26 AL 1;10;VICTOR HUGO ESQ GUTIERREZ;;FINALIZADO;HUGO, VICTOR Y GUTIERREZ, EDUARDO;HUGO, VICTOR & GUTIERREZ, EDUARDO
-58.5288130302417;-34.612917626334;1420;SEPTIEMBRE;26 AL 1;10;VIRGILIO ESQ PIO RODRIGUEZ;;FINALIZADO;VIRGILIO Y RODRIGUEZ, PIO;VIRGILIO & RODRIGUEZ, PIO
-58.5169118750767;-34.5925949612291;1421;SEPTIEMBRE;26 AL 1;11;BAHIA BLANCA;4905;FINALIZADO;BAHIA BLANCA 4905;4905 BAHIA BLANCA
-58.5179083384426;-34.5945167047953;1422;SEPTIEMBRE;26 AL 1;11;CARLOS LOPEZ;4095;FINALIZADO;LOPEZ, CARLOS ANTONIO 4095;4095 LOPEZ, CARLOS ANTONIO
-58.520565802801;-34.5950153671054;1423;SEPTIEMBRE;26 AL 1;11;GRIVEO;4280;FINALIZADO;GRIVEO 4280;4280 GRIVEO
-58.518638296041;-34.5936537593761;1424;SEPTIEMBRE;26 AL 1;11;GRIVEO;4091;FINALIZADO;GRIVEO 4091;4091 GRIVEO
-58.5176396127613;-34.5932207915704;1425;SEPTIEMBRE;26 AL 1;11;GRIVEO;3996;FINALIZADO;GRIVEO 3996;3996 GRIVEO
-58.5170057674196;-34.5926532376912;1426;SEPTIEMBRE;26 AL 1;11;GRIVEO;3901;FINALIZADO;GRIVEO 3901;3901 GRIVEO
-58.5187610774081;-34.5937290619514;1427;SEPTIEMBRE;26 AL 1;11;GRIVEO;4101;FINALIZADO;GRIVEO 4101;4101 GRIVEO
-58.5186815727404;-34.5938598672194;1428;SEPTIEMBRE;26 AL 1;11;GRIVEO;4104;FINALIZADO;GRIVEO 4104;4104 GRIVEO
-58.5185648255901;-34.5937882668343;1429;SEPTIEMBRE;26 AL 1;11;GRIVEO;4096;FINALIZADO;GRIVEO 4096;4096 GRIVEO
-58.5135304230471;-34.5978364057358;1430;SEPTIEMBRE;26 AL 1;11;HABANA;3999;FINALIZADO;HABANA 3999;3999 HABANA
-58.5126621644145;-34.5974831349195;1431;SEPTIEMBRE;26 AL 1;11;HABANA;3902;FINALIZADO;HABANA 3902;3902 HABANA
-58.5137064747412;-34.5979476514857;1432;SEPTIEMBRE;26 AL 1;11;HABANA;4001;FINALIZADO;HABANA 4001;4001 HABANA
-58.5156700548262;-34.5993417006956;1433;SEPTIEMBRE;26 AL 1;11;HABANA;4202;FINALIZADO;HABANA 4202;4202 HABANA
-58.5194029235411;-34.5929825664307;1434;SEPTIEMBRE;26 AL 1;11;LADINES;4102;FINALIZADO;LADINES 4102;4102 LADINES
-58.5193627360561;-34.5929579323892;1435;SEPTIEMBRE;26 AL 1;11;LADINES;4100;FINALIZADO;LADINES 4100;4100 LADINES
-58.5192084155559;-34.5926838277741;1436;SEPTIEMBRE;26 AL 1;11;LADINES;4065;FINALIZADO;LADINES 4065;4065 LADINES
-58.5197645064841;-34.5930247003846;1437;SEPTIEMBRE;26 AL 1;11;LADINES;4125;FINALIZADO;LADINES 4125;4125 LADINES
-58.5196244613452;-34.5928291903176;1438;SEPTIEMBRE;26 AL 1;11;MERCEDES;5046;FINALIZADO;MERCEDES 5046;5046 MERCEDES
-58.5142401208041;-34.5910900024311;1439;SEPTIEMBRE;26 AL 1;11;SAN NICOLAS;4899;FINALIZADO;SAN NICOLAS 4899;4899 SAN NICOLAS
-58.5143798120411;-34.5911763596339;1440;SEPTIEMBRE;26 AL 1;11;SAN NICOLAS;4900;FINALIZADO;SAN NICOLAS 4900;4900 SAN NICOLAS
-58.4936502987087;-34.5715994851849;1441;SEPTIEMBRE;26 AL 1;12;ANDONAEGUI ESQ CONGRESO;;FINALIZADO;ANDONAEGUI Y CONGRESO AV.;ANDONAEGUI & CONGRESO AV.
-58.4929796192879;-34.5724346892052;1442;SEPTIEMBRE;26 AL 1;12;ANDONAEGUI ESQ LE BRETON;;FINALIZADO;ANDONAEGUI Y LE BRETON, TOMAS A.;ANDONAEGUI & LE BRETON, TOMAS A.
-58.4944315930601;-34.5706265672251;1443;SEPTIEMBRE;26 AL 1;12;ANDONAEGUI ESQ QUESADA;;FINALIZADO;ANDONAEGUI Y QUESADA;ANDONAEGUI & QUESADA
-58.4966034752622;-34.5551114909727;1444;SEPTIEMBRE;26 AL 1;12;BALBIN ESQ CORREA;;FINALIZADO;BALBIN, RICARDO, DR. AV. Y CORREA;BALBIN, RICARDO, DR. AV. & CORREA
-58.4990177736484;-34.5520997435935;1445;SEPTIEMBRE;26 AL 1;12;BALBIN ESQ PICO;;FINALIZADO;BALBIN, RICARDO, DR. AV. Y PICO;BALBIN, RICARDO, DR. AV. & PICO
-58.4781068215443;-34.5414828983449;1446;SEPTIEMBRE;26 AL 1;12;CRAMER ESQ ARGELIA;;FINALIZADO;CRAMER Y ARGELIA;CRAMER & ARGELIA
-58.4784843025587;-34.5406989387243;1448;SEPTIEMBRE;26 AL 1;12;CRAMER ESQ GRAL PAZ;;FINALIZADO;CRAMER Y PAZ, GRAL. AV.;CRAMER & PAZ, GRAL. AV.
-58.4779097843955;-34.5418921674485;1449;SEPTIEMBRE;26 AL 1;12;CRAMER ESQ PICO;;FINALIZADO;CRAMER Y PICO;CRAMER & PICO
-58.4862869018584;-34.5768088263538;1450;SEPTIEMBRE;26 AL 1;12;OLAZABAL;5142;FINALIZADO;OLAZABAL AV. 5142;5142 OLAZABAL AV.
-58.5022330278482;-34.6368526278642;1451;SEPTIEMBRE;26 AL 1;14;YERBAL ESQ MOLIERE;;FINALIZADO;YERBAL Y MOLIERE;YERBAL & MOLIERE
-58.5036041634886;-34.6370285903984;1452;SEPTIEMBRE;26 AL 1;14;YERBAL ESQ VICTOR HUGO;;FINALIZADO;YERBAL Y HUGO, VICTOR;YERBAL & HUGO, VICTOR
-58.4781832954522;-34.5833641762121;1453;SEPTIEMBRE;26 AL 1;15;AVALOS;1451;FINALIZADO;AVALOS 1451;1451 AVALOS
-58.4784962193384;-34.583034488435;1454;SEPTIEMBRE;26 AL 1;15;AVALOS;1492;FINALIZADO;AVALOS 1492;1492 AVALOS
-58.4783524316898;-34.5829337666815;1455;SEPTIEMBRE;26 AL 1;15;AVALOS;1497;FINALIZADO;AVALOS 1497;1497 AVALOS
-58.4785515292092;-34.5827839312345;1456;SEPTIEMBRE;26 AL 1;15;AVALOS;1509;FINALIZADO;AVALOS 1509;1509 AVALOS
-58.4470318203675;-34.5943385128271;1457;SEPTIEMBRE;26 AL 1;15;CAMARGO;1296;FINALIZADO;CAMARGO 1296;1296 CAMARGO
-58.477062493313;-34.57805034052;1458;SEPTIEMBRE;26 AL 1;15;COMBATIENTES DE MALVINAS;3599;FINALIZADO;COMBATIENTES DE MALVINAS AV. 3599;3599 COMBATIENTES DE MALVINAS AV.
-58.4681592047145;-34.5957676600263;1459;SEPTIEMBRE;26 AL 1;15;DONATO ALVAREZ;2527;FINALIZADO;ALVAREZ, DONATO, TTE. GRAL. AV. 2527;2527 ALVAREZ, DONATO, TTE. GRAL. AV.
-58.4537596923182;-34.5965343650304;1460;SEPTIEMBRE;26 AL 1;15;DORREGO;206;FINALIZADO;DORREGO AV. 206;206 DORREGO AV.
-58.4528530779236;-34.5959177675881;1461;SEPTIEMBRE;26 AL 1;15;DORREGO;302;FINALIZADO;DORREGO AV. 302;302 DORREGO AV.
-58.4539571580894;-34.5966042159018;1462;SEPTIEMBRE;26 AL 1;15;GIRARDOT;24;FINALIZADO;GIRARDOT 24;24 GIRARDOT
-58.4536596086046;-34.5967232283393;1463;SEPTIEMBRE;26 AL 1;15;HUAURA;1489;FINALIZADO;HUAURA 1489;1489 HUAURA
-58.4525840417231;-34.5981797430666;1464;SEPTIEMBRE;26 AL 1;15;HUAURA;1312;FINALIZADO;HUAURA 1312;1312 HUAURA
-58.4523811831641;-34.5981645890523;1465;SEPTIEMBRE;26 AL 1;15;HUAURA;1301;FINALIZADO;HUAURA 1301;1301 HUAURA
-58.475925992656;-34.5817377846758;1466;SEPTIEMBRE;26 AL 1;15;TREVERIS;2400;FINALIZADO;TREVERIS 2400;2400 TREVERIS
-58.4771926544222;-34.582497841119;1467;SEPTIEMBRE;26 AL 1;15;TREVERIS;2501;FINALIZADO;TREVERIS 2501;2501 TREVERIS
-58.4780778628402;-34.5833605961945;1468;SEPTIEMBRE;26 AL 1;15;TREVERIS;2592;FINALIZADO;TREVERIS 2592;2592 TREVERIS
-58.4783953697419;-34.5834047196716;1469;SEPTIEMBRE;26 AL 1;15;TREVERIS;2605;FINALIZADO;TREVERIS 2605;2605 TREVERIS
-58.4756768126347;-34.5772678181369;1470;SEPTIEMBRE;26 AL 1;15;URDINEA;1798;FINALIZADO;URDININEA 1798;1798 URDININEA
-58.4754973142851;-34.5773468473439;1471;SEPTIEMBRE;26 AL 1;15;URDINEA;1791;FINALIZADO;URDININEA 1791;1791 URDININEA
-58.4689008884112;-34.5962162138308;1472;SEPTIEMBRE;26 AL 1;15;WARNES;2295;FINALIZADO;WARNES AV. 2295;2295 WARNES AV.
-58.4684078200947;-34.5957844571855;1473;SEPTIEMBRE;26 AL 1;15;YERUA;5101;FINALIZADO;YERUA 5101;5101 YERUA
-58.3714703891586;-34.5876592732248;1474;OCTUBRE;03 AL 08;1;DE LOS INMIGRANTES;1901;FINALIZADO;DE LOS INMIGRANTES AV. 1901;1901 DE LOS INMIGRANTES AV.
-58.3700755436942;-34.5859636669288;1475;OCTUBRE;03 AL 08;1;DE LOS INMIGRANTES;2301;FINALIZADO;DE LOS INMIGRANTES AV. 2301;2301 DE LOS INMIGRANTES AV.
-58.4081833742091;-34.6052824072153;1476;OCTUBRE;03 AL 08;2 Y 3;VALENTIN GOMEZ;2999;FINALIZADO;GOMEZ, VALENTIN 2999;2999 GOMEZ, VALENTIN
-58.4003114090538;-34.6108336963744;1477;OCTUBRE;03 AL 08;2 Y 3;MATHEU;96;FINALIZADO;MATHEU 96;96 MATHEU
-58.3994313335199;-34.6059781978829;1478;OCTUBRE;3 AL 08;2 Y 3;PASTEUR;306;FINALIZADO;PASTEUR 306;306 PASTEUR
-58.3992605163001;-34.6059379855576;1479;OCTUBRE;3 AL 08;2 Y 3;PASTEUR;307;FINALIZADO;PASTEUR 307;307 PASTEUR
-58.4103088733056;-34.5993377515237;1480;OCTUBRE;3 AL 08;2 Y 3;SAN LUIS;3187;FINALIZADO;SAN LUIS 3187;3187 SAN LUIS
-58.4114540419114;-34.6065901728903;1481;OCTUBRE;3 AL 08;2 Y 3;SARMIENTO;3208;FINALIZADO;SARMIENTO 3208;3208 SARMIENTO
-58.4087383695059;-34.606681756932;1482;OCTUBRE;3 AL 08;2 Y 3;SARMIENTO ESQ ECUADOR;;FINALIZADO;SARMIENTO Y ECUADOR;SARMIENTO & ECUADOR
-58.3992352355518;-34.6061364447899;1483;OCTUBRE;3 AL 08;2 Y 3;SARMIENTO;2296;FINALIZADO;SARMIENTO 2296;2296 SARMIENTO
-58.4075410340365;-34.6007099826212;1484;OCTUBRE;3 AL 08;2 Y 3;VIAMONTE;2998;FINALIZADO;VIAMONTE 2998;2998 VIAMONTE
-58.4088422135578;-34.5945112489972;1485;OCTUBRE;3 AL 08;2 Y 3;AGÜERO;1301;FINALIZADO;AGUERO 1301;1301 AGUERO
-58.4007915693108;-34.5980670928949;1486;OCTUBRE;3 AL 08;2 Y 3;AZCUENAGA;898;FINALIZADO;AZCUENAGA 898;898 AZCUENAGA
-58.4056345636506;-34.6056151736666;1487;OCTUBRE;3 AL 08;2 Y 3;PUEYRREDON;399;FINALIZADO;PUEYRREDON AV. 399;399 PUEYRREDON AV.
-58.3934099126186;-34.6093519780244;1488;OCTUBRE;3 AL 08;2 Y 3;RIVADAVIA;1902;FINALIZADO;RIVADAVIA AV. 1902;1902 RIVADAVIA AV.
-58.3989737442081;-34.6109121606153;1489;OCTUBRE;3 AL 08;2 Y 3;PICHINCHA;108;FINALIZADO;PICHINCHA 108;108 PICHINCHA
-58.3991491440249;-34.6108954166564;1490;OCTUBRE;3 AL 08;2 Y 3;PICHINCHA;105;FINALIZADO;PICHINCHA 105;105 PICHINCHA
-58.4020371442561;-34.5978502453125;1491;OCTUBRE;3 AL 08;2 Y 3;PARAGUAY;2398;FINALIZADO;PARAGUAY 2398;2398 PARAGUAY
-58.4942877210399;-34.5892752205283;1492;OCTUBRE;3 AL 08;2 Y 3;BOLIVIA;4010;FINALIZADO;ESTADO PLURINACIONAL DE BOLIVIA 4010;4010 ESTADO PLURINACIONAL DE BOLIVIA
-58.4907012027668;-34.5871390608693;1493;OCTUBRE;3 AL 08;2 Y 3;CARACAS;4001;FINALIZADO;CARACAS 4001;4001 CARACAS
-58.489480957547;-34.5887301069033;1494;OCTUBRE;3 AL 08;2 Y 3;CARACAS;3788;FINALIZADO;CARACAS 3788;3788 CARACAS
-58.4894185890628;-34.5885582496731;1495;OCTUBRE;3 AL 08;2 Y 3;CARACAS;3799;FINALIZADO;CARACAS 3799;3799 CARACAS
-58.4896210649779;-34.5885751413765;1496;OCTUBRE;3 AL 08;2 Y 3;CARACAS;3806;FINALIZADO;CARACAS 3806;3806 CARACAS
-58.5172898997952;-34.6135091927525;1497;OCTUBRE;3 AL 08;4;BERMUDEZ ESQ TINOGASTA;;FINALIZADO;BERMUDEZ Y TINOGASTA;BERMUDEZ & TINOGASTA
-58.4789450928145;-34.6077623673483;1498;OCTUBRE;3 AL 08;4;BOLIVIA ESQ ALVAREZ JONTE;;FINALIZADO;ESTADO PLURINACIONAL DE BOLIVIA Y ALVAREZ JONTE AV.;ESTADO PLURINACIONAL DE BOLIVIA & ALVAREZ JONTE AV.
-58.5166825090568;-34.6139696902769;1499;OCTUBRE;3 AL 08;4;BERMUDEZ ESQ PEDRO LOZANO;;FINALIZADO;BERMUDEZ Y LOZANO, PEDRO;BERMUDEZ & LOZANO, PEDRO
-58.5089066354653;-34.6067681129186;1500;OCTUBRE;3 AL 08;4;SIMBRON ESQ GUALEGUAYCHU;;FINALIZADO;SIMBRON Y GUALEGUAYCHU;SIMBRON & GUALEGUAYCHU
-58.5143866370049;-34.6157029307103;1501;OCTUBRE;3 AL 08;4;BERMUDEZ ESQ LAURELES ARGENTINOS;;FINALIZADO;BERMUDEZ Y LAURELES ARGENTINOS;BERMUDEZ & LAURELES ARGENTINOS
-58.4713029151576;-34.6366552049521;1502;OCTUBRE;3 AL 08;5 Y 6;DIRECTORIO ESQ PORTELA;;FINALIZADO;DIRECTORIO AV. Y PORTELA;DIRECTORIO AV. & PORTELA
-58.4702104610747;-34.6363292790036;1503;OCTUBRE;3 AL 08;5 Y 6;DIRECTORIO ESQ JOSE MARTI;;FINALIZADO;DIRECTORIO AV. Y MARTI, JOSE;DIRECTORIO AV. & MARTI, JOSE
-58.4690224166167;-34.6359748289434;1504;OCTUBRE;3 AL 08;5 Y 6;DIRECTORIO ESQ QUIRNO;;FINALIZADO;DIRECTORIO AV. Y QUIRNO;DIRECTORIO AV. & QUIRNO
-58.4674919368306;-34.635518686677;1505;OCTUBRE;3 AL 08;5 Y 6;DIRECTORIO ESQ SAN PEDRITO;;FINALIZADO;DIRECTORIO AV. Y SAN PEDRITO AV.;DIRECTORIO AV. & SAN PEDRITO AV.
-58.4662182829618;-34.6351412529924;1506;OCTUBRE;3 AL 08;5 Y 6;DIRECTORIO ESQ LAFUENTE;;FINALIZADO;DIRECTORIO AV. Y LAFUENTE;DIRECTORIO AV. & LAFUENTE
-58.430559901731;-34.6077536520292;1507;OCTUBRE;3 AL 08;5 Y 6;RIO DE JANEIRO ESQ RAMOS MEJIA;;FINALIZADO;RIO DE JANEIRO Y RAMOS MEJIA;RIO DE JANEIRO & RAMOS MEJIA
-58.4166331143064;-34.6328275985282;1508;OCTUBRE;3 AL 08;5 Y 6;INCLAN ESQ COLOMBRES;;FINALIZADO;INCLAN Y COLOMBRES;INCLAN & COLOMBRES
-58.4109869411534;-34.6342333396672;1509;OCTUBRE;3 AL 08;5 Y 6;CHICLANA ESQ SANCHEZ DE LORIA;;FINALIZADO;CHICLANA AV. Y SANCHEZ DE LORIA;CHICLANA AV. & SANCHEZ DE LORIA
-58.4178727061777;-34.6342714879421;1510;OCTUBRE;3 AL 08;5 Y 6;CASTRO BARROS ESQ SALCEDO;;FINALIZADO;CASTRO BARROS Y SALCEDO;CASTRO BARROS & SALCEDO
-58.4489621828942;-34.6183096769176;1511;OCTUBRE;3 AL 08;5 Y 6;AVELLANEDA ESQ PAYSANDU;;FINALIZADO;AVELLANEDA AV. Y PAYSANDU;AVELLANEDA AV. & PAYSANDU
-58.4341498935505;-34.6342302086655;1512;OCTUBRE;3 AL 08;7;ASAMBLEA;595;FINALIZADO;ASAMBLEA AV. 595;595 ASAMBLEA AV.
-58.4343060892348;-34.6342434299778;1513;OCTUBRE;3 AL 08;7;RIGLOS;1295;FINALIZADO;RIGLOS 1295;1295 RIGLOS
-58.4288598835921;-34.6343936514235;1514;OCTUBRE;3 AL 08;7;SANTANDER;586;FINALIZADO;SANTANDER 586;586 SANTANDER
-58.4290622776503;-34.6342798739181;1515;OCTUBRE;3 AL 08;7;SANTANDER;599;FINALIZADO;SANTANDER 599;599 SANTANDER
-58.4291475545462;-34.6344409479995;1516;OCTUBRE;3 AL 08;7;SANTANDER;608;FINALIZADO;SANTANDER 608;608 SANTANDER
-58.4291994991448;-34.6343024327777;1517;OCTUBRE;3 AL 08;7;SANTANDER;609;FINALIZADO;SANTANDER 609;609 SANTANDER
-58.429987242883;-34.6344319383454;1518;OCTUBRE;3 AL 08;7;SANTANDER;697;FINALIZADO;SANTANDER 697;697 SANTANDER
-58.4302331322703;-34.6344724174484;1519;OCTUBRE;3 AL 08;7;SANTANDER;701;FINALIZADO;SANTANDER 701;701 SANTANDER
-58.4338551988671;-34.6352087875433;1520;OCTUBRE;3 AL 08;7;SANTANDER;970;FINALIZADO;SANTANDER 970;970 SANTANDER
-58.4333642886181;-34.6346414853891;1521;OCTUBRE;3 AL 08;7;CASTAÑARES;1050;FINALIZADO;CASTAÑARES AV. 1050;1050 CASTAÑARES AV.
-58.436881104121;-34.6355608007759;1522;OCTUBRE;3 AL 08;7;SANTANDER;1191;FINALIZADO;SANTANDER 1191;1191 SANTANDER
-58.4372136268898;-34.635626771292;1523;OCTUBRE;3 AL 08;7;SANTANDER;1209;FINALIZADO;SANTANDER 1209;1209 SANTANDER
-58.4370528184778;-34.635743196028;1524;OCTUBRE;3 AL 08;7;SANTANDER;1202;FINALIZADO;SANTANDER 1202;1202 SANTANDER
-58.4324416925136;-34.6358772662884;1525;OCTUBRE;3 AL 08;7;JOSE MARIA MORENO;1481;FINALIZADO;MORENO, JOSE MARIA AV. 1481;1481 MORENO, JOSE MARIA AV.
-58.4338514759895;-34.6361773485676;1526;OCTUBRE;3 AL 08;7;DEL BARCO CENTENERA;1481;FINALIZADO;BARCO CENTENERA DEL 1481;1481 BARCO CENTENERA DEL
-58.4335190836148;-34.6363087031027;1527;OCTUBRE;3 AL 08;7;DEL BARCO CENTENERA;1502;FINALIZADO;BARCO CENTENERA DEL 1502;1502 BARCO CENTENERA DEL
-58.4336461196556;-34.6364285342896;1528;OCTUBRE;3 AL 08;7;DEL BARCO CENTENERA;1509;FINALIZADO;BARCO CENTENERA DEL 1509;1509 BARCO CENTENERA DEL
-58.4357340244518;-34.6365972526149;1529;OCTUBRE;3 AL 08;7;AVELINO DIAZ;1160;FINALIZADO;DIAZ, AVELINO 1160;1160 DIAZ, AVELINO
-58.435498486187;-34.6373756243926;1530;OCTUBRE;3 AL 08;7;BALBASTRO;1247;FINALIZADO;BALBASTRO 1247;1247 BALBASTRO
-58.4356350738017;-34.6374094856434;1531;OCTUBRE;3 AL 08;7;BALBASTRO;1255;FINALIZADO;BALBASTRO 1255;1255 BALBASTRO
-58.4329730684369;-34.6371590014151;1532;OCTUBRE;3 AL 08;7;BALBASTRO;1084;FINALIZADO;BALBASTRO 1084;1084 BALBASTRO
-58.4332527898018;-34.6372006798779;1533;OCTUBRE;3 AL 08;7;BALBASTRO;1104;FINALIZADO;BALBASTRO 1104;1104 BALBASTRO
-58.4273429345023;-34.6361932586807;1534;OCTUBRE;3 AL 08;7;BALBASTRO;602;FINALIZADO;BALBASTRO 602;602 BALBASTRO
-58.4330235808306;-34.6376045386103;1535;OCTUBRE;3 AL 08;7;DEL BARCO CENTENERA;1641;FINALIZADO;BARCO CENTENERA DEL 1641;1641 BARCO CENTENERA DEL
-58.4329130023574;-34.6378134845832;1536;OCTUBRE;3 AL 08;7;DEL BARCO CENTENERA;1659;FINALIZADO;BARCO CENTENERA DEL 1659;1659 BARCO CENTENERA DEL
-58.4328947581109;-34.6381911715933;1537;OCTUBRE;3 AL 08;7;SARAZA;1115;FINALIZADO;SARAZA 1115;1115 SARAZA
-58.4358383387693;-34.6386621351184;1538;OCTUBRE;3 AL 08;7;SARAZA;1295;FINALIZADO;SARAZA 1295;1295 SARAZA
-58.4360481840942;-34.6387146019557;1539;OCTUBRE;3 AL 08;7;SARAZA;1305;FINALIZADO;SARAZA 1305;1305 SARAZA
-58.4359736974942;-34.6388545873768;1540;OCTUBRE;3 AL 08;7;CACHIMAYO;1707;FINALIZADO;CACHIMAYO 1707;1707 CACHIMAYO
-58.4358210052133;-34.6387728209061;1541;OCTUBRE;3 AL 08;7;CACHIMAYO;1704;FINALIZADO;CACHIMAYO 1704;1704 CACHIMAYO
-58.4306109183995;-34.6383618239004;1542;OCTUBRE;3 AL 08;7;BEAUCHEF;1841;FINALIZADO;BEAUCHEF 1841;1841 BEAUCHEF
-58.4305595783699;-34.638606500204;1543;OCTUBRE;3 AL 08;7;BEAUCHEF;1859;FINALIZADO;BEAUCHEF 1859;1859 BEAUCHEF
-58.4316857920124;-34.6387428128684;1544;OCTUBRE;3 AL 08;7;QUEROL;998;FINALIZADO;QUEROL 998;998 QUEROL
-58.4318480088988;-34.6387183153761;1545;OCTUBRE;3 AL 08;7;JOSE MARIA MORENO;1751;FINALIZADO;MORENO, JOSE MARIA AV. 1751;1751 MORENO, JOSE MARIA AV.
-58.434248091692;-34.6390195857704;1546;OCTUBRE;3 AL 08;7;PICHUETA;1749;FINALIZADO;PICHEUTA 1749;1749 PICHEUTA
-58.4321827953335;-34.6412202263686;1547;OCTUBRE;3 AL 08;7;LA CAPITAL;1115;FINALIZADO;LA CAPITAL 1115;1115 LA CAPITAL
-58.4322890010662;-34.6410936027766;1548;OCTUBRE;3 AL 08;7;LA CAPITAL;1110;FINALIZADO;LA CAPITAL 1110;1110 LA CAPITAL
-58.4413206678786;-34.6404478090851;1549;OCTUBRE;3 AL 08;7;CASTAÑARES;1688;FINALIZADO;CASTAÑARES AV. 1688;1688 CASTAÑARES AV.
-58.4415929389917;-34.6404670698175;1550;OCTUBRE;3 AL 08;7;CASTAÑARES;1699;FINALIZADO;CASTAÑARES AV. 1699;1699 CASTAÑARES AV.
-58.4416949060287;-34.6403915557594;1551;OCTUBRE;3 AL 08;7;PUAN;1715;FINALIZADO;PUAN 1715;1715 PUAN
-58.4393772990109;-34.6384858554742;1552;OCTUBRE;3 AL 08;7;VICTOR MARTINEZ;1591;FINALIZADO;MARTINEZ, VICTOR 1591;1591 MARTINEZ, VICTOR
-58.4483975265618;-34.6356232553809;1553;OCTUBRE;3 AL 08;7;EVA PERON;1798;FINALIZADO;PERON, EVA AV. 1798;1798 PERON, EVA AV.
-58.4484012298004;-34.6359054651318;1554;OCTUBRE;3 AL 08;7;THORNE;1025;FINALIZADO;THORNE 1025;1025 THORNE
-58.4493783923365;-34.6362841256797;1555;OCTUBRE;3 AL 08;7;EVA PERON;1898;FINALIZADO;PERON, EVA AV. 1898;1898 PERON, EVA AV.
-58.4494551208583;-34.6363358242003;1556;OCTUBRE;3 AL 08;7;EVA PERON;1902;FINALIZADO;PERON, EVA AV. 1902;1902 PERON, EVA AV.
-58.3900385087302;-34.6280871027986;1557;OCTUBRE;3 AL 08;8;ANTEQUERA;1743;FINALIZADO;ANTEQUERA 1743;1743 ANTEQUERA
-58.3901219230726;-34.6282347668811;1558;OCTUBRE;3 AL 08;8;ANTEQUERA;1750;FINALIZADO;ANTEQUERA 1750;1750 ANTEQUERA
-58.3901809698058;-34.6280926917246;1559;OCTUBRE;3 AL 08;8;ANTEQUERA;1751;FINALIZADO;ANTEQUERA 1751;1751 ANTEQUERA
-58.3902798471482;-34.6282409690049;1560;OCTUBRE;3 AL 08;8;ANTEQUERA;1758;FINALIZADO;ANTEQUERA 1758;1758 ANTEQUERA
-58.3905715363405;-34.6315569296005;1561;OCTUBRE;3 AL 08;8;ENTRE RIOS;2002;FINALIZADO;ENTRE RIOS AV. 2002;2002 ENTRE RIOS AV.
-58.3907031598444;-34.630452797866;1562;OCTUBRE;3 AL 08;8;ENTRE RIOS;1898;FINALIZADO;ENTRE RIOS AV. 1898;1898 ENTRE RIOS AV.
-58.3906925635916;-34.6305416749412;1563;OCTUBRE;3 AL 08;8;ENTRE RIOS;1902;FINALIZADO;ENTRE RIOS AV. 1902;1902 ENTRE RIOS AV.
-58.3826083369134;-34.6301792090471;1564;OCTUBRE;3 AL 08;8;SALTA;1898;FINALIZADO;SALTA 1898;1898 SALTA
-58.3881486061828;-34.6287738539257;1565;OCTUBRE;3 AL 08;8;BRASIL;1601;FINALIZADO;BRASIL 1601;1601 BRASIL
-58.3856574006568;-34.6283479321241;1566;OCTUBRE;3 AL 08;8;BRASIL;1399;FINALIZADO;BRASIL 1399;1399 BRASIL
-58.3815042192666;-34.628232194152;1567;OCTUBRE;3 AL 08;8;LIMA;1735;FINALIZADO;LIMA 1735;1735 LIMA
-58.3813209110407;-34.6284803549164;1568;OCTUBRE;3 AL 08;8;LIMA;1758;FINALIZADO;LIMA 1758;1758 LIMA
-58.3813289998093;-34.6282509336512;1569;OCTUBRE;3 AL 08;8;LIMA;1738;FINALIZADO;LIMA 1738;1738 LIMA
-58.3824216590408;-34.601643229519;1570;OCTUBRE;3 AL 08;8;CERRITO;582;FINALIZADO;CERRITO 582;582 CERRITO
-58.3908620702703;-34.6018151348372;1571;OCTUBRE;3 AL 08;8;TUCUMAN;1679;FINALIZADO;TUCUMAN 1679;1679 TUCUMAN
-58.3909865535355;-34.6018602312196;1572;OCTUBRE;3 AL 08;8;DELLEPIANE;602;FINALIZADO;DELLEPIANE, LUIS 602;602 DELLEPIANE, LUIS
-58.3837780721585;-34.601687399468;1573;OCTUBRE;3 AL 08;8;LIBERTAD;581;FINALIZADO;LIBERTAD 581;581 LIBERTAD
-58.385371574119;-34.6014724163129;1574;OCTUBRE;3 AL 08;8;TALCAHUANO;610;FINALIZADO;TALCAHUANO 610;610 TALCAHUANO
-58.3910023728079;-34.6008193378947;1575;OCTUBRE;3 AL 08;8;VIAMONTE;1680;FINALIZADO;VIAMONTE 1680;1680 VIAMONTE
-58.3899272213109;-34.600512836484;1576;OCTUBRE;3 AL 08;8;DEL CARMEN;715;FINALIZADO;DEL CARMEN 715;715 DEL CARMEN
-58.3910023728079;-34.6008193378947;1577;OCTUBRE;3 AL 08;8;VIAMONTE;1680;FINALIZADO;VIAMONTE 1680;1680 VIAMONTE
-58.3854211274615;-34.6007729119952;1578;OCTUBRE;3 AL 08;8;TALCAHUANO;678;FINALIZADO;TALCAHUANO 678;678 TALCAHUANO
-58.385458931195;-34.6003050440631;1579;OCTUBRE;3 AL 08;8;TALCAHUANO;716;FINALIZADO;TALCAHUANO 716;716 TALCAHUANO
-58.3839800857282;-34.6005051007695;1580;OCTUBRE;3 AL 08;8;VIAMONTE;1202;FINALIZADO;VIAMONTE 1202;1202 VIAMONTE
-58.3852777180332;-34.6005786664987;1582;OCTUBRE;3 AL 08;8;VIAMONTE;1298;FINALIZADO;VIAMONTE 1298;1298 VIAMONTE
-58.4734433502648;-34.5571482129761;1583;OCTUBRE;3 AL 08;9;JOSE TAMBORINI ESQ PROMETEO;;FINALIZADO;TAMBORINI, JOSE PASCUAL Y PROMETEO;TAMBORINI, JOSE PASCUAL & PROMETEO
-58.4750281553248;-34.5579963416473;1584;OCTUBRE;3 AL 08;9;JOSE TAMBORINI ESQ SUPERI;;FINALIZADO;TAMBORINI, JOSE PASCUAL Y SUPERI;TAMBORINI, JOSE PASCUAL & SUPERI
-58.4727817204044;-34.5568090286505;1585;OCTUBRE;3 AL 08;9;JOSE TAMBORINI ESQ RAMON FREIRE;;FINALIZADO;TAMBORINI, JOSE PASCUAL Y FREIRE, RAMON, CAP. GRAL.;TAMBORINI, JOSE PASCUAL & FREIRE, RAMON, CAP. GRAL.
-58.5268047484843;-34.6131939187211;1586;OCTUBRE;3 AL 08;10;CANTILO ESQ OTTAWA;;FINALIZADO;CANTILO, JOSE LUIS Y OTTAWA;CANTILO, JOSE LUIS & OTTAWA
-58.5276309995469;-34.6138351960526;1587;OCTUBRE;3 AL 08;10;CANTILO ESQ VIRGILIO;;FINALIZADO;CANTILO, JOSE LUIS Y VIRGILIO;CANTILO, JOSE LUIS & VIRGILIO
-58.5292236193719;-34.6150714228402;1588;OCTUBRE;3 AL 08;10;CANTILO ESQ BAUZA;;FINALIZADO;CANTILO, JOSE LUIS Y BAUZA, FRANCISCO;CANTILO, JOSE LUIS & BAUZA, FRANCISCO
-58.5301537273075;-34.6157932634071;1589;OCTUBRE;3 AL 08;10;CANTILO ESQ ESPRONCEDA;;FINALIZADO;CANTILO, JOSE LUIS Y ESPRONCEDA;CANTILO, JOSE LUIS & ESPRONCEDA
-58.5310631322195;-34.6146612958163;1591;OCTUBRE;3 AL 08;10;GRAL PAZ ESQ VICTOR HUGO;;FINALIZADO;PAZ, GRAL. AV. Y HUGO, VICTOR;PAZ, GRAL. AV. & HUGO, VICTOR
-58.5288130302417;-34.612917626334;1592;OCTUBRE;3 AL 08;10;VIRGILIO ESQ PIO RODRIGUEZ;;FINALIZADO;VIRGILIO Y RODRIGUEZ, PIO;VIRGILIO & RODRIGUEZ, PIO
-58.5221994605034;-34.6217563429684;1594;OCTUBRE;3 AL 08;10;NAZARRE ESQ EL NENE;;FINALIZADO;NAZARRE Y EL NENE;NAZARRE & EL NENE
-58.5233549784209;-34.6223346671183;1595;OCTUBRE;3 AL 08;10;NAZARRE ESQ ALICANTE;;FINALIZADO;NAZARRE Y ALICANTE;NAZARRE & ALICANTE
-58.5217601632254;-34.6207165203843;1596;OCTUBRE;3 AL 08;10;NAZARRE ESQ BAUZA;;FINALIZADO;NAZARRE Y BAUZA, FRANCISCO;NAZARRE & BAUZA, FRANCISCO
-58.5208615789879;-34.6198538234605;1597;OCTUBRE;3 AL 08;10;NAZARRE ESQ DA VINCI;;FINALIZADO;NAZARRE Y DA VINCI, LEONARDO;NAZARRE & DA VINCI, LEONARDO
-58.5203758523535;-34.6193879104736;1598;OCTUBRE;3 AL 08;10;NAZARRE ESQ VIRGILIO;;FINALIZADO;NAZARRE Y VIRGILIO;NAZARRE & VIRGILIO
-58.5198654969155;-34.6188991194815;1599;OCTUBRE;3 AL 08;10;NAZARRE ESQ MARTINEZ;;FINALIZADO;NAZARRE Y MARTINEZ, JUAN ESTEBAN;NAZARRE & MARTINEZ, JUAN ESTEBAN
-58.523480303094;-34.6201263591813;1600;OCTUBRE;3 AL 08;10;VICTOR HUGO ESQ GUTIERREZ;;FINALIZADO;HUGO, VICTOR Y GUTIERREZ, EDUARDO;HUGO, VICTOR & GUTIERREZ, EDUARDO
-58.5243229585933;-34.6208894125797;1601;OCTUBRE;3 AL 08;10;CORTINA ESQ GUTIERREZ;;FINALIZADO;CORTINA Y GUTIERREZ, EDUARDO;CORTINA & GUTIERREZ, EDUARDO
-58.5135598472378;-34.6207463420168;1602;OCTUBRE;3 AL 08;10;SANTO TOME ESQ CALDERON DE LA BARCA;;FINALIZADO;SANTO TOME Y CALDERON DE LA BARCA, PEDRO;SANTO TOME & CALDERON DE LA BARCA, PEDRO
-58.5121563913927;-34.6195210312087;1603;OCTUBRE;3 AL 08;10;SANTO TOME ESQ CERVANTES;;FINALIZADO;SANTO TOME Y CERVANTES;SANTO TOME & CERVANTES
-58.514286567026;-34.6213827491308;1604;OCTUBRE;3 AL 08;10;SANTO TOME ESQ COLIQUEO;;FINALIZADO;SANTO TOME Y COLIQUEO;SANTO TOME & COLIQUEO
-58.5128810421846;-34.6201545607976;1605;OCTUBRE;3 AL 08;10;SANTO TOME ESQ LAS COLONIAS;;FINALIZADO;SANTO TOME Y LAS COLONIAS;SANTO TOME & LAS COLONIAS
-58.5130612250688;-34.6203106880781;1606;OCTUBRE;3 AL 08;10;SANTO TOME ESQ VICENTE LOPEZ;;FINALIZADO;SANTO TOME Y LOPEZ, VICENTE FIDEL;SANTO TOME & LOPEZ, VICENTE FIDEL
-58.5115080310969;-34.6189534555276;1607;OCTUBRE;3 AL 08;10;SANTO TOME ESQ NAMUNCURA;;FINALIZADO;SANTO TOME Y NAMUNCURA;SANTO TOME & NAMUNCURA
-58.5110204306538;-34.6219164300992;1608;OCTUBRE;3 AL 08;10;LASCANO ESQ VICENTE LOPEZ;;FINALIZADO;LASCANO Y LOPEZ, VICENTE FIDEL;LASCANO & LOPEZ, VICENTE FIDEL
-58.5126102531915;-34.6214792948936;1609;OCTUBRE;3 AL 08;10;ARREGUI ESQ CALDERON DE LA BARCA;;FINALIZADO;ARREGUI Y CALDERON DE LA BARCA, PEDRO;ARREGUI & CALDERON DE LA BARCA, PEDRO
-58.5111649093461;-34.6202953294266;1610;OCTUBRE;3 AL 08;10;ARREGUI ESQ CERVANTES;;FINALIZADO;ARREGUI Y CERVANTES;ARREGUI & CERVANTES
-58.5121043177919;-34.621063641333;1611;OCTUBRE;3 AL 08;10;ARREGUI ESQ VICENTE LOPEZ;;FINALIZADO;ARREGUI Y LOPEZ, VICENTE FIDEL;ARREGUI & LOPEZ, VICENTE FIDEL
-58.5162869959446;-34.6008454401029;1612;OCTUBRE;3 AL 08;11;PAREJA;4302;FINALIZADO;PAREJA 4302;4302 PAREJA
-58.5149183325648;-34.6000011976937;1613;OCTUBRE;3 AL 08;11;PAREJA;4198;FINALIZADO;PAREJA 4198;4198 PAREJA
-58.5150188314131;-34.6000632009184;1614;OCTUBRE;3 AL 08;11;PAREJA;4202;FINALIZADO;PAREJA 4202;4202 PAREJA
-58.5150188314131;-34.6000632009184;1615;OCTUBRE;3 AL 08;11;PAREJA;4202;FINALIZADO;PAREJA 4202;4202 PAREJA
-58.5188068197319;-34.6023966583534;1616;OCTUBRE;3 AL 08;11;PAREJA;4502;FINALIZADO;PAREJA 4502;4502 PAREJA
-58.5188059811574;-34.602216326769;1617;OCTUBRE;3 AL 08;11;PAREJA;4495;FINALIZADO;PAREJA 4495;4495 PAREJA
-58.5163150531854;-34.6006828814278;1618;OCTUBRE;3 AL 08;11;PAREJA;4299;FINALIZADO;PAREJA 4299;4299 PAREJA
-58.5163911591963;-34.6007297517082;1619;OCTUBRE;3 AL 08;11;PAREJA;4301;FINALIZADO;PAREJA 4301;4301 PAREJA
-58.510721155685;-34.5974105151326;1620;OCTUBRE;3 AL 08;11;PAREJA;3802;FINALIZADO;PAREJA 3802;3802 PAREJA
-58.5081171936033;-34.5958023657125;1621;OCTUBRE;3 AL 08;11;PAREJA;3602;FINALIZADO;PAREJA 3602;3602 PAREJA
-58.5080276641995;-34.5957470700426;1622;OCTUBRE;3 AL 08;11;PAREJA;3598;FINALIZADO;PAREJA 3598;3598 PAREJA
-58.5081562322122;-34.5956464571227;1623;OCTUBRE;3 AL 08;11;PAREJA;3599;FINALIZADO;PAREJA 3599;3599 PAREJA
-58.5093167336808;-34.5965431338494;1624;OCTUBRE;3 AL 08;11;PAREJA;3698;FINALIZADO;PAREJA 3698;3698 PAREJA
-58.4642637394116;-34.6044051108067;1625;OCTUBRE;3 AL 08;11;DONATO ALVAREZ;2004;FINALIZADO;ALVAREZ, DONATO, TTE. GRAL. AV. 2004;2004 ALVAREZ, DONATO, TTE. GRAL. AV.
-58.464217005886;-34.6044991482747;1626;OCTUBRE;3 AL 08;11;DONATO ALVAREZ;2000;FINALIZADO;ALVAREZ, DONATO, TTE. GRAL. AV. 2000;2000 ALVAREZ, DONATO, TTE. GRAL. AV.
-58.5207223064459;-34.6024579221208;1627;OCTUBRE;3 AL 08;11;HABANA;4602;FINALIZADO;HABANA 4602;4602 HABANA
-58.4936502987087;-34.5715994851849;1628;OCTUBRE;3 AL 08;12;ANDONAEGUI ESQ CONGRESO;;FINALIZADO;ANDONAEGUI Y CONGRESO AV.;ANDONAEGUI & CONGRESO AV.
-58.4944315930601;-34.5706265672251;1629;OCTUBRE;3 AL 08;12;ANDONAEGUI ESQ QUESADA;;FINALIZADO;ANDONAEGUI Y QUESADA;ANDONAEGUI & QUESADA
-58.4929796192879;-34.5724346892052;1630;OCTUBRE;3 AL 08;12;ANDONAEGUI ESQ LE BRETON;;FINALIZADO;ANDONAEGUI Y LE BRETON, TOMAS A.;ANDONAEGUI & LE BRETON, TOMAS A.
-58.4923766680253;-34.5731854327579;1631;OCTUBRE;3 AL 08;12;ANDONAEGUI ESQ NAHUEL HUAPI;;FINALIZADO;ANDONAEGUI Y NAHUEL HUAPI;ANDONAEGUI & NAHUEL HUAPI
-58.4779097843955;-34.5418921674485;1632;OCTUBRE;3 AL 08;12;CRAMER ESQ PICO;;FINALIZADO;CRAMER Y PICO;CRAMER & PICO
-58.4781068215443;-34.5414828983449;1633;OCTUBRE;3 AL 08;12;CRAMER ESQ ARGELIA;;FINALIZADO;CRAMER Y ARGELIA;CRAMER & ARGELIA
-58.4784843025587;-34.5406989387243;1634;OCTUBRE;3 AL 08;12;CRAMER ESQ GRAL PAZ;;FINALIZADO;CRAMER Y PAZ, GRAL. AV.;CRAMER & PAZ, GRAL. AV.
-58.4862869018584;-34.5768088263538;1635;OCTUBRE;3 AL 08;12;OLAZABAL;5142;FINALIZADO;OLAZABAL AV. 5142;5142 OLAZABAL AV.
-58.5022330278482;-34.6368526278642;1636;OCTUBRE;3 AL 08;14;YERBAL ESQ MOLIERE;;FINALIZADO;YERBAL Y MOLIERE;YERBAL & MOLIERE
-58.5036041634886;-34.6370285903984;1637;OCTUBRE;3 AL 08;14;YERBAL ESQ VICTOR HUGO;;FINALIZADO;YERBAL Y HUGO, VICTOR;YERBAL & HUGO, VICTOR
-58.5084413127561;-34.6398195664316;1638;OCTUBRE;3 AL 08;14;RAMON FALCON ESQ COSSIO;;FINALIZADO;FALCON, RAMON L.,CNEL. AV. Y GARCIA DE COSSIO;FALCON, RAMON L.,CNEL. AV. & GARCIA DE COSSIO
-58.4813384922969;-34.6381906867999;1639;OCTUBRE;3 AL 08;14;JUAN B ALBERDI;3987;FINALIZADO;ALBERDI, JUAN BAUTISTA AV. 3987;3987 ALBERDI, JUAN BAUTISTA AV.
-58.4817371927483;-34.6385381242447;1640;OCTUBRE;3 AL 08;14;JUAN B ALBERDI;4002;FINALIZADO;ALBERDI, JUAN BAUTISTA AV. 4002;4002 ALBERDI, JUAN BAUTISTA AV.
-58.4860864823034;-34.6404061839051;1641;OCTUBRE;3 AL 08;14;JUAN B ALBERDI;4299;FINALIZADO;ALBERDI, JUAN BAUTISTA AV. 4299;4299 ALBERDI, JUAN BAUTISTA AV.
-58.4761549844717;-34.635902231364;1642;OCTUBRE;3 AL 08;14;JUAN B ALBERDI;3573;FINALIZADO;ALBERDI, JUAN BAUTISTA AV. 3573;3573 ALBERDI, JUAN BAUTISTA AV.
-58.4786329268582;-34.6369518446605;1643;OCTUBRE;3 AL 08;14;JUAN B ALBERDI;3801;FINALIZADO;ALBERDI, JUAN BAUTISTA AV. 3801;3801 ALBERDI, JUAN BAUTISTA AV.
-58.4902982429639;-34.6423981749826;1644;OCTUBRE;3 AL 08;14;JUAN B ALBERDI;4501;FINALIZADO;ALBERDI, JUAN BAUTISTA AV. 4501;4501 ALBERDI, JUAN BAUTISTA AV.
-58.4778797261796;-34.5970880860602;1645;OCTUBRE;3 AL 08;15;WARNES ESQ CHORROARIN;;FINALIZADO;WARNES AV. Y CHORROARIN;WARNES AV. & CHORROARIN
-58.4702596716509;-34.5961966442719;1646;OCTUBRE;3 AL 08;15;WARNES;2397;FINALIZADO;WARNES AV. 2397;2397 WARNES AV.
-58.4734413514751;-34.5969698336626;1647;OCTUBRE;3 AL 08;15;WARNES;2552;FINALIZADO;WARNES AV. 2552;2552 WARNES AV.
-58.4767512607841;-34.5969906849727;1648;OCTUBRE;3 AL 08;15;WARNES;2707;FINALIZADO;WARNES AV. 2707;2707 WARNES AV.
-58.4601179317887;-34.5965564007678;1649;OCTUBRE;3 AL 08;15;WARNES;1757;FINALIZADO;WARNES AV. 1757;1757 WARNES AV.
-58.4769855905894;-34.5950070004219;1650;OCTUBRE;3 AL 08;15;CHORROARIN;305;FINALIZADO;CHORROARIN AV. 305;305 CHORROARIN AV.
-58.4782233821638;-34.598253942389;1651;OCTUBRE;3 AL 08;15;CHORROARIN;107;FINALIZADO;CHORROARIN 107;107 CHORROARIN
-58.4537596923182;-34.5965343650304;1652;OCTUBRE;3 AL 08;15;DORREGO;206;FINALIZADO;DORREGO AV. 206;206 DORREGO AV.
-58.4528530779236;-34.5959177675881;1653;OCTUBRE;3 AL 08;15;DORREGO;302;FINALIZADO;DORREGO AV. 302;302 DORREGO AV.
-58.4536596086046;-34.5967232283393;1654;OCTUBRE;3 AL 08;15;HUAURA;1489;FINALIZADO;HUAURA 1489;1489 HUAURA
-58.4525840417231;-34.5981797430666;1655;OCTUBRE;3 AL 08;15;HUAURA;1312;FINALIZADO;HUAURA 1312;1312 HUAURA
-58.4523811831641;-34.5981645890523;1656;OCTUBRE;3 AL 08;15;HUAURA;1301;FINALIZADO;HUAURA 1301;1301 HUAURA
-58.4539571580894;-34.5966042159018;1657;OCTUBRE;3 AL 08;15;GIRARDOT;24;FINALIZADO;GIRARDOT 24;24 GIRARDOT
-58.4470318203675;-34.5943385128271;1658;OCTUBRE;3 AL 08;15;CAMARGO;1296;FINALIZADO;CAMARGO 1296;1296 CAMARGO
-58.4756768126347;-34.5772678181369;1659;OCTUBRE;3 AL 08;15;URDINEA;1798;FINALIZADO;URDININEA 1798;1798 URDININEA
-58.4754973142851;-34.5773468473439;1660;OCTUBRE;3 AL 08;15;URDINEA;1791;FINALIZADO;URDININEA 1791;1791 URDININEA
-58.475925992656;-34.5817377846758;1661;OCTUBRE;3 AL 08;15;TREVERIS;2400;FINALIZADO;TREVERIS 2400;2400 TREVERIS
-58.4771926544222;-34.582497841119;1662;OCTUBRE;3 AL 08;15;TREVERIS;2501;FINALIZADO;TREVERIS 2501;2501 TREVERIS
-58.4780778628402;-34.5833605961945;1663;OCTUBRE;3 AL 08;15;TREVERIS;2592;FINALIZADO;TREVERIS 2592;2592 TREVERIS
-58.4783953697419;-34.5834047196716;1664;OCTUBRE;3 AL 08;15;TREVERIS;2605;FINALIZADO;TREVERIS 2605;2605 TREVERIS
-58.4781832954522;-34.5833641762121;1665;OCTUBRE;3 AL 08;15;AVALOS;1451;FINALIZADO;AVALOS 1451;1451 AVALOS
-58.4784962193384;-34.583034488435;1666;OCTUBRE;3 AL 08;15;AVALOS;1492;FINALIZADO;AVALOS 1492;1492 AVALOS
-58.4783524316898;-34.5829337666815;1667;OCTUBRE;3 AL 08;15;AVALOS;1497;FINALIZADO;AVALOS 1497;1497 AVALOS
-58.4785515292092;-34.5827839312345;1668;OCTUBRE;3 AL 08;15;AVALOS;1509;FINALIZADO;AVALOS 1509;1509 AVALOS
-58.4081833742091;-34.6052824072153;1678;OCTUBRE;11 AL 15;2 Y 3;VALENTIN GOMEZ;2999;FINALIZADO;GOMEZ, VALENTIN 2999;2999 GOMEZ, VALENTIN
-58.4003114090538;-34.6108336963744;1679;OCTUBRE;11 AL 15;2 Y 3;MATHEU;96;FINALIZADO;MATHEU 96;96 MATHEU
-58.3994313335199;-34.6059781978829;1680;OCTUBRE;11 AL 15;2 Y 3;PASTEUR;306;FINALIZADO;PASTEUR 306;306 PASTEUR
-58.3992605163001;-34.6059379855576;1681;OCTUBRE;11 AL 15;2 Y 3;PASTEUR;307;FINALIZADO;PASTEUR 307;307 PASTEUR
-58.4103088733056;-34.5993377515237;1682;OCTUBRE;11 AL 15;2 Y 3;SAN LUIS;3187;FINALIZADO;SAN LUIS 3187;3187 SAN LUIS
-58.4114540419114;-34.6065901728903;1683;OCTUBRE;11 AL 15;2 Y 3;SARMIENTO;3208;FINALIZADO;SARMIENTO 3208;3208 SARMIENTO
-58.4087383695059;-34.606681756932;1684;OCTUBRE;11 AL 15;2 Y 3;SARMIENTO ESQ ECUADOR;;FINALIZADO;SARMIENTO Y ECUADOR;SARMIENTO & ECUADOR
-58.3992352355518;-34.6061364447899;1685;OCTUBRE;11 AL 15;2 Y 3;SARMIENTO;2296;FINALIZADO;SARMIENTO 2296;2296 SARMIENTO
-58.4075410340365;-34.6007099826212;1686;OCTUBRE;11 AL 15;2 Y 3;VIAMONTE;2998;FINALIZADO;VIAMONTE 2998;2998 VIAMONTE
-58.4088422135578;-34.5945112489972;1687;OCTUBRE;11 AL 15;2 Y 3;AGÜERO;1301;FINALIZADO;AGUERO 1301;1301 AGUERO
-58.4007915693108;-34.5980670928949;1688;OCTUBRE;11 AL 15;2 Y 3;AZCUENAGA;898;FINALIZADO;AZCUENAGA 898;898 AZCUENAGA
-58.4056345636506;-34.6056151736666;1689;OCTUBRE;11 AL 15;2 Y 3;PUEYRREDON;399;FINALIZADO;PUEYRREDON AV. 399;399 PUEYRREDON AV.
-58.3934099126186;-34.6093519780244;1690;OCTUBRE;11 AL 15;2 Y 3;RIVADAVIA;1902;FINALIZADO;RIVADAVIA AV. 1902;1902 RIVADAVIA AV.
-58.3989737442081;-34.6109121606153;1691;OCTUBRE;11 AL 15;2 Y 3;PICHINCHA;108;FINALIZADO;PICHINCHA 108;108 PICHINCHA
-58.3991491440249;-34.6108954166564;1692;OCTUBRE;11 AL 15;2 Y 3;PICHINCHA;105;FINALIZADO;PICHINCHA 105;105 PICHINCHA
-58.4020371442561;-34.5978502453125;1693;OCTUBRE;11 AL 15;2 Y 3;PARAGUAY;2398;FINALIZADO;PARAGUAY 2398;2398 PARAGUAY
-58.4942877210399;-34.5892752205283;1694;OCTUBRE;11 AL 15;2 Y 3;BOLIVIA;4010;FINALIZADO;ESTADO PLURINACIONAL DE BOLIVIA 4010;4010 ESTADO PLURINACIONAL DE BOLIVIA
-58.4907012027668;-34.5871390608693;1695;OCTUBRE;11 AL 15;2 Y 3;CARACAS;4001;FINALIZADO;CARACAS 4001;4001 CARACAS
-58.489480957547;-34.5887301069033;1696;OCTUBRE;11 AL 15;2 Y 3;CARACAS;3788;FINALIZADO;CARACAS 3788;3788 CARACAS
-58.4894185890628;-34.5885582496731;1697;OCTUBRE;11 AL 15;2 Y 3;CARACAS;3799;FINALIZADO;CARACAS 3799;3799 CARACAS
-58.4896210649779;-34.5885751413765;1698;OCTUBRE;11 AL 15;2 Y 3;CARACAS;3806;FINALIZADO;CARACAS 3806;3806 CARACAS
-58.5167151899019;-34.6145810363051;1699;OCTUBRE;11 AL 15;4;PEDRO LOZANO ESQ JUAN DE SOLARZANO;;FINALIZADO;LOZANO, PEDRO Y SOLORZANO PEREIRA, JUAN DE;LOZANO, PEDRO & SOLORZANO PEREIRA, JUAN DE
-58.5166825090568;-34.6139696902769;1700;OCTUBRE;11 AL 15;4;BERMUDEZ ESQ PEDRO LOZANO;;FINALIZADO;BERMUDEZ Y LOZANO, PEDRO;BERMUDEZ & LOZANO, PEDRO
-58.5089066354653;-34.6067681129186;1701;OCTUBRE;11 AL 15;4;SIMBRON ESQ GUALEGUAYCHU;;FINALIZADO;SIMBRON Y GUALEGUAYCHU;SIMBRON & GUALEGUAYCHU
-58.4669905659149;-34.636657686488;1702;OCTUBRE;11 AL 15;5 Y 6;TANDIL ESQ SAN PEDRITO;;FINALIZADO;TANDIL Y SAN PEDRITO AV.;TANDIL & SAN PEDRITO AV.
-58.4702104610747;-34.6363292790036;1703;OCTUBRE;11 AL 15;5 Y 6;DIRECTORIO ESQ JOSE MARTI;;FINALIZADO;DIRECTORIO AV. Y MARTI, JOSE;DIRECTORIO AV. & MARTI, JOSE
-58.4690224166167;-34.6359748289434;1704;OCTUBRE;11 AL 15;5 Y 6;DIRECTORIO ESQ QUIRNO;;FINALIZADO;DIRECTORIO AV. Y QUIRNO;DIRECTORIO AV. & QUIRNO
-58.4674919368306;-34.635518686677;1705;OCTUBRE;11 AL 15;5 Y 6;DIRECTORIO ESQ SAN PEDRITO;;FINALIZADO;DIRECTORIO AV. Y SAN PEDRITO AV.;DIRECTORIO AV. & SAN PEDRITO AV.
-58.4534427392301;-34.6216001441542;1706;OCTUBRE;11 AL 15;5 Y 6;BOGOTA ESQ SEGUI;;FINALIZADO;BOGOTA Y SEGUI, F. J., ALTE.;BOGOTA & SEGUI, F. J., ALTE.
-58.446531150115;-34.624723333999;1707;OCTUBRE;11 AL 15;5 Y 6;JUAN B ALBERDI ESQ HORTIGUERA;;FINALIZADO;ALBERDI, JUAN BAUTISTA AV. Y HORTIGUERA;ALBERDI, JUAN BAUTISTA AV. & HORTIGUERA
-58.4528705346419;-34.6279246829367;1708;OCTUBRE;11 AL 15;5 Y 6;JUAN B ALBERDI ESQ CURAPALIGÛE;;FINALIZADO;ALBERDI, JUAN BAUTISTA AV. Y CURAPALIGUE;ALBERDI, JUAN BAUTISTA AV. & CURAPALIGUE
-58.4109869411534;-34.6342333396672;1709;OCTUBRE;11 AL 15;5 Y 6;CHICLANA ESQ SANCHEZ DE LORIA;;FINALIZADO;CHICLANA AV. Y SANCHEZ DE LORIA;CHICLANA AV. & SANCHEZ DE LORIA
-58.4478084945333;-34.6082947423123;1710;OCTUBRE;11 AL 15;5 Y 6;GAONA ESQ MANUEL RODRIGUEZ;;FINALIZADO;GAONA AV. Y RODRIGUEZ, MANUEL A., GENERAL;GAONA AV. & RODRIGUEZ, MANUEL A., GENERAL
-58.4343612560014;-34.635405094882;1714;OCTUBRE;11 AL 15;7;DEL BARCO CENTENERA;1402;FINALIZADO;BARCO CENTENERA DEL 1402;1402 BARCO CENTENERA DEL
-58.4388280066083;-34.6384960455193;1715;OCTUBRE;11 AL 15;7;CASTAÑARES;1446;FINALIZADO;CASTAÑARES AV. 1446;1446 CASTAÑARES AV.
-58.4385135567215;-34.6384427644322;1716;OCTUBRE;11 AL 15;7;BALBASTRO;1450;FINALIZADO;BALBASTRO 1450;1450 BALBASTRO
-58.4385658926039;-34.6384595342492;1717;OCTUBRE;11 AL 15;7;BALBASTRO;1454;FINALIZADO;BALBASTRO 1454;1454 BALBASTRO
-58.4443720500992;-34.64280743438;1718;OCTUBRE;11 AL 15;7;CARABOBO;1695;FINALIZADO;CARABOBO AV. 1695;1695 CARABOBO AV.
-58.4442151504952;-34.6427307907826;1719;OCTUBRE;11 AL 15;7;CARABOBO;1700;FINALIZADO;CARABOBO AV. 1700;1700 CARABOBO AV.
-58.4442075932974;-34.6428805632515;1720;OCTUBRE;11 AL 15;7;CASTAÑARES;2102;FINALIZADO;CASTAÑARES AV. 2102;2102 CASTAÑARES AV.
-58.4450404271852;-34.64362735174;1721;OCTUBRE;11 AL 15;7;CASTAÑARES;2196;FINALIZADO;CASTAÑARES AV. 2196;2196 CASTAÑARES AV.
-58.446086199408;-34.6443782510318;1722;OCTUBRE;11 AL 15;7;ESTEBAN BONORINO;1698;FINALIZADO;BONORINO, ESTEBAN, CNEL. AV. 1698;1698 BONORINO, ESTEBAN, CNEL. AV.
-58.4461872756897;-34.644497804672;1723;OCTUBRE;11 AL 15;7;ESTEBAN BONORINO;1699;FINALIZADO;BONORINO, ESTEBAN, CNEL. AV. 1699;1699 BONORINO, ESTEBAN, CNEL. AV.
-58.4459231393355;-34.6445061321063;1724;OCTUBRE;11 AL 15;7;ESTEBAN BONORINO;1702;FINALIZADO;BONORINO, ESTEBAN, CNEL. AV. 1702;1702 BONORINO, ESTEBAN, CNEL. AV.
-58.4477042221063;-34.6455713228053;1725;OCTUBRE;11 AL 15;7;RIVERA INDARTE;1681;FINALIZADO;RIVERA INDARTE AV. 1681;1681 RIVERA INDARTE AV.
-58.4474314433262;-34.6455824650284;1726;OCTUBRE;11 AL 15;7;RIVERA INDARTE;1698;FINALIZADO;RIVERA INDARTE AV. 1698;1698 RIVERA INDARTE AV.
-58.4493077230317;-34.6472788561238;1727;OCTUBRE;11 AL 15;7;VARELA;1799;FINALIZADO;VARELA AV. 1799;1799 VARELA AV.
-58.4491405208157;-34.647413332295;1728;OCTUBRE;11 AL 15;7;VARELA;1801;FINALIZADO;VARELA AV. 1801;1801 VARELA AV.
-58.4492527679127;-34.6458999719282;1729;OCTUBRE;11 AL 15;7;PEDERNERA;1715;FINALIZADO;PEDERNERA 1715;1715 PEDERNERA
-58.4492331931286;-34.6457142075508;1730;OCTUBRE;11 AL 15;7;SARAZA;2496;FINALIZADO;SARAZA 2496;2496 SARAZA
-58.4494307513384;-34.6455686778422;1731;OCTUBRE;11 AL 15;7;PEDERNERA;1690;FINALIZADO;PEDERNERA 1690;1690 PEDERNERA
-58.4496280430741;-34.645615013299;1732;OCTUBRE;11 AL 15;7;PEDERNERA;1681;FINALIZADO;PEDERNERA 1681;1681 PEDERNERA
-58.4485386836595;-34.6449383489664;1733;OCTUBRE;11 AL 15;7;RIVERA INDARTE;1599;FINALIZADO;RIVERA INDARTE AV. 1599;1599 RIVERA INDARTE AV.
-58.448440084241;-34.6448173687214;1734;OCTUBRE;11 AL 15;7;RIVERA INDARTE;1598;FINALIZADO;RIVERA INDARTE AV. 1598;1598 RIVERA INDARTE AV.
-58.4483600657575;-34.6448780670948;1735;OCTUBRE;11 AL 15;7;RIVERA INDARTE;1602;FINALIZADO;RIVERA INDARTE AV. 1602;1602 RIVERA INDARTE AV.
-58.4471775382436;-34.6437216622494;1736;OCTUBRE;11 AL 15;7;ESTEBAN BONORINO;1599;FINALIZADO;BONORINO, ESTEBAN, CNEL. AV. 1599;1599 BONORINO, ESTEBAN, CNEL. AV.
-58.4471188265598;-34.6437676839252;1737;OCTUBRE;11 AL 15;7;ESTEBAN BONORINO;1601;FINALIZADO;BONORINO, ESTEBAN, CNEL. AV. 1601;1601 BONORINO, ESTEBAN, CNEL. AV.
-58.4469266929276;-34.6436530924958;1738;OCTUBRE;11 AL 15;7;SARAZA;2292;FINALIZADO;SARAZA 2292;2292 SARAZA
-58.4460470766115;-34.64286190166;1739;OCTUBRE;11 AL 15;7;SARAZA;2196;FINALIZADO;SARAZA 2196;2196 SARAZA
-58.445302810962;-34.6403597927723;1740;OCTUBRE;11 AL 15;7;PUMACAHUA;1496;FINALIZADO;PUMACAHUA 1496;1496 PUMACAHUA
-58.4464107991168;-34.6413568182117;1741;OCTUBRE;11 AL 15;7;BALBASTRO;2105;FINALIZADO;BALBASTRO 2105;2105 BALBASTRO
-58.4462641142478;-34.6411016452304;1742;OCTUBRE;11 AL 15;7;CARABOBO;1490;FINALIZADO;CARABOBO AV. 1490;1490 CARABOBO AV.
-58.4478938596842;-34.6428977340615;1743;OCTUBRE;11 AL 15;7;BALBASTRO;2292;FINALIZADO;BALBASTRO 2292;2292 BALBASTRO
-58.448048380329;-34.6430389840347;1744;OCTUBRE;11 AL 15;7;ESTEBAN BONORINO;1505;FINALIZADO;BONORINO, ESTEBAN, CNEL. AV. 1505;1505 BONORINO, ESTEBAN, CNEL. AV.
-58.4481802157154;-34.6429356702056;1745;OCTUBRE;11 AL 15;7;ESTEBAN BONORINO;1495;FINALIZADO;BONORINO, ESTEBAN, CNEL. AV. 1495;1495 BONORINO, ESTEBAN, CNEL. AV.
-58.4495489509861;-34.6440676494209;1746;OCTUBRE;11 AL 15;7;RIVERA INDARTE;1494;FINALIZADO;RIVERA INDARTE AV. 1494;1494 RIVERA INDARTE AV.
-58.449736493668;-34.6442719457683;1747;OCTUBRE;11 AL 15;7;BALBASTRO;2417;FINALIZADO;BALBASTRO 2417;2417 BALBASTRO
-58.4493717503444;-34.6441106288797;1748;OCTUBRE;11 AL 15;7;RIVERA INDARTE;1502;FINALIZADO;RIVERA INDARTE AV. 1502;1502 RIVERA INDARTE AV.
-58.4502553349871;-34.6449215605705;1749;OCTUBRE;11 AL 15;7;BALBASTRO;2494;FINALIZADO;BALBASTRO 2494;2494 BALBASTRO
-58.4504827436534;-34.6449082243263;1750;OCTUBRE;11 AL 15;7;BALBASTRO;2501;FINALIZADO;BALBASTRO 2501;2501 BALBASTRO
-58.4503773123667;-34.6450255555995;1751;OCTUBRE;11 AL 15;7;BALBASTRO;2504;FINALIZADO;BALBASTRO 2504;2504 BALBASTRO
-58.4464336527199;-34.6381560597879;1752;OCTUBRE;11 AL 15;7;SANTANDER;1901;FINALIZADO;SANTANDER 1901;1901 SANTANDER
-58.4464992201045;-34.6379554876951;1753;OCTUBRE;11 AL 15;7;THORNE;1280;FINALIZADO;THORNE 1280;1280 THORNE
-58.448847206496;-34.6370830194805;1754;OCTUBRE;11 AL 15;7;ZUVIRIA;1966;FINALIZADO;ZUVIRIA 1966;1966 ZUVIRIA
-58.4526727299144;-34.6379844474219;1755;OCTUBRE;11 AL 15;7;LAUTARO;991;FINALIZADO;LAUTARO 991;991 LAUTARO
-58.4525522789153;-34.6379963871168;1756;OCTUBRE;11 AL 15;7;EVA PERON;2199;FINALIZADO;PERON, EVA AV. 2199;2199 PERON, EVA AV.
-58.4349616274265;-34.6350045079383;1757;OCTUBRE;11 AL 15;7;DEL BARCO CENTENERA;1359;FINALIZADO;BARCO CENTENERA DEL 1359;1359 BARCO CENTENERA DEL
-58.4343951086826;-34.6351487250187;1758;OCTUBRE;11 AL 15;7;SANTANDER;991;FINALIZADO;SANTANDER 991;991 SANTANDER
-58.3900385087302;-34.6280871027986;1759;OCTUBRE;11 AL 15;8;ANTEQUERA;1743;FINALIZADO;ANTEQUERA 1743;1743 ANTEQUERA
-58.3901219230726;-34.6282347668811;1760;OCTUBRE;11 AL 15;8;ANTEQUERA;1750;FINALIZADO;ANTEQUERA 1750;1750 ANTEQUERA
-58.3901809698058;-34.6280926917246;1761;OCTUBRE;11 AL 15;8;ANTEQUERA;1751;FINALIZADO;ANTEQUERA 1751;1751 ANTEQUERA
-58.3902798471482;-34.6282409690049;1762;OCTUBRE;11 AL 15;8;ANTEQUERA;1758;FINALIZADO;ANTEQUERA 1758;1758 ANTEQUERA
-58.3905715363405;-34.6315569296005;1763;OCTUBRE;11 AL 15;8;ENTRE RIOS;2002;FINALIZADO;ENTRE RIOS AV. 2002;2002 ENTRE RIOS AV.
-58.3907031598444;-34.630452797866;1764;OCTUBRE;11 AL 15;8;ENTRE RIOS;1898;FINALIZADO;ENTRE RIOS AV. 1898;1898 ENTRE RIOS AV.
-58.3906925635916;-34.6305416749412;1765;OCTUBRE;11 AL 15;8;ENTRE RIOS;1902;FINALIZADO;ENTRE RIOS AV. 1902;1902 ENTRE RIOS AV.
-58.3826083369134;-34.6301792090471;1766;OCTUBRE;11 AL 15;8;SALTA;1898;FINALIZADO;SALTA 1898;1898 SALTA
-58.3881486061828;-34.6287738539257;1767;OCTUBRE;11 AL 15;8;BRASIL;1601;FINALIZADO;BRASIL 1601;1601 BRASIL
-58.3856574006568;-34.6283479321241;1768;OCTUBRE;11 AL 15;8;BRASIL;1399;FINALIZADO;BRASIL 1399;1399 BRASIL
-58.3815042192666;-34.628232194152;1769;OCTUBRE;11 AL 15;8;LIMA;1735;FINALIZADO;LIMA 1735;1735 LIMA
-58.3813209110407;-34.6284803549164;1770;OCTUBRE;11 AL 15;8;LIMA;1758;FINALIZADO;LIMA 1758;1758 LIMA
-58.3813289998093;-34.6282509336512;1771;OCTUBRE;11 AL 15;8;LIMA;1738;FINALIZADO;LIMA 1738;1738 LIMA
-58.3824216590408;-34.601643229519;1772;OCTUBRE;11 AL 15;8;CERRITO;582;FINALIZADO;CERRITO 582;582 CERRITO
-58.3908620702703;-34.6018151348372;1773;OCTUBRE;11 AL 15;8;TUCUMAN;1679;FINALIZADO;TUCUMAN 1679;1679 TUCUMAN
-58.3909865535355;-34.6018602312196;1774;OCTUBRE;11 AL 15;8;DELLEPIANE;602;FINALIZADO;DELLEPIANE, LUIS 602;602 DELLEPIANE, LUIS
-58.3837780721585;-34.601687399468;1775;OCTUBRE;11 AL 15;8;LIBERTAD;581;FINALIZADO;LIBERTAD 581;581 LIBERTAD
-58.385371574119;-34.6014724163129;1776;OCTUBRE;11 AL 15;8;TALCAHUANO;610;FINALIZADO;TALCAHUANO 610;610 TALCAHUANO
-58.3910023728079;-34.6008193378947;1777;OCTUBRE;11 AL 15;8;VIAMONTE;1680;FINALIZADO;VIAMONTE 1680;1680 VIAMONTE
-58.3899272213109;-34.600512836484;1778;OCTUBRE;11 AL 15;8;DEL CARMEN;715;FINALIZADO;DEL CARMEN 715;715 DEL CARMEN
-58.3910023728079;-34.6008193378947;1779;OCTUBRE;11 AL 15;8;VIAMONTE;1680;FINALIZADO;VIAMONTE 1680;1680 VIAMONTE
-58.3854211274615;-34.6007729119952;1780;OCTUBRE;11 AL 15;8;TALCAHUANO;678;FINALIZADO;TALCAHUANO 678;678 TALCAHUANO
-58.385458931195;-34.6003050440631;1781;OCTUBRE;11 AL 15;8;TALCAHUANO;716;FINALIZADO;TALCAHUANO 716;716 TALCAHUANO
-58.3839800857282;-34.6005051007695;1782;OCTUBRE;11 AL 15;8;VIAMONTE;1202;FINALIZADO;VIAMONTE 1202;1202 VIAMONTE
-58.3867474994167;-34.6005830608642;1783;OCTUBRE;11 AL 15;8;VIAMONTE;;FINALIZADO;VIAMONTE;VIAMONTE
-58.3852777180332;-34.6005786664987;1784;OCTUBRE;11 AL 15;8;VIAMONTE;1298;FINALIZADO;VIAMONTE 1298;1298 VIAMONTE
-58.471425380796;-34.5561794147775;1785;OCTUBRE;11 AL 15;9;JOSE TAMBORINI;3094;FINALIZADO;TAMBORINI, JOSE PASCUAL 3094;3094 TAMBORINI, JOSE PASCUAL
-58.4722663296261;-34.5564539136828;1786;OCTUBRE;11 AL 15;9;JOSE TAMBORINI;3169;FINALIZADO;TAMBORINI, JOSE PASCUAL 3169;3169 TAMBORINI, JOSE PASCUAL
-58.4835498444438;-34.5622313245165;1787;OCTUBRE;11 AL 15;9;JOSE TAMBORINI;;FINALIZADO;TAMBORINI, JOSE PASCUAL;TAMBORINI, JOSE PASCUAL
-58.4733257597582;-34.5571727699349;1788;OCTUBRE;11 AL 15;9;JOSE TAMBORINI;3246;FINALIZADO;TAMBORINI, JOSE PASCUAL 3246;3246 TAMBORINI, JOSE PASCUAL
-58.4759524952418;-34.5585786671415;1789;OCTUBRE;11 AL 15;9;JOSE TAMBORINI;3502;FINALIZADO;TAMBORINI, JOSE PASCUAL 3502;3502 TAMBORINI, JOSE PASCUAL
-58.4760474247077;-34.5584576918328;1790;OCTUBRE;11 AL 15;9;JOSE TAMBORINI;3501;FINALIZADO;TAMBORINI, JOSE PASCUAL 3501;3501 TAMBORINI, JOSE PASCUAL
-58.4808139916074;-34.5609163975987;1791;OCTUBRE;11 AL 15;9;JOSE TAMBORINI;4007;FINALIZADO;TAMBORINI, JOSE PASCUAL 4007;4007 TAMBORINI, JOSE PASCUAL
-58.4817237139559;-34.5613872106305;1792;OCTUBRE;11 AL 15;9;JOSE TAMBORINI;4097;FINALIZADO;TAMBORINI, JOSE PASCUAL 4097;4097 TAMBORINI, JOSE PASCUAL
-58.4756309403409;-34.5584287460191;1793;OCTUBRE;11 AL 15;9;BALBIN;3198;FINALIZADO;BALBIN, RICARDO, DR. AV. 3198;3198 BALBIN, RICARDO, DR. AV.
-58.4716802807059;-34.5601829019713;1794;OCTUBRE;11 AL 15;9;CONGRESO;3301;FINALIZADO;CONGRESO AV. 3301;3301 CONGRESO AV.
-58.4713839886162;-34.5599855801505;1795;OCTUBRE;11 AL 15;9;CONGRESO;3295;FINALIZADO;CONGRESO AV. 3295;3295 CONGRESO AV.
-58.4769486671224;-34.5590486647208;1796;OCTUBRE;11 AL 15;9;MELIAN;3200;FINALIZADO;MELIAN AV. 3200;3200 MELIAN AV.
-58.477129444073;-34.5588107113301;1797;OCTUBRE;11 AL 15;9;MELIAN;3218;FINALIZADO;MELIAN AV. 3218;3218 MELIAN AV.
-58.4750806210257;-34.5580625095552;1798;OCTUBRE;11 AL 15;9;SUPERI;3200;FINALIZADO;SUPERI 3200;3200 SUPERI
-58.475144760636;-34.5579789643752;1799;OCTUBRE;11 AL 15;9;SUPERI;3204;FINALIZADO;SUPERI 3204;3204 SUPERI
-58.4749808148695;-34.5579234948616;1800;OCTUBRE;11 AL 15;9;SUPERI;3201;FINALIZADO;SUPERI 3201;3201 SUPERI
-58.5221994605034;-34.6217563429684;1801;OCTUBRE;11 AL 15;10;NAZARRE ESQ EL NENE;;FINALIZADO;NAZARRE Y EL NENE;NAZARRE & EL NENE
-58.5233549784209;-34.6223346671183;1802;OCTUBRE;11 AL 15;10;NAZARRE ESQ ALICANTE;;FINALIZADO;NAZARRE Y ALICANTE;NAZARRE & ALICANTE
-58.5217601632254;-34.6207165203843;1803;OCTUBRE;11 AL 15;10;NAZARRE ESQ BAUZA;;FINALIZADO;NAZARRE Y BAUZA, FRANCISCO;NAZARRE & BAUZA, FRANCISCO
-58.5208615789879;-34.6198538234605;1804;OCTUBRE;11 AL 15;10;NAZARRE ESQ DA VINCI;;FINALIZADO;NAZARRE Y DA VINCI, LEONARDO;NAZARRE & DA VINCI, LEONARDO
-58.5203758523535;-34.6193879104736;1805;OCTUBRE;11 AL 15;10;NAZARRE ESQ VIRGILIO;;FINALIZADO;NAZARRE Y VIRGILIO;NAZARRE & VIRGILIO
-58.5198654969155;-34.6188991194815;1806;OCTUBRE;11 AL 15;10;NAZARRE ESQ MARTINEZ;;FINALIZADO;NAZARRE Y MARTINEZ, JUAN ESTEBAN;NAZARRE & MARTINEZ, JUAN ESTEBAN
-58.523480303094;-34.6201263591813;1807;OCTUBRE;11 AL 15;10;VICTOR HUGO ESQ GUTIERREZ;;FINALIZADO;HUGO, VICTOR Y GUTIERREZ, EDUARDO;HUGO, VICTOR & GUTIERREZ, EDUARDO
-58.5243229585933;-34.6208894125797;1808;OCTUBRE;11 AL 15;10;CORTINA ESQ GUTIERREZ;;FINALIZADO;CORTINA Y GUTIERREZ, EDUARDO;CORTINA & GUTIERREZ, EDUARDO
-58.5121043177919;-34.621063641333;1809;OCTUBRE;11 AL 15;10;ARREGUI ESQ VICENTE LOPEZ;;FINALIZADO;ARREGUI Y LOPEZ, VICENTE FIDEL;ARREGUI & LOPEZ, VICENTE FIDEL
-58.5111649093461;-34.6202953294266;1810;OCTUBRE;11 AL 15;10;ARREGUI ESQ CERVANTES;;FINALIZADO;ARREGUI Y CERVANTES;ARREGUI & CERVANTES
-58.5126102531915;-34.6214792948936;1811;OCTUBRE;11 AL 15;10;ARREGUI ESQ CALDERON DE LA BARCA;;FINALIZADO;ARREGUI Y CALDERON DE LA BARCA, PEDRO;ARREGUI & CALDERON DE LA BARCA, PEDRO
-58.5089715636175;-34.619096420797;1812;OCTUBRE;11 AL 15;10;ARREGUI ESQ DESAGUADERO;;FINALIZADO;ARREGUI Y DESAGUADERO;ARREGUI & DESAGUADERO
-58.5096937280661;-34.6185409854887;1813;OCTUBRE;11 AL 15;10;DESAGUADERO ESQ MATURANA;;FINALIZADO;DESAGUADERO Y MATURANA, JOSE DE;DESAGUADERO & MATURANA, JOSE DE
-58.5103071486793;-34.6180692510655;1814;OCTUBRE;11 AL 15;10;DESAGUADERO ESQ SANTO TOME;;FINALIZADO;DESAGUADERO Y SANTO TOME;DESAGUADERO & SANTO TOME
-58.5075625599598;-34.6165648154292;1815;OCTUBRE;11 AL 15;10;SANTO TOME ESQ BENITO JUAREZ;;FINALIZADO;SANTO TOME Y JUAREZ, BENITO;SANTO TOME & JUAREZ, BENITO
-58.5070227526783;-34.6162654950541;1816;OCTUBRE;11 AL 15;10;SANTO TOME ESQ MOHR;;FINALIZADO;SANTO TOME Y MOHR, ALEJANDRO;SANTO TOME & MOHR, ALEJANDRO
-58.5087249462019;-34.6141601410979;1817;OCTUBRE;11 AL 15;10;BAIGORRIA ESQ BOSTON;;FINALIZADO;BAIGORRIA Y BOSTON;BAIGORRIA & BOSTON
-58.5066317038019;-34.6143940902126;1818;OCTUBRE;11 AL 15;10;MARCOS SASTRE ESQ MIGUEL COUTO;;FINALIZADO;SASTRE, MARCOS Y COUTO, MIGUEL;SASTRE, MARCOS & COUTO, MIGUEL
-58.5162869959446;-34.6008454401029;1819;OCTUBRE;11 AL 15;11;PAREJA;4302;FINALIZADO;PAREJA 4302;4302 PAREJA
-58.5149183325648;-34.6000011976937;1820;OCTUBRE;11 AL 15;11;PAREJA;4198;FINALIZADO;PAREJA 4198;4198 PAREJA
-58.5150188314131;-34.6000632009184;1821;OCTUBRE;11 AL 15;11;PAREJA;4202;FINALIZADO;PAREJA 4202;4202 PAREJA
-58.5150188314131;-34.6000632009184;1822;OCTUBRE;11 AL 15;11;PAREJA;4202;FINALIZADO;PAREJA 4202;4202 PAREJA
-58.5188068197319;-34.6023966583534;1823;OCTUBRE;11 AL 15;11;PAREJA;4502;FINALIZADO;PAREJA 4502;4502 PAREJA
-58.5188059811574;-34.602216326769;1824;OCTUBRE;11 AL 15;11;PAREJA;4495;FINALIZADO;PAREJA 4495;4495 PAREJA
-58.5163150531854;-34.6006828814278;1825;OCTUBRE;11 AL 15;11;PAREJA;4299;FINALIZADO;PAREJA 4299;4299 PAREJA
-58.5163911591963;-34.6007297517082;1826;OCTUBRE;11 AL 15;11;PAREJA;4301;FINALIZADO;PAREJA 4301;4301 PAREJA
-58.510721155685;-34.5974105151326;1827;OCTUBRE;11 AL 15;11;PAREJA;3802;FINALIZADO;PAREJA 3802;3802 PAREJA
-58.5081171936033;-34.5958023657125;1828;OCTUBRE;11 AL 15;11;PAREJA;3602;FINALIZADO;PAREJA 3602;3602 PAREJA
-58.5080276641995;-34.5957470700426;1829;OCTUBRE;11 AL 15;11;PAREJA;3598;FINALIZADO;PAREJA 3598;3598 PAREJA
-58.5081562322122;-34.5956464571227;1830;OCTUBRE;11 AL 15;11;PAREJA;3599;FINALIZADO;PAREJA 3599;3599 PAREJA
-58.5093167336808;-34.5965431338494;1831;OCTUBRE;11 AL 15;11;PAREJA;3698;FINALIZADO;PAREJA 3698;3698 PAREJA
-58.4642637394116;-34.6044051108067;1832;OCTUBRE;11 AL 15;11;DONATO ALVAREZ;2004;FINALIZADO;ALVAREZ, DONATO, TTE. GRAL. AV. 2004;2004 ALVAREZ, DONATO, TTE. GRAL. AV.
-58.464217005886;-34.6044991482747;1833;OCTUBRE;11 AL 15;11;DONATO ALVAREZ;2000;FINALIZADO;ALVAREZ, DONATO, TTE. GRAL. AV. 2000;2000 ALVAREZ, DONATO, TTE. GRAL. AV.
-58.5207223064459;-34.6024579221208;1834;OCTUBRE;11 AL 15;11;HABANA;4602;FINALIZADO;HABANA 4602;4602 HABANA
-58.4936502987087;-34.5715994851849;1835;OCTUBRE;11 AL 15;12;ANDONAEGUI ESQ CONGRESO;;FINALIZADO;ANDONAEGUI Y CONGRESO AV.;ANDONAEGUI & CONGRESO AV.
-58.4944315930601;-34.5706265672251;1836;OCTUBRE;11 AL 15;12;ANDONAEGUI ESQ QUESADA;;FINALIZADO;ANDONAEGUI Y QUESADA;ANDONAEGUI & QUESADA
-58.4929796192879;-34.5724346892052;1837;OCTUBRE;11 AL 15;12;ANDONAEGUI ESQ LE BRETON;;FINALIZADO;ANDONAEGUI Y LE BRETON, TOMAS A.;ANDONAEGUI & LE BRETON, TOMAS A.
-58.4923766680253;-34.5731854327579;1838;OCTUBRE;11 AL 15;12;ANDONAEGUI ESQ NAHUEL HUAPI;;FINALIZADO;ANDONAEGUI Y NAHUEL HUAPI;ANDONAEGUI & NAHUEL HUAPI
-58.4779097843955;-34.5418921674485;1839;OCTUBRE;11 AL 15;12;CRAMER ESQ PICO;;FINALIZADO;CRAMER Y PICO;CRAMER & PICO
-58.4781068215443;-34.5414828983449;1840;OCTUBRE;11 AL 15;12;CRAMER ESQ ARGELIA;;FINALIZADO;CRAMER Y ARGELIA;CRAMER & ARGELIA
-58.4784843025587;-34.5406989387243;1841;OCTUBRE;11 AL 15;12;CRAMER ESQ GRAL PAZ;;FINALIZADO;CRAMER Y PAZ, GRAL. AV.;CRAMER & PAZ, GRAL. AV.
-58.4862869018584;-34.5768088263538;1842;OCTUBRE;11 AL 15;12;OLAZABAL;5142;FINALIZADO;OLAZABAL AV. 5142;5142 OLAZABAL AV.
-58.4821122951281;-34.6367937600348;1843;OCTUBRE;11 AL 15;14;RAFAELA;3985;FINALIZADO;RAFAELA 3985;3985 RAFAELA
-58.4892966760057;-34.638372569055;1844;OCTUBRE;11 AL 15;14;RAFAELA;4419;FINALIZADO;RAFAELA 4419;4419 RAFAELA
-58.4893157095264;-34.6385277002587;1845;OCTUBRE;11 AL 15;14;RAFAELA;4424;FINALIZADO;RAFAELA 4424;4424 RAFAELA
-58.4868821155747;-34.6379255980798;1846;OCTUBRE;11 AL 15;14;RAFAELA;4302;FINALIZADO;RAFAELA 4302;4302 RAFAELA
-58.4877995241914;-34.6380112275415;1847;OCTUBRE;11 AL 15;14;RAFAELA;4349;FINALIZADO;RAFAELA 4349;4349 RAFAELA
-58.4879699580465;-34.6380539677069;1848;OCTUBRE;11 AL 15;14;RAFAELA;4357;FINALIZADO;RAFAELA 4357;4357 RAFAELA
-58.4878791519031;-34.6381819202766;1849;OCTUBRE;11 AL 15;14;RAFAELA;4348;FINALIZADO;RAFAELA 4348;4348 RAFAELA
-58.4877357305653;-34.6381459517292;1850;OCTUBRE;11 AL 15;14;RAFAELA;4342;FINALIZADO;RAFAELA 4342;4342 RAFAELA
-58.4850616668459;-34.6373110263605;1851;OCTUBRE;11 AL 15;14;RAFAELA;4157;FINALIZADO;RAFAELA 4157;4157 RAFAELA
-58.4778797261796;-34.5970880860602;1852;OCTUBRE;11 AL 15;15;WARNES ESQ CHORROARIN;;FINALIZADO;WARNES AV. Y CHORROARIN;WARNES AV. & CHORROARIN
-58.4734413514751;-34.5969698336626;1853;OCTUBRE;11 AL 15;15;WARNES;2552;FINALIZADO;WARNES AV. 2552;2552 WARNES AV.
-58.4767512607841;-34.5969906849727;1854;OCTUBRE;11 AL 15;15;WARNES;2707;FINALIZADO;WARNES AV. 2707;2707 WARNES AV.
-58.4601179317887;-34.5965564007678;1855;OCTUBRE;11 AL 15;15;WARNES;1757;FINALIZADO;WARNES AV. 1757;1757 WARNES AV.
-58.4769855905894;-34.5950070004219;1856;OCTUBRE;11 AL 15;15;CHORROARIN;305;FINALIZADO;CHORROARIN AV. 305;305 CHORROARIN AV.
-58.4782233821638;-34.598253942389;1857;OCTUBRE;11 AL 15;15;CHORROARIN;107;FINALIZADO;CHORROARIN 107;107 CHORROARIN
-58.4537596923182;-34.5965343650304;1858;OCTUBRE;11 AL 15;15;DORREGO;206;FINALIZADO;DORREGO AV. 206;206 DORREGO AV.
-58.4528530779236;-34.5959177675881;1859;OCTUBRE;11 AL 15;15;DORREGO;302;FINALIZADO;DORREGO AV. 302;302 DORREGO AV.
-58.4536596086046;-34.5967232283393;1860;OCTUBRE;11 AL 15;15;HUAURA;1489;FINALIZADO;HUAURA 1489;1489 HUAURA
-58.4525840417231;-34.5981797430666;1861;OCTUBRE;11 AL 15;15;HUAURA;1312;FINALIZADO;HUAURA 1312;1312 HUAURA
-58.4523811831641;-34.5981645890523;1862;OCTUBRE;11 AL 15;15;HUAURA;1301;FINALIZADO;HUAURA 1301;1301 HUAURA
-58.4539571580894;-34.5966042159018;1863;OCTUBRE;11 AL 15;15;GIRARDOT;24;FINALIZADO;GIRARDOT 24;24 GIRARDOT
-58.4470318203675;-34.5943385128271;1864;OCTUBRE;11 AL 15;15;CAMARGO;1296;FINALIZADO;CAMARGO 1296;1296 CAMARGO
-58.4756768126347;-34.5772678181369;1865;OCTUBRE;11 AL 15;15;URDINEA;1798;FINALIZADO;URDININEA 1798;1798 URDININEA
-58.4754973142851;-34.5773468473439;1866;OCTUBRE;11 AL 15;15;URDINEA;1791;FINALIZADO;URDININEA 1791;1791 URDININEA
-58.475925992656;-34.5817377846758;1867;OCTUBRE;11 AL 15;15;TREVERIS;2400;FINALIZADO;TREVERIS 2400;2400 TREVERIS
-58.4771926544222;-34.582497841119;1868;OCTUBRE;11 AL 15;15;TREVERIS;2501;FINALIZADO;TREVERIS 2501;2501 TREVERIS
-58.4780778628402;-34.5833605961945;1869;OCTUBRE;11 AL 15;15;TREVERIS;2592;FINALIZADO;TREVERIS 2592;2592 TREVERIS
-58.4783953697419;-34.5834047196716;1870;OCTUBRE;11 AL 15;15;TREVERIS;2605;FINALIZADO;TREVERIS 2605;2605 TREVERIS
-58.4781832954522;-34.5833641762121;1871;OCTUBRE;11 AL 15;15;AVALOS;1451;FINALIZADO;AVALOS 1451;1451 AVALOS
-58.4784962193384;-34.583034488435;1872;OCTUBRE;11 AL 15;15;AVALOS;1492;FINALIZADO;AVALOS 1492;1492 AVALOS
-58.4783524316898;-34.5829337666815;1873;OCTUBRE;11 AL 15;15;AVALOS;1497;FINALIZADO;AVALOS 1497;1497 AVALOS
-58.4785515292092;-34.5827839312345;1874;OCTUBRE;11 AL 15;15;AVALOS;1509;FINALIZADO;AVALOS 1509;1509 AVALOS
-58.4534427392301;-34.6216001441542;1875;OCTUBRE;11 AL 15;15;BOGOTA ESQ SEGUI;;FINALIZADO;BOGOTA Y SEGUI, F. J., ALTE.;BOGOTA & SEGUI, F. J., ALTE.
-58.446531150115;-34.624723333999;1876;OCTUBRE;11 AL 15;15;JUAN B ALBERDI ESQ HORTIGUERA;;FINALIZADO;ALBERDI, JUAN BAUTISTA AV. Y HORTIGUERA;ALBERDI, JUAN BAUTISTA AV. & HORTIGUERA
-58.4528705346419;-34.6279246829367;1877;OCTUBRE;11 AL 15;15;JUAN B ALBERDI ESQ CURAPALIGÛE;;FINALIZADO;ALBERDI, JUAN BAUTISTA AV. Y CURAPALIGUE;ALBERDI, JUAN BAUTISTA AV. & CURAPALIGUE
-58.4109869411534;-34.6342333396672;1878;OCTUBRE;11 AL 15;15;CHICLANA ESQ SANCHEZ DE LORIA;;FINALIZADO;CHICLANA AV. Y SANCHEZ DE LORIA;CHICLANA AV. & SANCHEZ DE LORIA
-58.4478084945333;-34.6082947423123;1879;OCTUBRE;11 AL 15;15;GAONA ESQ MANUEL RODRIGUEZ;;FINALIZADO;GAONA AV. Y RODRIGUEZ, MANUEL A., GENERAL;GAONA AV. & RODRIGUEZ, MANUEL A., GENERAL
-58.3682119489266;-34.5879495322926;1883;OCTUBRE;17 AL 22;1;COMODORO PY;2055;FINALIZADO;PY, COMODORO AV. 2055;2055 PY, COMODORO AV.
-58.3674180582074;-34.5863063950814;1884;OCTUBRE;17 AL 22;1;COMODORO PY;2250;FINALIZADO;PY, COMODORO AV. 2250;2250 PY, COMODORO AV.
-58.4914052199521;-34.5863756869528;1885;OCTUBRE;17 AL 22;2 Y 3;SALVADOR MARIA DEL CARRIL;2295;FINALIZADO;CARRIL, SALVADOR MARIA DEL AV. 2295;2295 CARRIL, SALVADOR MARIA DEL AV.
-58.4914829215834;-34.58642467482;1886;OCTUBRE;17 AL 22;2 Y 3;SALVADOR MARIA DEL CARRIL;2301;FINALIZADO;CARRIL, SALVADOR MARIA DEL AV. 2301;2301 CARRIL, SALVADOR MARIA DEL AV.
-58.4908862086296;-34.5860484448412;1887;OCTUBRE;17 AL 22;2 Y 3;SALVADOR MARIA DEL CARRIL;2249;FINALIZADO;CARRIL, SALVADOR MARIA DEL AV. 2249;2249 CARRIL, SALVADOR MARIA DEL AV.
-58.5167151899019;-34.6145810363051;1888;OCTUBRE;17 AL 22;4;PEDRO LOZANO ESQ JUAN DE SOLARZANO;;FINALIZADO;LOZANO, PEDRO Y SOLORZANO PEREIRA, JUAN DE;LOZANO, PEDRO & SOLORZANO PEREIRA, JUAN DE
-58.5166825090568;-34.6139696902769;1889;OCTUBRE;17 AL 22;4;BERMUDEZ ESQ PEDRO LOZANO;;FINALIZADO;BERMUDEZ Y LOZANO, PEDRO;BERMUDEZ & LOZANO, PEDRO
-58.5089066354653;-34.6067681129186;1890;OCTUBRE;17 AL 22;4;SIMBRON ESQ GUALEGUAYCHU;;FINALIZADO;SIMBRON Y GUALEGUAYCHU;SIMBRON & GUALEGUAYCHU
-58.4669905659149;-34.636657686488;1891;OCTUBRE;17 AL 22;5 Y 6;TANDIL ESQ SAN PEDRITO;;FINALIZADO;TANDIL Y SAN PEDRITO AV.;TANDIL & SAN PEDRITO AV.
-58.4429251740999;-34.6293521139904;1892;OCTUBRE;17 AL 22;5 Y 6;DIRECTORIO ESQ EMILIO MITRE;;FINALIZADO;DIRECTORIO AV. Y MITRE, EMILIO;DIRECTORIO AV. & MITRE, EMILIO
-58.4702104610747;-34.6363292790036;1893;OCTUBRE;17 AL 22;5 Y 6;DIRECTORIO ESQ JOSE MARTI;;FINALIZADO;DIRECTORIO AV. Y MARTI, JOSE;DIRECTORIO AV. & MARTI, JOSE
-58.4690224166167;-34.6359748289434;1894;OCTUBRE;17 AL 22;5 Y 6;DIRECTORIO ESQ QUIRNO;;FINALIZADO;DIRECTORIO AV. Y QUIRNO;DIRECTORIO AV. & QUIRNO
-58.4674919368306;-34.635518686677;1895;OCTUBRE;17 AL 22;5 Y 6;DIRECTORIO ESQ SAN PEDRITO;;FINALIZADO;DIRECTORIO AV. Y SAN PEDRITO AV.;DIRECTORIO AV. & SAN PEDRITO AV.
-58.4149460285822;-34.6222782853895;1896;OCTUBRE;17 AL 22;5 Y 6;MAZA ESQ ESTADOS UNIDOS;;FINALIZADO;MAZA Y ESTADOS UNIDOS;MAZA & ESTADOS UNIDOS
-58.4116345039232;-34.6316978944443;1898;OCTUBRE;17 AL 22;5 Y 6;SANCHEZ DE LORIA ESQ INCLAN;;FINALIZADO;SANCHEZ DE LORIA E INCLAN;SANCHEZ DE LORIA & INCLAN
-58.4305310114266;-34.6049229051652;1899;OCTUBRE;17 AL 22;5 Y 6;BOGADO ESQ LAMBARE;;FINALIZADO;BOGADO Y LAMBARE;BOGADO & LAMBARE
-58.4173021881267;-34.6383303510547;1900;OCTUBRE;17 AL 22;5 Y 6;CASTRO BARROS ESQ CHICLANA;;FINALIZADO;CASTRO BARROS Y CHICLANA AV.;CASTRO BARROS & CHICLANA AV.
-58.414558462863;-34.6364902962247;1901;OCTUBRE;17 AL 22;5 Y 6;CHICLANA ESQ ALZAGA;;FINALIZADO;CHICLANA AV. Y ALZAGA;CHICLANA AV. & ALZAGA
-58.4138143651522;-34.6360505494454;1902;OCTUBRE;17 AL 22;5 Y 6;CHICLANA ESQ MAZA;;FINALIZADO;CHICLANA AV. Y MAZA;CHICLANA AV. & MAZA
-58.4237189351276;-34.6215073633344;1903;OCTUBRE;17 AL 22;5 Y 6;INDEPENDENCIA ESQ 33 ORIENTALES;;FINALIZADO;INDEPENDENCIA AV. Y TREINTA Y TRES ORIENTALES;INDEPENDENCIA AV. & TREINTA Y TRES ORIENTALES
-58.4492527679127;-34.6458999719282;1904;OCTUBRE;17 AL 22;7;PEDERNERA;1715;FINALIZADO;PEDERNERA 1715;1715 PEDERNERA
-58.4492331931286;-34.6457142075508;1905;OCTUBRE;17 AL 22;7;SARAZA;2496;FINALIZADO;SARAZA 2496;2496 SARAZA
-58.4494307513384;-34.6455686778422;1906;OCTUBRE;17 AL 22;7;PEDERNERA;1690;FINALIZADO;PEDERNERA 1690;1690 PEDERNERA
-58.4496280430741;-34.645615013299;1907;OCTUBRE;17 AL 22;7;PEDERNERA;1681;FINALIZADO;PEDERNERA 1681;1681 PEDERNERA
-58.4485386836595;-34.6449383489664;1908;OCTUBRE;17 AL 22;7;RIVERA INDARTE;1599;FINALIZADO;RIVERA INDARTE AV. 1599;1599 RIVERA INDARTE AV.
-58.448440084241;-34.6448173687214;1909;OCTUBRE;17 AL 22;7;RIVERA INDARTE;1598;FINALIZADO;RIVERA INDARTE AV. 1598;1598 RIVERA INDARTE AV.
-58.4483600657575;-34.6448780670948;1910;OCTUBRE;17 AL 22;7;RIVERA INDARTE;1602;FINALIZADO;RIVERA INDARTE AV. 1602;1602 RIVERA INDARTE AV.
-58.4471775382436;-34.6437216622494;1911;OCTUBRE;17 AL 22;7;ESTEBAN BONORINO;1599;FINALIZADO;BONORINO, ESTEBAN, CNEL. AV. 1599;1599 BONORINO, ESTEBAN, CNEL. AV.
-58.4471188265598;-34.6437676839252;1912;OCTUBRE;17 AL 22;7;ESTEBAN BONORINO;1601;FINALIZADO;BONORINO, ESTEBAN, CNEL. AV. 1601;1601 BONORINO, ESTEBAN, CNEL. AV.
-58.4469266929276;-34.6436530924958;1913;OCTUBRE;17 AL 22;7;SARAZA;2292;FINALIZADO;SARAZA 2292;2292 SARAZA
-58.4460470766115;-34.64286190166;1914;OCTUBRE;17 AL 22;7;SARAZA;2196;FINALIZADO;SARAZA 2196;2196 SARAZA
-58.445302810962;-34.6403597927723;1915;OCTUBRE;17 AL 22;7;PUMACAHUA;1496;FINALIZADO;PUMACAHUA 1496;1496 PUMACAHUA
-58.4464107991168;-34.6413568182117;1916;OCTUBRE;17 AL 22;7;BALBASTRO;2105;FINALIZADO;BALBASTRO 2105;2105 BALBASTRO
-58.4462641142478;-34.6411016452304;1917;OCTUBRE;17 AL 22;7;CARABOBO;1490;FINALIZADO;CARABOBO AV. 1490;1490 CARABOBO AV.
-58.4478938596842;-34.6428977340615;1918;OCTUBRE;17 AL 22;7;BALBASTRO;2292;FINALIZADO;BALBASTRO 2292;2292 BALBASTRO
-58.448048380329;-34.6430389840347;1919;OCTUBRE;17 AL 22;7;ESTEBAN BONORINO;1505;FINALIZADO;BONORINO, ESTEBAN, CNEL. AV. 1505;1505 BONORINO, ESTEBAN, CNEL. AV.
-58.4481802157154;-34.6429356702056;1920;OCTUBRE;17 AL 22;7;ESTEBAN BONORINO;1495;FINALIZADO;BONORINO, ESTEBAN, CNEL. AV. 1495;1495 BONORINO, ESTEBAN, CNEL. AV.
-58.4495489509861;-34.6440676494209;1921;OCTUBRE;17 AL 22;7;RIVERA INDARTE;1494;FINALIZADO;RIVERA INDARTE AV. 1494;1494 RIVERA INDARTE AV.
-58.449736493668;-34.6442719457683;1922;OCTUBRE;17 AL 22;7;BALBASTRO;2417;FINALIZADO;BALBASTRO 2417;2417 BALBASTRO
-58.4493717503444;-34.6441106288797;1923;OCTUBRE;17 AL 22;7;RIVERA INDARTE;1502;FINALIZADO;RIVERA INDARTE AV. 1502;1502 RIVERA INDARTE AV.
-58.4502553349871;-34.6449215605705;1924;OCTUBRE;17 AL 22;7;BALBASTRO;2494;FINALIZADO;BALBASTRO 2494;2494 BALBASTRO
-58.4504827436534;-34.6449082243263;1925;OCTUBRE;17 AL 22;7;BALBASTRO;2501;FINALIZADO;BALBASTRO 2501;2501 BALBASTRO
-58.4503773123667;-34.6450255555995;1926;OCTUBRE;17 AL 22;7;BALBASTRO;2504;FINALIZADO;BALBASTRO 2504;2504 BALBASTRO
-58.4464336527199;-34.6381560597879;1927;OCTUBRE;17 AL 22;7;SANTANDER;1901;FINALIZADO;SANTANDER 1901;1901 SANTANDER
-58.4464992201045;-34.6379554876951;1928;OCTUBRE;17 AL 22;7;THORNE;1280;FINALIZADO;THORNE 1280;1280 THORNE
-58.448847206496;-34.6370830194805;1929;OCTUBRE;17 AL 22;7;ZUVIRIA;1966;FINALIZADO;ZUVIRIA 1966;1966 ZUVIRIA
-58.4526727299144;-34.6379844474219;1930;OCTUBRE;17 AL 22;7;LAUTARO;991;FINALIZADO;LAUTARO 991;991 LAUTARO
-58.4525522789153;-34.6379963871168;1931;OCTUBRE;17 AL 22;7;EVA PERON;2199;FINALIZADO;PERON, EVA AV. 2199;2199 PERON, EVA AV.
-58.4349616274265;-34.6350045079383;1932;OCTUBRE;17 AL 22;7;DEL BARCO CENTENERA;1359;FINALIZADO;BARCO CENTENERA DEL 1359;1359 BARCO CENTENERA DEL
-58.4343951086826;-34.6351487250187;1933;OCTUBRE;17 AL 22;7;SANTANDER;991;FINALIZADO;SANTANDER 991;991 SANTANDER
-58.3900385087302;-34.6280871027986;1934;OCTUBRE;17 AL 22;8;ANTEQUERA;1743;FINALIZADO;ANTEQUERA 1743;1743 ANTEQUERA
-58.3901219230726;-34.6282347668811;1935;OCTUBRE;17 AL 22;8;ANTEQUERA;1750;FINALIZADO;ANTEQUERA 1750;1750 ANTEQUERA
-58.3901809698058;-34.6280926917246;1936;OCTUBRE;17 AL 22;8;ANTEQUERA;1751;FINALIZADO;ANTEQUERA 1751;1751 ANTEQUERA
-58.3902798471482;-34.6282409690049;1937;OCTUBRE;17 AL 22;8;ANTEQUERA;1758;FINALIZADO;ANTEQUERA 1758;1758 ANTEQUERA
-58.3905715363405;-34.6315569296005;1938;OCTUBRE;17 AL 22;8;ENTRE RIOS AV.;2002;FINALIZADO;ENTRE RIOS AV. 2002;2002 ENTRE RIOS AV.
-58.3907031598444;-34.630452797866;1939;OCTUBRE;17 AL 22;8;ENTRE RIOS AV.;1898;FINALIZADO;ENTRE RIOS AV. 1898;1898 ENTRE RIOS AV.
-58.3906925635916;-34.6305416749412;1940;OCTUBRE;17 AL 22;8;ENTRE RIOS AV.;1902;FINALIZADO;ENTRE RIOS AV. 1902;1902 ENTRE RIOS AV.
-58.3826083369134;-34.6301792090471;1941;OCTUBRE;17 AL 22;8;SALTA;1898;FINALIZADO;SALTA 1898;1898 SALTA
-58.3881486061828;-34.6287738539257;1942;OCTUBRE;17 AL 22;8;BRASIL;1601;FINALIZADO;BRASIL 1601;1601 BRASIL
-58.3856574006568;-34.6283479321241;1943;OCTUBRE;17 AL 22;8;BRASIL;1399;FINALIZADO;BRASIL 1399;1399 BRASIL
-58.3815042192666;-34.628232194152;1944;OCTUBRE;17 AL 22;8;LIMA;1735;FINALIZADO;LIMA 1735;1735 LIMA
-58.3813209110407;-34.6284803549164;1945;OCTUBRE;17 AL 22;8;LIMA;1758;FINALIZADO;LIMA 1758;1758 LIMA
-58.3813289998093;-34.6282509336512;1946;OCTUBRE;17 AL 22;8;LIMA;1738;FINALIZADO;LIMA 1738;1738 LIMA
-58.3824216590408;-34.601643229519;1947;OCTUBRE;17 AL 22;8;CERRITO;582;FINALIZADO;CERRITO 582;582 CERRITO
-58.3908620702703;-34.6018151348372;1948;OCTUBRE;17 AL 22;8;TUCUMAN;1679;FINALIZADO;TUCUMAN 1679;1679 TUCUMAN
-58.3909865535355;-34.6018602312196;1949;OCTUBRE;17 AL 22;8;DELEPIANE, LUIS;602;FINALIZADO;DELLEPIANE, LUIS 602;602 DELLEPIANE, LUIS
-58.3837780721585;-34.601687399468;1950;OCTUBRE;17 AL 22;8;LIBERTAD;581;FINALIZADO;LIBERTAD 581;581 LIBERTAD
-58.385371574119;-34.6014724163129;1951;OCTUBRE;17 AL 22;8;TALCAHUANO;610;FINALIZADO;TALCAHUANO 610;610 TALCAHUANO
-58.3900843024709;-34.6006558123602;1952;OCTUBRE;17 AL 22;8;VIAMONTE;1621;FINALIZADO;VIAMONTE 1621;1621 VIAMONTE
-58.3899272213109;-34.600512836484;1953;OCTUBRE;17 AL 22;8;DEL CARMEN;715;FINALIZADO;DEL CARMEN 715;715 DEL CARMEN
-58.3910023728079;-34.6008193378947;1954;OCTUBRE;17 AL 22;8;VIAMONTE;1680;FINALIZADO;VIAMONTE 1680;1680 VIAMONTE
-58.3854211274615;-34.6007729119952;1955;OCTUBRE;17 AL 22;8;TALCAHUANO;678;FINALIZADO;TALCAHUANO 678;678 TALCAHUANO
-58.385458931195;-34.6003050440631;1956;OCTUBRE;17 AL 22;8;TALCAHUANO;716;FINALIZADO;TALCAHUANO 716;716 TALCAHUANO
-58.3839800857282;-34.6005051007695;1957;OCTUBRE;17 AL 22;8;VIAMONTE (DIVISOR CALZADA);1202;FINALIZADO;VIAMONTE 1202;1202 VIAMONTE
-58.3839800857282;-34.6005051007695;1958;OCTUBRE;17 AL 22;8;VIAMONTE (PLAZA LAVALLE);1202;FINALIZADO;VIAMONTE 1202;1202 VIAMONTE
-58.3852777180332;-34.6005786664987;1959;OCTUBRE;17 AL 22;8;VIAMONTE (PLAZA LAVALLE);1298;FINALIZADO;VIAMONTE 1298;1298 VIAMONTE
-58.4732118774363;-34.6297088761518;1960;OCTUBRE;17 AL 22;8;VENANCIO FLORES;3101;FINALIZADO;FLORES, VENANCIO, GRAL. 3101;3101 FLORES, VENANCIO, GRAL.
-58.4732237547144;-34.6294246782199;1961;OCTUBRE;17 AL 22;8;HELGUERA;153;FINALIZADO;HELGUERA 153;153 HELGUERA
-58.4656750419241;-34.6257871015272;1962;OCTUBRE;17 AL 22;8;BOGOTA;2502;FINALIZADO;BOGOTA 2502;2502 BOGOTA
-58.4708905709822;-34.6247183794283;1963;OCTUBRE;17 AL 22;8;TERRADA;606;FINALIZADO;TERRADA 606;606 TERRADA
-58.4760436171694;-34.6262925497723;1964;OCTUBRE;17 AL 22;8;ARANGUREN;3202;FINALIZADO;ARANGUREN, JUAN F., DR. 3202;3202 ARANGUREN, JUAN F., DR.
-58.4759004267232;-34.6261031189827;1965;OCTUBRE;17 AL 22;8;ARANGUREN;3187;FINALIZADO;ARANGUREN, JUAN F., DR. 3187;3187 ARANGUREN, JUAN F., DR.
-58.4758942674266;-34.6263219618249;1966;OCTUBRE;17 AL 22;8;CUENCA;491;FINALIZADO;CUENCA 491;491 CUENCA
-58.4761751897814;-34.6261157412185;1967;OCTUBRE;17 AL 22;8;CUENCA;512;FINALIZADO;CUENCA 512;512 CUENCA
-58.4749808148695;-34.5579234948616;1968;OCTUBRE;17 AL 22;9;SUPERI;3201;FINALIZADO;SUPERI 3201;3201 SUPERI
-58.4760474247077;-34.5584576918328;1969;OCTUBRE;17 AL 22;9;JOSE TAMBORINI;3501;FINALIZADO;TAMBORINI, JOSE PASCUAL 3501;3501 TAMBORINI, JOSE PASCUAL
-58.4808139916074;-34.5609163975987;1970;OCTUBRE;17 AL 22;9;JOSE TAMBORINI;4007;FINALIZADO;TAMBORINI, JOSE PASCUAL 4007;4007 TAMBORINI, JOSE PASCUAL
-58.4817237139559;-34.5613872106305;1971;OCTUBRE;17 AL 22;9;JOSE TAMBORINI;4097;FINALIZADO;TAMBORINI, JOSE PASCUAL 4097;4097 TAMBORINI, JOSE PASCUAL
-58.4776465080523;-34.5596118603742;1972;OCTUBRE;17 AL 22;9;WASHINGTON;3183;FINALIZADO;WASHINGTON 3183;3183 WASHINGTON
-58.4740555720596;-34.5557861127895;1973;OCTUBRE;17 AL 22;9;MANUELA PEDRAZA;3295;FINALIZADO;PEDRAZA, MANUELA 3295;3295 PEDRAZA, MANUELA
-58.4739791683733;-34.5559169577015;1974;OCTUBRE;17 AL 22;9;MANUELA PEDRAZA;3298;FINALIZADO;PEDRAZA, MANUELA 3298;3298 PEDRAZA, MANUELA
-58.4740525373604;-34.555956057547;1975;OCTUBRE;17 AL 22;9;MANUELA PEDRAZA;3302;FINALIZADO;PEDRAZA, MANUELA 3302;3302 PEDRAZA, MANUELA
-58.4741817777703;-34.5558533685772;1976;OCTUBRE;17 AL 22;9;MANUELA PEDRAZA;3305;FINALIZADO;PEDRAZA, MANUELA 3305;3305 PEDRAZA, MANUELA
-58.473134856864;-34.555295474385;1977;OCTUBRE;17 AL 22;9;MANUELA PEDRAZA;3195;FINALIZADO;PEDRAZA, MANUELA 3195;3195 PEDRAZA, MANUELA
-58.4727120626366;-34.5552419510029;1978;OCTUBRE;17 AL 22;9;MANUELA PEDRAZA;3146;FINALIZADO;PEDRAZA, MANUELA 3146;3146 PEDRAZA, MANUELA
-58.4731873886449;-34.5554950295013;1979;OCTUBRE;17 AL 22;9;MANUELA PEDRAZA;3210;FINALIZADO;PEDRAZA, MANUELA 3210;3210 PEDRAZA, MANUELA
-58.473299783263;-34.5553833625196;1980;OCTUBRE;17 AL 22;9;MANUELA PEDRAZA;3211;FINALIZADO;PEDRAZA, MANUELA 3211;3211 PEDRAZA, MANUELA
-58.5032582804272;-34.6170375324101;1981;OCTUBRE;17 AL 22;10;SEGUROLA;2101;FINALIZADO;SEGUROLA AV. 2101;2101 SEGUROLA AV.
-58.5033948961416;-34.6171272326139;1982;OCTUBRE;17 AL 22;10;SEGUROLA;2102;FINALIZADO;SEGUROLA AV. 2102;2102 SEGUROLA AV.
-58.5020734700465;-34.6163579926854;1983;OCTUBRE;17 AL 22;10;SANABRIA;2204;FINALIZADO;SANABRIA 2204;2204 SANABRIA
-58.5019085464937;-34.6163039830288;1984;OCTUBRE;17 AL 22;10;SANABRIA;2201;FINALIZADO;SANABRIA 2201;2201 SANABRIA
-58.4986811979417;-34.6128989035667;1985;OCTUBRE;17 AL 22;10;ARREGUI;4000;FINALIZADO;ARREGUI 4000;4000 ARREGUI
-58.4988487980427;-34.6128197160368;1986;OCTUBRE;17 AL 22;10;ARREGUI;4001;FINALIZADO;ARREGUI 4001;4001 ARREGUI
-58.504502704972;-34.6131179728932;1987;OCTUBRE;17 AL 22;10;SANABRIA;2501;FINALIZADO;SANABRIA 2501;2501 SANABRIA
-58.5044535065676;-34.6131724651886;1988;OCTUBRE;17 AL 22;10;SANABRIA;2497;FINALIZADO;SANABRIA 2497;2497 SANABRIA
-58.5036908056302;-34.6125380210908;1989;OCTUBRE;17 AL 22;10;GUALEGUAYCHU;2407;FINALIZADO;GUALEGUAYCHU 2407;2407 GUALEGUAYCHU
-58.5037100715041;-34.6127632901523;1990;OCTUBRE;17 AL 22;10;GUALEGUAYCHU;2398;FINALIZADO;GUALEGUAYCHU 2398;2398 GUALEGUAYCHU
-58.5038005605054;-34.6126589827123;1991;OCTUBRE;17 AL 22;10;GUALEGUAYCHU;2404;FINALIZADO;GUALEGUAYCHU 2404;2404 GUALEGUAYCHU
-58.5035068523196;-34.6126452229687;1992;OCTUBRE;17 AL 22;10;MARCOS SASTRE;4292;FINALIZADO;SASTRE, MARCOS 4292;4292 SASTRE, MARCOS
-58.5025986337363;-34.6119258235359;1993;OCTUBRE;17 AL 22;10;MARCOS SASTRE;4205;FINALIZADO;SASTRE, MARCOS 4205;4205 SASTRE, MARCOS
-58.5024495897096;-34.6120147684592;1994;OCTUBRE;17 AL 22;10;MARCOS SASTRE;4202;FINALIZADO;SASTRE, MARCOS 4202;4202 SASTRE, MARCOS
-58.5023255660457;-34.6119766851714;1995;OCTUBRE;17 AL 22;10;MERCEDES;2495;FINALIZADO;MERCEDES 2495;2495 MERCEDES
-58.5014225990106;-34.6114038606351;1996;OCTUBRE;17 AL 22;10;CHIVILCOY;2397;FINALIZADO;CHIVILCOY 2397;2397 CHIVILCOY
-58.5014073610942;-34.6131658978741;1997;OCTUBRE;17 AL 22;10;SANTO TOME;4198;FINALIZADO;SANTO TOME 4198;4198 SANTO TOME
-58.5015260763918;-34.6130585488376;1998;OCTUBRE;17 AL 22;10;SANTO TOME;4199;FINALIZADO;SANTO TOME 4199;4199 SANTO TOME
-58.5015906255502;-34.6130959327983;1999;OCTUBRE;17 AL 22;10;SANTO TOME;4201;FINALIZADO;SANTO TOME 4201;4201 SANTO TOME
-58.5027554127225;-34.6137762269342;2000;OCTUBRE;17 AL 22;10;SANTO TOME;4301;FINALIZADO;SANTO TOME 4301;4301 SANTO TOME
-58.5027943352742;-34.6135662792109;2001;OCTUBRE;17 AL 22;10;GUALEGUAYCHU;2317;FINALIZADO;GUALEGUAYCHU 2317;2317 GUALEGUAYCHU
-58.5025493079294;-34.6138330597866;2002;OCTUBRE;17 AL 22;10;SANTO TOME;4296;FINALIZADO;SANTO TOME 4296;4296 SANTO TOME
-58.5035250697139;-34.6142192156322;2003;OCTUBRE;17 AL 22;10;SANTO TOME;4395;FINALIZADO;SANTO TOME 4395;4395 SANTO TOME
-58.5036190758785;-34.6143378080068;2004;OCTUBRE;17 AL 22;10;SANABRIA;2402;FINALIZADO;SANABRIA 2402;2402 SANABRIA
-58.5035825607206;-34.614381983916;2005;OCTUBRE;17 AL 22;10;SANABRIA;2398;FINALIZADO;SANABRIA 2398;2398 SANABRIA
-58.5065873162648;-34.6135584781069;2006;OCTUBRE;17 AL 22;10;SEGUROLA;2455;FINALIZADO;SEGUROLA AV. 2455;2455 SEGUROLA AV.
-58.5064916380027;-34.6136583829416;2007;OCTUBRE;17 AL 22;10;SEGUROLA;2445;FINALIZADO;SEGUROLA AV. 2445;2445 SEGUROLA AV.
-58.5052043712483;-34.6125792146238;2008;OCTUBRE;17 AL 22;10;SANABRIA;2568;FINALIZADO;SANABRIA 2568;2568 SANABRIA
-58.5031817399349;-34.6148939575605;2009;OCTUBRE;17 AL 22;10;SANABRIA;2340;FINALIZADO;SANABRIA 2340;2340 SANABRIA
-58.5062236859763;-34.6141708795168;2010;OCTUBRE;17 AL 22;10;SEGUROLA;2400;FINALIZADO;SEGUROLA AV. 2400;2400 SEGUROLA AV.
-58.4987489653683;-34.6129379947909;2011;OCTUBRE;17 AL 22;10;ARREGUI;4002;FINALIZADO;ARREGUI 4002;4002 ARREGUI
-58.4988899198871;-34.6146917590611;2012;OCTUBRE;17 AL 22;10;LASCANO;4108;FINALIZADO;LASCANO 4108;4108 LASCANO
-58.5026709878782;-34.61667265387;2013;OCTUBRE;17 AL 22;10;LASCANO;4449;FINALIZADO;LASCANO 4449;4449 LASCANO
-58.5048515963756;-34.6153743935057;2014;OCTUBRE;17 AL 22;10;SEGUROLA;2271;FINALIZADO;SEGUROLA AV. 2271;2271 SEGUROLA AV.
-58.5034254490285;-34.6143376169555;2015;OCTUBRE;17 AL 22;10;SANTO TOME;4396;FINALIZADO;SANTO TOME 4396;4396 SANTO TOME
-58.5081053363858;-34.6195131412766;2016;OCTUBRE;17 AL 22;10;LASCANO;4915;FINALIZADO;LASCANO 4915;4915 LASCANO
-58.5078502645555;-34.6196402375356;2017;OCTUBRE;17 AL 22;10;DESAGUADERO;2290;FINALIZADO;DESAGUADERO 2290;2290 DESAGUADERO
-58.5078558298768;-34.6194303497121;2018;OCTUBRE;17 AL 22;10;DESAGUADERO;2301;FINALIZADO;DESAGUADERO 2301;2301 DESAGUADERO
-58.5077899288041;-34.6195163465109;2019;OCTUBRE;17 AL 22;10;LASCANO;4896;FINALIZADO;LASCANO 4896;4896 LASCANO
-58.5056776707979;-34.6183986090444;2020;OCTUBRE;17 AL 22;10;LASCANO;4702;FINALIZADO;LASCANO 4702;4702 LASCANO
-58.5052483193606;-34.6180060922028;2021;OCTUBRE;17 AL 22;10;LASCANO;4657;FINALIZADO;LASCANO 4657;4657 LASCANO
-58.5051142853162;-34.6178919749654;2022;OCTUBRE;17 AL 22;10;ALEJANDRO MOHR;2307;FINALIZADO;MOHR, ALEJANDRO 2307;2307 MOHR, ALEJANDRO
-58.5051775753564;-34.6181397120188;2023;OCTUBRE;17 AL 22;10;LASCANO;4660;FINALIZADO;LASCANO 4660;4660 LASCANO
-58.5049988874642;-34.6180467112941;2024;OCTUBRE;17 AL 22;10;LASCANO;4646;FINALIZADO;LASCANO 4646;4646 LASCANO
-58.5043303429492;-34.6176789787767;2025;OCTUBRE;17 AL 22;10;MARCOS PAZ;2297;FINALIZADO;PAZ, MARCOS 2297;2297 PAZ, MARCOS
-58.5044677418207;-34.6176085238428;2026;OCTUBRE;17 AL 22;10;LASCANO;4599;FINALIZADO;LASCANO 4599;4599 LASCANO
-58.5044983575176;-34.6177915056308;2027;OCTUBRE;17 AL 22;10;LASCANO;4608;FINALIZADO;LASCANO 4608;4608 LASCANO
-58.504620416403;-34.6176154991225;2028;OCTUBRE;17 AL 22;10;MARCOS PAZ;2312;FINALIZADO;PAZ, MARCOS 2312;2312 PAZ, MARCOS
-58.5036188133051;-34.6173436475584;2029;OCTUBRE;17 AL 22;10;LASCANO;4530;FINALIZADO;LASCANO 4530;4530 LASCANO
-58.5037515595148;-34.6175541539868;2030;OCTUBRE;17 AL 22;10;BOMBAY;2286;FINALIZADO;BOMBAY 2286;2286 BOMBAY
-58.5248369674683;-34.6074403790519;2031;OCTUBRE;17 AL 22;11;CARRIL, SALVADOR MARIA DEL AV.;4994;FINALIZADO;CARRIL, SALVADOR MARIA DEL AV. 4994;4994 CARRIL, SALVADOR MARIA DEL AV.
-58.5149807842497;-34.5961433782261;2032;OCTUBRE;17 AL 22;11;CHIVILCOY;4521;FINALIZADO;CHIVILCOY AV. 4521;4521 CHIVILCOY AV.
-58.5134089380881;-34.597941131861;2033;OCTUBRE;17 AL 22;11;HABANA;3998;FINALIZADO;HABANA 3998;3998 HABANA
-58.5135304230471;-34.5978364057358;2034;OCTUBRE;17 AL 22;11;HABANA;3999;FINALIZADO;HABANA 3999;3999 HABANA
-58.5137064747412;-34.5979476514857;2035;OCTUBRE;17 AL 22;11;HABANA;4001;FINALIZADO;HABANA 4001;4001 HABANA
-58.5136018952248;-34.5980630814234;2036;OCTUBRE;17 AL 22;11;HABANA;4002;FINALIZADO;HABANA 4002;4002 HABANA
-58.52477840673;-34.6049632014817;2037;OCTUBRE;17 AL 22;11;HABANA;4898;FINALIZADO;HABANA 4898;4898 HABANA
-58.5249143243251;-34.6048671862205;2038;OCTUBRE;17 AL 22;11;HABANA;4899;FINALIZADO;HABANA 4899;4899 HABANA
-58.5179083384426;-34.5945167047953;2039;OCTUBRE;17 AL 22;11;LOPEZ, CARLOS ANTONIO;4095;FINALIZADO;LOPEZ, CARLOS ANTONIO 4095;4095 LOPEZ, CARLOS ANTONIO
-58.517892229384;-34.594688716491;2040;OCTUBRE;17 AL 22;11;LOPEZ, CARLOS ANTONIO;4102;FINALIZADO;LOPEZ, CARLOS ANTONIO 4102;4102 LOPEZ, CARLOS ANTONIO
-58.5159934886801;-34.596605996732;2041;OCTUBRE;17 AL 22;11;MERCEDES;4539;FINALIZADO;MERCEDES 4539;4539 MERCEDES
-58.5162212774615;-34.5965949106953;2042;OCTUBRE;17 AL 22;11;MERCEDES;4550;FINALIZADO;MERCEDES 4550;4550 MERCEDES
-58.5128770779194;-34.603107650133;2043;OCTUBRE;17 AL 22;11;MORAN PEDRO;4202;FINALIZADO;MORAN, PEDRO 4202;4202 MORAN, PEDRO
-58.5136760822242;-34.6036004278495;2044;OCTUBRE;17 AL 22;11;MORAN PEDRO;4298;FINALIZADO;MORAN, PEDRO 4298;4298 MORAN, PEDRO
-58.5136804960261;-34.6034232169824;2045;OCTUBRE;17 AL 22;11;MORAN PEDRO;4285;FINALIZADO;MORAN, PEDRO 4285;4285 MORAN, PEDRO
-58.5137567631911;-34.6036501863715;2046;OCTUBRE;17 AL 22;11;MORAN PEDRO;4302;FINALIZADO;MORAN, PEDRO 4302;4302 MORAN, PEDRO
-58.5081854778825;-34.6002147710998;2047;OCTUBRE;17 AL 22;11;MORAN, PEDRO;3802;FINALIZADO;MORAN, PEDRO 3802;3802 MORAN, PEDRO
-58.5041509325728;-34.5955765178106;2048;OCTUBRE;17 AL 22;11;NUEVA YORK;3402;FINALIZADO;NUEVA YORK 3402;3402 NUEVA YORK
-58.5067186461758;-34.5971650872339;2049;OCTUBRE;17 AL 22;11;NUEVA YORK;3598;FINALIZADO;NUEVA YORK 3598;3598 NUEVA YORK
-58.5068487773985;-34.5970654649545;2050;OCTUBRE;17 AL 22;11;NUEVA YORK;3599;FINALIZADO;NUEVA YORK 3599;3599 NUEVA YORK
-58.5069279478513;-34.5971144440146;2051;OCTUBRE;17 AL 22;11;NUEVA YORK;3601;FINALIZADO;NUEVA YORK 3601;3601 NUEVA YORK
-58.5068234624919;-34.5972299314009;2052;OCTUBRE;17 AL 22;11;NUEVA YORK;3602;FINALIZADO;NUEVA YORK 3602;3602 NUEVA YORK
-58.5081519285785;-34.5978716500712;2053;OCTUBRE;17 AL 22;11;NUEVA YORK;3699;FINALIZADO;NUEVA YORK 3699;3699 NUEVA YORK
-58.5080224645727;-34.5979716861271;2054;OCTUBRE;17 AL 22;11;NUEVA YORK;3698;FINALIZADO;NUEVA YORK 3698;3698 NUEVA YORK
-58.5082300642544;-34.5979200052913;2055;OCTUBRE;17 AL 22;11;NUEVA YORK;3701;FINALIZADO;NUEVA YORK 3701;3701 NUEVA YORK
-58.5081255364279;-34.5980354668331;2056;OCTUBRE;17 AL 22;11;NUEVA YORK;3702;FINALIZADO;NUEVA YORK 3702;3702 NUEVA YORK
-58.5080276641995;-34.5957470700426;2057;OCTUBRE;17 AL 22;11;PAREJA;3598;FINALIZADO;PAREJA 3598;3598 PAREJA
-58.5081562322122;-34.5956464571227;2058;OCTUBRE;17 AL 22;11;PAREJA;3599;FINALIZADO;PAREJA 3599;3599 PAREJA
-58.5082215555834;-34.5956868029622;2059;OCTUBRE;17 AL 22;11;PAREJA;3601;FINALIZADO;PAREJA 3601;3601 PAREJA
-58.5081171936033;-34.5958023657125;2060;OCTUBRE;17 AL 22;11;PAREJA;3602;FINALIZADO;PAREJA 3602;3602 PAREJA
-58.5093167336808;-34.5965431338494;2061;OCTUBRE;17 AL 22;11;PAREJA;3698;FINALIZADO;PAREJA 3698;3698 PAREJA
-58.510721155685;-34.5974105151326;2062;OCTUBRE;17 AL 22;11;PAREJA;3802;FINALIZADO;PAREJA 3802;3802 PAREJA
-58.5137489759127;-34.5992797321136;2063;OCTUBRE;17 AL 22;11;PAREJA;4102;FINALIZADO;PAREJA 4102;4102 PAREJA
-58.5149183325648;-34.6000011976937;2064;OCTUBRE;17 AL 22;11;PAREJA;4198;FINALIZADO;PAREJA 4198;4198 PAREJA
-58.5150188314131;-34.6000632009184;2065;OCTUBRE;17 AL 22;11;PAREJA;4202;FINALIZADO;PAREJA 4202;4202 PAREJA
-58.5163150531854;-34.6006828814278;2066;OCTUBRE;17 AL 22;11;PAREJA;4299;FINALIZADO;PAREJA 4299;4299 PAREJA
-58.5163911591963;-34.6007297517082;2067;OCTUBRE;17 AL 22;11;PAREJA;4301;FINALIZADO;PAREJA 4301;4301 PAREJA
-58.5162869959446;-34.6008454401029;2068;OCTUBRE;17 AL 22;11;PAREJA;4302;FINALIZADO;PAREJA 4302;4302 PAREJA
-58.5196365658768;-34.5993640190568;2070;OCTUBRE;17 AL 22;11;VALLEJOS;4403;FINALIZADO;VALLEJOS 4403;4403 VALLEJOS
-58.5221491372812;-34.6009154658427;2071;OCTUBRE;17 AL 22;11;VALLEJOS;4601;FINALIZADO;VALLEJOS 4601;4601 VALLEJOS
-58.5232162781028;-34.601750255732;2072;OCTUBRE;17 AL 22;11;VALLEJOS;4698;FINALIZADO;VALLEJOS 4698;4698 VALLEJOS
-58.4936502987087;-34.5715994851849;2073;OCTUBRE;17 AL 22;12;ANDONAEGUI ESQ CONGRESO;;FINALIZADO;ANDONAEGUI Y CONGRESO AV.;ANDONAEGUI & CONGRESO AV.
-58.4944315930601;-34.5706265672251;2074;OCTUBRE;17 AL 22;12;ANDONAEGUI ESQ QUESADA;;FINALIZADO;ANDONAEGUI Y QUESADA;ANDONAEGUI & QUESADA
-58.4929796192879;-34.5724346892052;2075;OCTUBRE;17 AL 22;12;ANDONAEGUI ESQ LE BRETON;;FINALIZADO;ANDONAEGUI Y LE BRETON, TOMAS A.;ANDONAEGUI & LE BRETON, TOMAS A.
-58.4923766680253;-34.5731854327579;2076;OCTUBRE;17 AL 22;12;ANDONAEGUI ESQ NAHUEL HUAPI;;FINALIZADO;ANDONAEGUI Y NAHUEL HUAPI;ANDONAEGUI & NAHUEL HUAPI
-58.4779097843955;-34.5418921674485;2077;OCTUBRE;17 AL 22;12;CRAMER ESQ PICO;;FINALIZADO;CRAMER Y PICO;CRAMER & PICO
-58.4781068215443;-34.5414828983449;2078;OCTUBRE;17 AL 22;12;CRAMER ESQ ARGELIA;;FINALIZADO;CRAMER Y ARGELIA;CRAMER & ARGELIA
-58.4784843025587;-34.5406989387243;2079;OCTUBRE;17 AL 22;12;CRAMER ESQ GRAL PAZ;;FINALIZADO;CRAMER Y PAZ, GRAL. AV.;CRAMER & PAZ, GRAL. AV.
-58.4862869018584;-34.5768088263538;2080;OCTUBRE;17 AL 22;12;OLAZABAL;5142;FINALIZADO;OLAZABAL AV. 5142;5142 OLAZABAL AV.
-58.5085367475256;-34.6399394716815;2081;OCTUBRE;17 AL 22;14;RAMON FALCON;5810;FINALIZADO;FALCON, RAMON L.,CNEL. AV. 5810;5810 FALCON, RAMON L.,CNEL. AV.
-58.4884543128342;-34.6304364634219;2083;OCTUBRE;17 AL 22;14;SARACHAGA;4294;FINALIZADO;SARACHAGA 4294;4294 SARACHAGA
-58.488597207646;-34.6303512850825;2084;OCTUBRE;17 AL 22;14;SARACHAGA;4295;FINALIZADO;SARACHAGA 4295;4295 SARACHAGA
-58.4886806795003;-34.6304234038681;2085;OCTUBRE;17 AL 22;14;SARACHAGA;4301;FINALIZADO;SARACHAGA 4301;4301 SARACHAGA
-58.4885545967443;-34.630523108275;2086;OCTUBRE;17 AL 22;14;SARACHAGA;4302;FINALIZADO;SARACHAGA 4302;4302 SARACHAGA
-58.4821122951281;-34.6367937600348;2087;OCTUBRE;17 AL 22;14;RAFAELA;3985;FINALIZADO;RAFAELA 3985;3985 RAFAELA
-58.4892966760057;-34.638372569055;2088;OCTUBRE;17 AL 22;14;RAFAELA;4419;FINALIZADO;RAFAELA 4419;4419 RAFAELA
-58.4893157095264;-34.6385277002587;2089;OCTUBRE;17 AL 22;14;RAFAELA;4424;FINALIZADO;RAFAELA 4424;4424 RAFAELA
-58.4879699580465;-34.6380539677069;2090;OCTUBRE;17 AL 22;14;RAFAELA;4357;FINALIZADO;RAFAELA 4357;4357 RAFAELA
-58.4878791519031;-34.6381819202766;2091;OCTUBRE;17 AL 22;14;RAFAELA;4348;FINALIZADO;RAFAELA 4348;4348 RAFAELA
-58.4877357305653;-34.6381459517292;2092;OCTUBRE;17 AL 22;14;RAFAELA;4342;FINALIZADO;RAFAELA 4342;4342 RAFAELA
-58.4778797261796;-34.5970880860602;2093;OCTUBRE;17 AL 22;15;WARNES ESQ CHORROARIN;;FINALIZADO;WARNES AV. Y CHORROARIN;WARNES AV. & CHORROARIN
-58.4734413514751;-34.5969698336626;2094;OCTUBRE;17 AL 22;15;WARNES;2552;FINALIZADO;WARNES AV. 2552;2552 WARNES AV.
-58.4610198496829;-34.5965041549122;2095;OCTUBRE;17 AL 22;15;WARNES;1815;FINALIZADO;WARNES AV. 1815;1815 WARNES AV.
-58.4821016764238;-34.5827255315618;2096;OCTUBRE;17 AL 22;15;LIVERPOOL;2900;FINALIZADO;LIVERPOOL 2900;2900 LIVERPOOL
-58.4822793870605;-34.5826683336858;2097;OCTUBRE;17 AL 22;15;LIVERPOOL;2903;FINALIZADO;LIVERPOOL 2903;2903 LIVERPOOL
-58.482153288272;-34.5827679612725;2098;OCTUBRE;17 AL 22;15;LIVERPOOL;2904;FINALIZADO;LIVERPOOL 2904;2904 LIVERPOOL
-58.4821812683269;-34.5825971982396;2099;OCTUBRE;17 AL 22;15;LIVERPOOL;2899;FINALIZADO;LIVERPOOL 2899;2899 LIVERPOOL
-58.3682119489266;-34.5879495322926;2100;OCTUBRE;24 AL 29;1;COMODORO PY;2055;FINALIZADO;PY, COMODORO AV. 2055;2055 PY, COMODORO AV.
-58.3674180582074;-34.5863063950814;2101;OCTUBRE;25 AL 29;1;COMODORO PY;2250;FINALIZADO;PY, COMODORO AV. 2250;2250 PY, COMODORO AV.
-58.4914052199521;-34.5863756869528;2102;OCTUBRE;26 AL 29;2 Y 3;SALVADOR MARIA DEL CARRIL;2295;FINALIZADO;CARRIL, SALVADOR MARIA DEL AV. 2295;2295 CARRIL, SALVADOR MARIA DEL AV.
-58.4914829215834;-34.58642467482;2103;OCTUBRE;27 AL 29;2 Y 3;SALVADOR MARIA DEL CARRIL;2301;FINALIZADO;CARRIL, SALVADOR MARIA DEL AV. 2301;2301 CARRIL, SALVADOR MARIA DEL AV.
-58.4908862086296;-34.5860484448412;2104;OCTUBRE;28 AL 29;2 Y 3;SALVADOR MARIA DEL CARRIL;2249;FINALIZADO;CARRIL, SALVADOR MARIA DEL AV. 2249;2249 CARRIL, SALVADOR MARIA DEL AV.
-58.5163220522576;-34.6197065071428;2105;OCTUBRE;29 AL 29;4;COLIQUEO;2199;FINALIZADO;COLIQUEO 2199;2199 COLIQUEO
-58.5164217776398;-34.6198269175204;2106;OCTUBRE;30 AL 29;4;COLIQUEO;2198;FINALIZADO;COLIQUEO 2198;2198 COLIQUEO
-58.5137479367141;-34.6193775586464;2107;OCTUBRE;31 AL 29;4;LAS COLONIAS;2189;FINALIZADO;LAS COLONIAS 2189;2189 LAS COLONIAS
-58.51386781271;-34.6194823508943;2108;OCTUBRE;32 AL 29;4;LAS COLONIAS;2190;FINALIZADO;LAS COLONIAS 2190;2190 LAS COLONIAS
-58.5164448985408;-34.6142477161355;2109;OCTUBRE;33 AL 29;4;BERMUDEZ;2802;FINALIZADO;BERMUDEZ 2802;2802 BERMUDEZ
-58.5163269824167;-34.6141414217813;2110;OCTUBRE;34 AL 29;4;BERMUDEZ;2801;FINALIZADO;BERMUDEZ 2801;2801 BERMUDEZ
-58.4669905659149;-34.636657686488;2111;OCTUBRE;35 AL 29;5 Y 6;TANDIL ESQ SAN PEDRITO;;FINALIZADO;TANDIL Y SAN PEDRITO AV.;TANDIL & SAN PEDRITO AV.
-58.4685194453475;-34.637109820272;2112;OCTUBRE;36 AL 29;5 Y 6;TANDIL ESQ QUIRNO;;FINALIZADO;TANDIL Y QUIRNO;TANDIL & QUIRNO
-58.4697225002951;-34.6374653306734;2113;OCTUBRE;37 AL 29;5 Y 6;TANDIL ESQ JOSE MARTI;;FINALIZADO;TANDIL Y MARTI, JOSE;TANDIL & MARTI, JOSE
-58.4565423904866;-34.6296463882436;2114;OCTUBRE;38 AL 29;5 Y 6;ALBERDI ESQ LAUTARO;;FINALIZADO;ALBERDI, JUAN BAUTISTA AV. Y LAUTARO;ALBERDI, JUAN BAUTISTA AV. & LAUTARO
-58.4429251740999;-34.6293521139904;2115;OCTUBRE;39 AL 29;5 Y 6;DIRECTORIO ESQ EMILIO MITRE;;FINALIZADO;DIRECTORIO AV. Y MITRE, EMILIO;DIRECTORIO AV. & MITRE, EMILIO
-58.4702104610747;-34.6363292790036;2116;OCTUBRE;40 AL 29;5 Y 6;DIRECTORIO ESQ JOSE MARTI;;FINALIZADO;DIRECTORIO AV. Y MARTI, JOSE;DIRECTORIO AV. & MARTI, JOSE
-58.4690224166167;-34.6359748289434;2117;OCTUBRE;41 AL 29;5 Y 6;DIRECTORIO ESQ QUIRNO;;FINALIZADO;DIRECTORIO AV. Y QUIRNO;DIRECTORIO AV. & QUIRNO
-58.4417593625345;-34.629181702442;2118;OCTUBRE;42 AL 29;5 Y 6;DIRECTORIO ESQ CACHIMAYO;;FINALIZADO;DIRECTORIO AV. Y CACHIMAYO;DIRECTORIO AV. & CACHIMAYO
-58.4149460285822;-34.6222782853895;2119;OCTUBRE;43 AL 29;5 Y 6;MAZA ESQ ESTADOS UNIDOS;;FINALIZADO;MAZA Y ESTADOS UNIDOS;MAZA & ESTADOS UNIDOS
-58.4116345039232;-34.6316978944443;2120;OCTUBRE;44 AL 29;5 Y 6;SANCHEZ DE LORIA ESQ INCLAN;;FINALIZADO;SANCHEZ DE LORIA E INCLAN;SANCHEZ DE LORIA & INCLAN
-58.4240406830125;-34.6215411272149;2121;OCTUBRE;45 AL 29;5 Y 6;INDEPENDENCIA ESQ 33 ORIENTALES;;FINALIZADO;INDEPENDENCIA AV. Y TREINTA Y TRES ORIENTALES;INDEPENDENCIA AV. & TREINTA Y TRES ORIENTALES
-58.4305310114266;-34.6049229051652;2122;OCTUBRE;46 AL 29;5 Y 6;BOGADO ESQ LAMBARE;;FINALIZADO;BOGADO Y LAMBARE;BOGADO & LAMBARE
-58.414558462863;-34.6364902962247;2123;OCTUBRE;47 AL 29;5 Y 6;CHICLANA ESQ ALZAGA;;FINALIZADO;CHICLANA AV. Y ALZAGA;CHICLANA AV. & ALZAGA
-58.4243858551029;-34.6367775214664;2124;OCTUBRE;48 AL 29;5 Y 6;LA PLATA ESQ SARAZA;;FINALIZADO;LA PLATA AV. Y SARAZA;LA PLATA AV. & SARAZA
-58.4209177677925;-34.6397418296055;2125;OCTUBRE;49 AL 29;5 Y 6;CASEROS ESQ PIROVANO;;FINALIZADO;CASEROS AV. Y PIROVANO;CASEROS AV. & PIROVANO
-58.4228458237803;-34.6378910783842;2126;OCTUBRE;50 AL 29;5 Y 6;RONDEAU ESQ MUÑIZ;;FINALIZADO;RONDEAU Y MUÑIZ;RONDEAU & MUÑIZ
-58.4293547125289;-34.6336464970967;2127;OCTUBRE;51 AL 29;7;VIEL;1443;FINALIZADO;VIEL 1443;1443 VIEL
-58.45248595537;-34.6355349431198;2128;OCTUBRE;52 AL 29;7;CARABOBO;801;FINALIZADO;CARABOBO AV. 801;801 CARABOBO AV.
-58.4522373634698;-34.6360400969011;2129;OCTUBRE;53 AL 29;7;CARABOBO;857;FINALIZADO;CARABOBO AV. 857;857 CARABOBO AV.
-58.4519958177511;-34.6361481241181;2130;OCTUBRE;54 AL 29;7;CARABOBO;876;FINALIZADO;CARABOBO AV. 876;876 CARABOBO AV.
-58.4518595319255;-34.6364250587703;2131;OCTUBRE;55 AL 29;7;CARABOBO;898;FINALIZADO;CARABOBO AV. 898;898 CARABOBO AV.
-58.452008205164;-34.6365057539722;2132;OCTUBRE;56 AL 29;7;CARABOBO;899;FINALIZADO;CARABOBO AV. 899;899 CARABOBO AV.
-58.4519899996983;-34.6365427457591;2133;OCTUBRE;57 AL 29;7;CARABOBO;901;FINALIZADO;CARABOBO AV. 901;901 CARABOBO AV.
-58.4518283577522;-34.6364884053165;2134;OCTUBRE;58 AL 29;7;CARABOBO;902;FINALIZADO;CARABOBO AV. 902;902 CARABOBO AV.
-58.4533133179191;-34.6362317977303;2135;OCTUBRE;59 AL 29;7;LAUTARO;866;FINALIZADO;LAUTARO 866;866 LAUTARO
-58.4426979009563;-34.6311996182058;2136;OCTUBRE;60 AL 29;7;FERNANDEZ MORENO;1119;FINALIZADO;FERNANDEZ MORENO, BALDOMERO 1119;1119 FERNANDEZ MORENO, BALDOMERO
-58.4482539955776;-34.6329147041089;2137;OCTUBRE;61 AL 29;7;MALVINAS ARGENTINAS;791;FINALIZADO;MALVINAS ARGENTINAS 791;791 MALVINAS ARGENTINAS
-58.4540467927889;-34.6347926254897;2138;OCTUBRE;62 AL 29;7;FERNANDEZ MORENO;2099;FINALIZADO;FERNANDEZ MORENO, BALDOMERO 2099;2099 FERNANDEZ MORENO, BALDOMERO
-58.4541128708433;-34.6348137234979;2139;OCTUBRE;63 AL 29;7;FERNANDEZ MORENO;2101;FINALIZADO;FERNANDEZ MORENO, BALDOMERO 2101;2101 FERNANDEZ MORENO, BALDOMERO
-58.4550440318691;-34.6351314196487;2140;OCTUBRE;64 AL 29;7;CAMACUA;698;FINALIZADO;CAMACUA 698;698 CAMACUA
-58.45516876423;-34.6352628192378;2141;OCTUBRE;65 AL 29;7;CAMACUA;701;FINALIZADO;CAMACUA 701;701 CAMACUA
-58.4550387762967;-34.63526396875;2142;OCTUBRE;66 AL 29;7;FERNANDEZ MORENO;2200;FINALIZADO;FERNANDEZ MORENO, BALDOMERO 2200;2200 FERNANDEZ MORENO, BALDOMERO
-58.455167638169;-34.6351497845672;2143;OCTUBRE;67 AL 29;7;FERNANDEZ MORENO;2201;FINALIZADO;FERNANDEZ MORENO, BALDOMERO 2201;2201 FERNANDEZ MORENO, BALDOMERO
-58.4554318491438;-34.6373388355347;2144;OCTUBRE;68 AL 29;7;ESPARTACO;875;FINALIZADO;ESPARTACO 875;875 ESPARTACO
-58.4552588275875;-34.6372856543737;2145;OCTUBRE;69 AL 29;7;ESPARTACO;882;FINALIZADO;ESPARTACO 882;882 ESPARTACO
-58.4555079598638;-34.6374228034686;2146;OCTUBRE;70 AL 29;7;CARLOS ORTIZ;878;FINALIZADO;ORTIZ, CARLOS 878;878 ORTIZ, CARLOS
-58.4556424718717;-34.6375146837827;2147;OCTUBRE;71 AL 29;7;CARLOS ORTIZ;877;FINALIZADO;ORTIZ, CARLOS 877;877 ORTIZ, CARLOS
-58.4559294582589;-34.637614631745;2148;OCTUBRE;72 AL 29;7;JUAN JOSE NAON;865;FINALIZADO;NAON, JUAN JOSE 865;865 NAON, JUAN JOSE
-58.4557039021767;-34.6376137931741;2149;OCTUBRE;73 AL 29;7;JUAN JOSE NAON;882;FINALIZADO;NAON, JUAN JOSE 882;882 NAON, JUAN JOSE
-58.4559160385449;-34.6378393235233;2150;OCTUBRE;74 AL 29;7;MEMBRILLAR;860;FINALIZADO;MEMBRILLAR 860;860 MEMBRILLAR
-58.4558352408974;-34.6379220868464;2151;OCTUBRE;75 AL 29;7;MEMBRILLAR;870;FINALIZADO;MEMBRILLAR 870;870 MEMBRILLAR
-58.457333124353;-34.6391032110064;2152;OCTUBRE;76 AL 29;7;PEDERNERA;946;FINALIZADO;PEDERNERA 946;946 PEDERNERA
-58.4572831191061;-34.6391440744269;2153;OCTUBRE;77 AL 29;7;PEDERNERA;950;FINALIZADO;PEDERNERA 950;950 PEDERNERA
-58.4566503055571;-34.6385154742948;2154;OCTUBRE;78 AL 29;7;RODRIGUEZ IGNACIO;2407;FINALIZADO;RODRIGUEZ, IGNACIO F. 2407;2407 RODRIGUEZ, IGNACIO F.
-58.4565292763908;-34.6386193789084;2155;OCTUBRE;79 AL 29;7;RODRIGUEZ IGNACIO;2408;FINALIZADO;RODRIGUEZ, IGNACIO F. 2408;2408 RODRIGUEZ, IGNACIO F.
-58.4593535019958;-34.6416435040539;2156;OCTUBRE;80 AL 29;7;RECUERO CASIMIRO;2913;FINALIZADO;RECUERO, CASIMIRO, TTE. CNEL. 2913;2913 RECUERO, CASIMIRO, TTE. CNEL.
-58.4592245611705;-34.6415522838839;2157;OCTUBRE;81 AL 29;7;RECUERO CASIMIRO;2895;FINALIZADO;RECUERO, CASIMIRO, TTE. CNEL. 2895;2895 RECUERO, CASIMIRO, TTE. CNEL.
-58.4591227439198;-34.6416701043058;2158;OCTUBRE;82 AL 29;7;RECUERO CASIMIRO;2898;FINALIZADO;RECUERO, CASIMIRO, TTE. CNEL. 2898;2898 RECUERO, CASIMIRO, TTE. CNEL.
-58.4592249881492;-34.641721613066;2159;OCTUBRE;83 AL 29;7;PILLADO;1107;FINALIZADO;PILLADO 1107;1107 PILLADO
-58.4598750820561;-34.6419219778243;2160;OCTUBRE;84 AL 29;7;CASTAÑON;1092;FINALIZADO;CASTAÑON 1092;1092 CASTAÑON
-58.4652986673874;-34.6415178311499;2161;OCTUBRE;85 AL 29;7;QUIRNO;850;FINALIZADO;QUIRNO 850;850 QUIRNO
-58.466411517497;-34.6422262412513;2162;OCTUBRE;86 AL 29;7;JOSE MARTI;950;FINALIZADO;MARTI, JOSE 950;950 MARTI, JOSE
-58.4663463283516;-34.6422778667585;2163;OCTUBRE;87 AL 29;7;JOSE MARTI;954;FINALIZADO;MARTI, JOSE 954;954 MARTI, JOSE
-58.4639042493382;-34.6443209836641;2164;OCTUBRE;88 AL 29;7;EVA PERON;3401;FINALIZADO;PERON, EVA AV. 3401;3401 PERON, EVA AV.
-58.4638431370536;-34.6442599892888;2165;OCTUBRE;89 AL 29;7;JOSE MARTI;1194;FINALIZADO;MARTI, JOSE 1194;1194 MARTI, JOSE
-58.4637543108463;-34.6443303273323;2166;OCTUBRE;90 AL 29;7;JOSE MARTI;1202;FINALIZADO;MARTI, JOSE 1202;1202 MARTI, JOSE
-58.4632347229866;-34.6447407296793;2167;OCTUBRE;91 AL 29;7;JOSE MARTI;1302;FINALIZADO;MARTI, JOSE 1302;1302 MARTI, JOSE
-58.4642560940331;-34.6453816369986;2168;OCTUBRE;92 AL 29;7;PORTELA;1291;FINALIZADO;PORTELA 1291;1291 PORTELA
-58.4640959278408;-34.6453073386654;2169;OCTUBRE;93 AL 29;7;PORTELA;1298;FINALIZADO;PORTELA 1298;1298 PORTELA
-58.4640388061391;-34.6453506406003;2170;OCTUBRE;94 AL 29;7;PORTELA;1302;FINALIZADO;PORTELA 1302;1302 PORTELA
-58.4638064600807;-34.6457224567861;2171;OCTUBRE;95 AL 29;7;PORTELA;1353;FINALIZADO;PORTELA 1353;1353 PORTELA
-58.4637390935935;-34.6457735185925;2172;OCTUBRE;96 AL 29;7;PORTELA;1363;FINALIZADO;PORTELA 1363;1363 PORTELA
-58.463119255783;-34.6474722083549;2173;OCTUBRE;97 AL 29;7;DELLEPIANE;3490;FINALIZADO;DELLEPIANE, LUIS, TTE. GRAL. 3490;3490 DELLEPIANE, LUIS, TTE. GRAL.
-58.4639881063688;-34.649199217828;2175;OCTUBRE;99 AL 29;7;LEVALLE;1706;FINALIZADO;LEVALLE, NICOLAS, TTE.GRAL. 1706;1706 LEVALLE, NICOLAS, TTE.GRAL.
-58.4405481426203;-34.6434955443062;2176;OCTUBRE;100 AL 29;7;PUAN;2005;FINALIZADO;PUAN 2005;2005 PUAN
-58.4399621291465;-34.6445767239242;2177;OCTUBRE;101 AL 29;7;PUAN;2092;FINALIZADO;PUAN 2092;2092 PUAN
-58.4398756027643;-34.6447919367008;2178;OCTUBRE;102 AL 29;7;SOMELLERA;1994;FINALIZADO;SOMELLERA 1994;1994 SOMELLERA
-58.4400996487802;-34.644697619761;2179;OCTUBRE;103 AL 29;7;PUAN;2097;FINALIZADO;PUAN 2097;2097 PUAN
-58.4393431053435;-34.6445217328747;2180;OCTUBRE;104 AL 29;7;SOMELLERA;1947;FINALIZADO;SOMELLERA 1947;1947 SOMELLERA
-58.4394546105078;-34.6445469926387;2181;OCTUBRE;105 AL 29;7;SOMELLERA;1955;FINALIZADO;SOMELLERA 1955;1955 SOMELLERA
-58.4393216121678;-34.6446664113884;2182;OCTUBRE;106 AL 29;7;SOMELLERA;1950;FINALIZADO;SOMELLERA 1950;1950 SOMELLERA
-58.4394822242817;-34.6447028021341;2183;OCTUBRE;107 AL 29;7;SOMELLERA;1962;FINALIZADO;SOMELLERA 1962;1962 SOMELLERA
-58.4384645941262;-34.6449465548092;2184;OCTUBRE;108 AL 29;7;MIRAFLORES;2146;FINALIZADO;MIRAFLORES 2146;2146 MIRAFLORES
-58.4386152031939;-34.6450331041587;2185;OCTUBRE;109 AL 29;7;MIRAFLORES;2149;FINALIZADO;MIRAFLORES 2149;2149 MIRAFLORES
-58.4385945017582;-34.6450895300704;2186;OCTUBRE;110 AL 29;7;MIRAFLORES;2153;FINALIZADO;MIRAFLORES 2153;2153 MIRAFLORES
-58.4384111556274;-34.645092212195;2187;OCTUBRE;111 AL 29;7;MIRAFLORES;2158;FINALIZADO;MIRAFLORES 2158;2158 MIRAFLORES
-58.4737109086185;-34.5392803552001;2188;OCTUBRE;112 AL 29;7;VEDIA;2297;FINALIZADO;VEDIA 2297;2297 VEDIA
-58.4346804162815;-34.6462105167606;2189;OCTUBRE;113 AL 29;7;RIESTRA;1788;FINALIZADO;RIESTRA AV. 1788;1788 RIESTRA AV.
-58.4349565766414;-34.6463337950621;2190;OCTUBRE;114 AL 29;7;RIESTRA;1802;FINALIZADO;RIESTRA AV. 1802;1802 RIESTRA AV.
-58.4339065423895;-34.6445195030695;2191;OCTUBRE;115 AL 29;7;SALVIGNY;1601;FINALIZADO;SALVIGNY 1601;1601 SALVIGNY
-58.4337783037394;-34.6444904824988;2192;OCTUBRE;116 AL 29;7;SALVIGNY;1597;FINALIZADO;SALVIGNY 1597;1597 SALVIGNY
-58.4320923012942;-34.644133376389;2193;OCTUBRE;117 AL 29;7;DEL BARCO CENTENERA;2196;FINALIZADO;BARCO CENTENERA DEL 2196;2196 BARCO CENTENERA DEL
-58.4322649220562;-34.6441650039791;2194;OCTUBRE;118 AL 29;7;DEL BARCO CENTENERA;2197;FINALIZADO;BARCO CENTENERA DEL 2197;2197 BARCO CENTENERA DEL
-58.4322600445307;-34.644235293236;2195;OCTUBRE;119 AL 29;7;DEL BARCO CENTENERA;2201;FINALIZADO;BARCO CENTENERA DEL 2201;2201 BARCO CENTENERA DEL
-58.4319873687571;-34.6442441924671;2196;OCTUBRE;120 AL 29;7;SALVIGNY;1492;FINALIZADO;SALVIGNY 1492;1492 SALVIGNY
-58.4343290483293;-34.6427640891276;2197;OCTUBRE;121 AL 29;7;DIEZ DE MEDINA;1393;FINALIZADO;DIEZ DE MEDINA, CLEMENTE 1393;1393 DIEZ DE MEDINA, CLEMENTE
-58.4343173298211;-34.6429102254343;2198;OCTUBRE;122 AL 29;7;DIEZ DE MEDINA;1396;FINALIZADO;DIEZ DE MEDINA, CLEMENTE 1396;1396 DIEZ DE MEDINA, CLEMENTE
-58.4345629245245;-34.6427859507721;2199;OCTUBRE;123 AL 29;7;MOM;2043;FINALIZADO;MOM 2043;2043 MOM
-58.4328958148902;-34.6427731852976;2200;OCTUBRE;124 AL 29;7;PICHEUTA;2069;FINALIZADO;PICHEUTA 2069;2069 PICHEUTA
-58.4329542792978;-34.6424851612856;2201;OCTUBRE;125 AL 29;7;DIEZ DE MEDINA;1301;FINALIZADO;DIEZ DE MEDINA, CLEMENTE 1301;1301 DIEZ DE MEDINA, CLEMENTE
-58.3873660320337;-34.6188571109132;2204;OCTUBRE;128 AL 29;8;ESTADOS UNIDOS;1500;FINALIZADO;ESTADOS UNIDOS 1500;1500 ESTADOS UNIDOS
-58.4732118774363;-34.6297088761518;2205;OCTUBRE;129 AL 29;8;VENANCIO FLORES;3101;FINALIZADO;FLORES, VENANCIO, GRAL. 3101;3101 FLORES, VENANCIO, GRAL.
-58.4732237547144;-34.6294246782199;2206;OCTUBRE;130 AL 29;8;HELGUERA;153;FINALIZADO;HELGUERA 153;153 HELGUERA
-58.4656750419241;-34.6257871015272;2207;OCTUBRE;131 AL 29;8;BOGOTA;2502;FINALIZADO;BOGOTA 2502;2502 BOGOTA
-58.4708905709822;-34.6247183794283;2208;OCTUBRE;132 AL 29;8;TERRADA;606;FINALIZADO;TERRADA 606;606 TERRADA
-58.4749808148695;-34.5579234948616;2209;OCTUBRE;133 AL 29;9;SUPERI;3201;FINALIZADO;SUPERI 3201;3201 SUPERI
-58.4760474247077;-34.5584576918328;2210;OCTUBRE;134 AL 29;9;JOSE TAMBORINI;3501;FINALIZADO;TAMBORINI, JOSE PASCUAL 3501;3501 TAMBORINI, JOSE PASCUAL
-58.4808139916074;-34.5609163975987;2211;OCTUBRE;135 AL 29;9;JOSE TAMBORINI;4007;FINALIZADO;TAMBORINI, JOSE PASCUAL 4007;4007 TAMBORINI, JOSE PASCUAL
-58.4817237139559;-34.5613872106305;2212;OCTUBRE;136 AL 29;9;JOSE TAMBORINI;4097;FINALIZADO;TAMBORINI, JOSE PASCUAL 4097;4097 TAMBORINI, JOSE PASCUAL
-58.4776465080523;-34.5596118603742;2213;OCTUBRE;137 AL 29;9;WASHINGTON;3183;FINALIZADO;WASHINGTON 3183;3183 WASHINGTON
-58.4740555720596;-34.5557861127895;2214;OCTUBRE;138 AL 29;9;MANUELA PEDRAZA;3295;FINALIZADO;PEDRAZA, MANUELA 3295;3295 PEDRAZA, MANUELA
-58.4739791683733;-34.5559169577015;2215;OCTUBRE;139 AL 29;9;MANUELA PEDRAZA;3298;FINALIZADO;PEDRAZA, MANUELA 3298;3298 PEDRAZA, MANUELA
-58.4740525373604;-34.555956057547;2216;OCTUBRE;140 AL 29;9;MANUELA PEDRAZA;3302;FINALIZADO;PEDRAZA, MANUELA 3302;3302 PEDRAZA, MANUELA
-58.4741817777703;-34.5558533685772;2217;OCTUBRE;141 AL 29;9;MANUELA PEDRAZA;3305;FINALIZADO;PEDRAZA, MANUELA 3305;3305 PEDRAZA, MANUELA
-58.473134856864;-34.555295474385;2218;OCTUBRE;142 AL 29;9;MANUELA PEDRAZA;3195;FINALIZADO;PEDRAZA, MANUELA 3195;3195 PEDRAZA, MANUELA
-58.4727120626366;-34.5552419510029;2219;OCTUBRE;143 AL 29;9;MANUELA PEDRAZA;3146;FINALIZADO;PEDRAZA, MANUELA 3146;3146 PEDRAZA, MANUELA
-58.4731873886449;-34.5554950295013;2220;OCTUBRE;144 AL 29;9;MANUELA PEDRAZA;3210;FINALIZADO;PEDRAZA, MANUELA 3210;3210 PEDRAZA, MANUELA
-58.473299783263;-34.5553833625196;2221;OCTUBRE;145 AL 29;9;MANUELA PEDRAZA;3211;FINALIZADO;PEDRAZA, MANUELA 3211;3211 PEDRAZA, MANUELA
-58.5032582804272;-34.6170375324101;2222;OCTUBRE;146 AL 29;10;SEGUROLA;2101;FINALIZADO;SEGUROLA AV. 2101;2101 SEGUROLA AV.
-58.5033948961416;-34.6171272326139;2223;OCTUBRE;147 AL 29;10;SEGUROLA;2102;FINALIZADO;SEGUROLA AV. 2102;2102 SEGUROLA AV.
-58.5020734700465;-34.6163579926854;2224;OCTUBRE;148 AL 29;10;SANABRIA;2204;FINALIZADO;SANABRIA 2204;2204 SANABRIA
-58.5019085464937;-34.6163039830288;2225;OCTUBRE;149 AL 29;10;SANABRIA;2201;FINALIZADO;SANABRIA 2201;2201 SANABRIA
-58.4986811979417;-34.6128989035667;2226;OCTUBRE;150 AL 29;10;ARREGUI;4000;FINALIZADO;ARREGUI 4000;4000 ARREGUI
-58.4988487980427;-34.6128197160368;2227;OCTUBRE;151 AL 29;10;ARREGUI;4001;FINALIZADO;ARREGUI 4001;4001 ARREGUI
-58.504502704972;-34.6131179728932;2228;OCTUBRE;152 AL 29;10;SANABRIA;2501;FINALIZADO;SANABRIA 2501;2501 SANABRIA
-58.5044535065676;-34.6131724651886;2229;OCTUBRE;153 AL 29;10;SANABRIA;2497;FINALIZADO;SANABRIA 2497;2497 SANABRIA
-58.5036908056302;-34.6125380210908;2230;OCTUBRE;154 AL 29;10;GUALEGUAYCHU;2407;FINALIZADO;GUALEGUAYCHU 2407;2407 GUALEGUAYCHU
-58.5037100715041;-34.6127632901523;2231;OCTUBRE;155 AL 29;10;GUALEGUAYCHU;2398;FINALIZADO;GUALEGUAYCHU 2398;2398 GUALEGUAYCHU
-58.5038005605054;-34.6126589827123;2232;OCTUBRE;156 AL 29;10;GUALEGUAYCHU;2404;FINALIZADO;GUALEGUAYCHU 2404;2404 GUALEGUAYCHU
-58.5035068523196;-34.6126452229687;2233;OCTUBRE;157 AL 29;10;MARCOS SASTRE;4292;FINALIZADO;SASTRE, MARCOS 4292;4292 SASTRE, MARCOS
-58.5025986337363;-34.6119258235359;2234;OCTUBRE;158 AL 29;10;MARCOS SASTRE;4205;FINALIZADO;SASTRE, MARCOS 4205;4205 SASTRE, MARCOS
-58.5024495897096;-34.6120147684592;2235;OCTUBRE;159 AL 29;10;MARCOS SASTRE;4202;FINALIZADO;SASTRE, MARCOS 4202;4202 SASTRE, MARCOS
-58.5023255660457;-34.6119766851714;2236;OCTUBRE;160 AL 29;10;MERCEDES;2495;FINALIZADO;MERCEDES 2495;2495 MERCEDES
-58.5015848248066;-34.6114637490499;2237;OCTUBRE;161 AL 29;10;CHIVILCOY;2400;FINALIZADO;CHIVILCOY 2400;2400 CHIVILCOY
-58.501692703141;-34.6113866453536;2238;OCTUBRE;162 AL 29;10;MARCOS SASTRE;4109;FINALIZADO;SASTRE, MARCOS 4109;4109 SASTRE, MARCOS
-58.5014225990106;-34.6114038606351;2239;OCTUBRE;163 AL 29;10;CHIVILCOY;2397;FINALIZADO;CHIVILCOY 2397;2397 CHIVILCOY
-58.5014073610942;-34.6131658978741;2240;OCTUBRE;164 AL 29;10;SANTO TOME;4198;FINALIZADO;SANTO TOME 4198;4198 SANTO TOME
-58.5015260763918;-34.6130585488376;2241;OCTUBRE;165 AL 29;10;SANTO TOME;4199;FINALIZADO;SANTO TOME 4199;4199 SANTO TOME
-58.5015906255502;-34.6130959327983;2242;OCTUBRE;166 AL 29;10;SANTO TOME;4201;FINALIZADO;SANTO TOME 4201;4201 SANTO TOME
-58.5027554127225;-34.6137762269342;2243;OCTUBRE;167 AL 29;10;SANTO TOME;4301;FINALIZADO;SANTO TOME 4301;4301 SANTO TOME
-58.5027943352742;-34.6135662792109;2244;OCTUBRE;168 AL 29;10;GUALEGUAYCHU;2317;FINALIZADO;GUALEGUAYCHU 2317;2317 GUALEGUAYCHU
-58.5025493079294;-34.6138330597866;2245;OCTUBRE;169 AL 29;10;SANTO TOME;4296;FINALIZADO;SANTO TOME 4296;4296 SANTO TOME
-58.5035250697139;-34.6142192156322;2246;OCTUBRE;170 AL 29;10;SANTO TOME;4395;FINALIZADO;SANTO TOME 4395;4395 SANTO TOME
-58.5036190758785;-34.6143378080068;2247;OCTUBRE;171 AL 29;10;SANABRIA;2402;FINALIZADO;SANABRIA 2402;2402 SANABRIA
-58.5035825607206;-34.614381983916;2248;OCTUBRE;172 AL 29;10;SANABRIA;2398;FINALIZADO;SANABRIA 2398;2398 SANABRIA
-58.5065873162648;-34.6135584781069;2249;OCTUBRE;173 AL 29;10;SEGUROLA;2455;FINALIZADO;SEGUROLA AV. 2455;2455 SEGUROLA AV.
-58.5064916380027;-34.6136583829416;2250;OCTUBRE;174 AL 29;10;SEGUROLA;2445;FINALIZADO;SEGUROLA AV. 2445;2445 SEGUROLA AV.
-58.5052043712483;-34.6125792146238;2251;OCTUBRE;175 AL 29;10;SANABRIA;2568;FINALIZADO;SANABRIA 2568;2568 SANABRIA
-58.5031817399349;-34.6148939575605;2252;OCTUBRE;176 AL 29;10;SANABRIA;2340;FINALIZADO;SANABRIA 2340;2340 SANABRIA
-58.5062236859763;-34.6141708795168;2253;OCTUBRE;177 AL 29;10;SEGUROLA;2400;FINALIZADO;SEGUROLA AV. 2400;2400 SEGUROLA AV.
-58.4987489653683;-34.6129379947909;2254;OCTUBRE;178 AL 29;10;ARREGUI;4002;FINALIZADO;ARREGUI 4002;4002 ARREGUI
-58.4988899198871;-34.6146917590611;2255;OCTUBRE;179 AL 29;10;LASCANO;4108;FINALIZADO;LASCANO 4108;4108 LASCANO
-58.5026709878782;-34.61667265387;2256;OCTUBRE;180 AL 29;10;LASCANO;4449;FINALIZADO;LASCANO 4449;4449 LASCANO
-58.5048515963756;-34.6153743935057;2257;OCTUBRE;181 AL 29;10;SEGUROLA;2271;FINALIZADO;SEGUROLA AV. 2271;2271 SEGUROLA AV.
-58.5034254490285;-34.6143376169555;2258;OCTUBRE;182 AL 29;10;SANTO TOME;4396;FINALIZADO;SANTO TOME 4396;4396 SANTO TOME
-58.5081053363858;-34.6195131412766;2259;OCTUBRE;183 AL 29;10;LASCANO;4915;FINALIZADO;LASCANO 4915;4915 LASCANO
-58.5078502645555;-34.6196402375356;2260;OCTUBRE;184 AL 29;10;DESAGUADERO;2290;FINALIZADO;DESAGUADERO 2290;2290 DESAGUADERO
-58.5078558298768;-34.6194303497121;2261;OCTUBRE;185 AL 29;10;DESAGUADERO;2301;FINALIZADO;DESAGUADERO 2301;2301 DESAGUADERO
-58.5077899288041;-34.6195163465109;2262;OCTUBRE;186 AL 29;10;LASCANO;4896;FINALIZADO;LASCANO 4896;4896 LASCANO
-58.5056776707979;-34.6183986090444;2263;OCTUBRE;187 AL 29;10;LASCANO;4702;FINALIZADO;LASCANO 4702;4702 LASCANO
-58.5052483193606;-34.6180060922028;2264;OCTUBRE;188 AL 29;10;LASCANO;4657;FINALIZADO;LASCANO 4657;4657 LASCANO
-58.5051142853162;-34.6178919749654;2265;OCTUBRE;189 AL 29;10;ALEJANDRO MOHR;2307;FINALIZADO;MOHR, ALEJANDRO 2307;2307 MOHR, ALEJANDRO
-58.5051775753564;-34.6181397120188;2266;OCTUBRE;190 AL 29;10;LASCANO;4660;FINALIZADO;LASCANO 4660;4660 LASCANO
-58.5049988874642;-34.6180467112941;2267;OCTUBRE;191 AL 29;10;LASCANO;4646;FINALIZADO;LASCANO 4646;4646 LASCANO
-58.5043303429492;-34.6176789787767;2268;OCTUBRE;192 AL 29;10;MARCOS PAZ;2297;FINALIZADO;PAZ, MARCOS 2297;2297 PAZ, MARCOS
-58.5044677418207;-34.6176085238428;2269;OCTUBRE;193 AL 29;10;LASCANO;4599;FINALIZADO;LASCANO 4599;4599 LASCANO
-58.5044983575176;-34.6177915056308;2270;OCTUBRE;194 AL 29;10;LASCANO;4608;FINALIZADO;LASCANO 4608;4608 LASCANO
-58.504620416403;-34.6176154991225;2271;OCTUBRE;195 AL 29;10;MARCOS PAZ;2312;FINALIZADO;PAZ, MARCOS 2312;2312 PAZ, MARCOS
-58.5036188133051;-34.6173436475584;2272;OCTUBRE;196 AL 29;10;LASCANO;4530;FINALIZADO;LASCANO 4530;4530 LASCANO
-58.5037515595148;-34.6175541539868;2273;OCTUBRE;197 AL 29;10;BOMBAY;2286;FINALIZADO;BOMBAY 2286;2286 BOMBAY
-58.525363672405;-34.6047210991534;2274;OCTUBRE;198 AL 29;11;LASTRA;4398;FINALIZADO;LASTRA AV. 4398;4398 LASTRA AV.
-58.5244672584802;-34.6028107401527;2275;OCTUBRE;199 AL 29;11;RICARDO GUTIERREZ;4889;FINALIZADO;GUTIERREZ, RICARDO 4889;4889 GUTIERREZ, RICARDO
-58.5206921728871;-34.6025789065719;2276;OCTUBRE;200 AL 29;11;BENITO JUAREZ;4280;FINALIZADO;JUAREZ, BENITO 4280;4280 JUAREZ, BENITO
-58.5207292435498;-34.6025378140037;2277;OCTUBRE;201 AL 29;11;BENITO JUAREZ;4286;FINALIZADO;JUAREZ, BENITO 4286;4286 JUAREZ, BENITO
-58.5205004580416;-34.6027914279777;2278;OCTUBRE;202 AL 29;11;BENITO JUAREZ;4201;FINALIZADO;JUAREZ, BENITO 4201;4201 JUAREZ, BENITO
-58.5200420244486;-34.6030585271369;2279;OCTUBRE;203 AL 29;11;BENITO JUAREZ;4199;FINALIZADO;JUAREZ, BENITO 4199;4199 JUAREZ, BENITO
-58.5116000127157;-34.5966514951312;2280;OCTUBRE;204 AL 29;11;HABANA;3815;FINALIZADO;HABANA 3815;3815 HABANA
-58.5065542335527;-34.5952796313657;2281;OCTUBRE;205 AL 29;11;CONCORDIA;4170;FINALIZADO;CONCORDIA 4170;4170 CONCORDIA
-58.5063138133238;-34.5953041969177;2282;OCTUBRE;206 AL 29;11;CONCORDIA;4145;FINALIZADO;CONCORDIA 4145;4145 CONCORDIA
-58.5083542452804;-34.5954224121063;2283;OCTUBRE;207 AL 29;11;GUTEMBERG;3598;FINALIZADO;GUTENBERG 3598;3598 GUTENBERG
-58.4923766680253;-34.5731854327579;2284;OCTUBRE;208 AL 29;12;ANDONAEGUI ESQ NAHUEL HUAPI;;FINALIZADO;ANDONAEGUI Y NAHUEL HUAPI;ANDONAEGUI & NAHUEL HUAPI
-58.493523040707;-34.5706387696158;2285;OCTUBRE;209 AL 29;12;AGUAS BUENAS;3065;FINALIZADO;AGUAS BUENAS 3065;3065 AGUAS BUENAS
-58.4875663492079;-34.5671209400358;2286;OCTUBRE;210 AL 29;12;QUESADA;4916;FINALIZADO;QUESADA 4916;4916 QUESADA
-58.4903894177778;-34.5632856009566;2287;OCTUBRE;211 AL 29;12;SHAKESPEARE;4989;FINALIZADO;SHAKESPEARE 4989;4989 SHAKESPEARE
-58.4665957990272;-34.5586908065047;2288;OCTUBRE;212 AL 29;12;CRAMER;2802;FINALIZADO;CRAMER AV. 2802;2802 CRAMER AV.
-58.4720979663255;-34.5466398099581;2289;OCTUBRE;213 AL 29;12;VILELA ESQ AMENABAR;;FINALIZADO;VILELA Y AMENABAR;VILELA & AMENABAR
-58.4731009068233;-34.5469849572642;2290;OCTUBRE;214 AL 29;12;VILELA ESQ MOLDES;;FINALIZADO;VILELA Y MOLDES;VILELA & MOLDES
-58.5121358413262;-34.5775154810322;2291;OCTUBRE;215 AL 29;12;ARGERICH ESQ EZEIZA;;FINALIZADO;ARGERICH Y EZEIZA;ARGERICH & EZEIZA
-58.510605131998;-34.5792051760391;2292;OCTUBRE;216 AL 29;12;ARGERICH ESQ ESCOBAR;;FINALIZADO;ARGERICH Y ESCOBAR;ARGERICH & ESCOBAR
-58.5085367475256;-34.6399394716815;2293;OCTUBRE;217 AL 29;14;RAMON FALCON;5810;FINALIZADO;FALCON, RAMON L.,CNEL. AV. 5810;5810 FALCON, RAMON L.,CNEL. AV.
-58.4867446219784;-34.6289932270804;2295;OCTUBRE;219 AL 29;14;ARANGUREN;4102;FINALIZADO;ARANGUREN, JUAN F., DR. 4102;4102 ARANGUREN, JUAN F., DR.
-58.4864582238291;-34.6289228500488;2296;OCTUBRE;220 AL 29;14;ARANGUREN;4082;FINALIZADO;ARANGUREN, JUAN F., DR. 4082;4082 ARANGUREN, JUAN F., DR.
-58.4821122951281;-34.6367937600348;2297;OCTUBRE;221 AL 29;14;RAFAELA;3985;FINALIZADO;RAFAELA 3985;3985 RAFAELA
-58.4892966760057;-34.638372569055;2298;OCTUBRE;222 AL 29;14;RAFAELA;4419;FINALIZADO;RAFAELA 4419;4419 RAFAELA
-58.4893157095264;-34.6385277002587;2299;OCTUBRE;223 AL 29;14;RAFAELA;4424;FINALIZADO;RAFAELA 4424;4424 RAFAELA
-58.4879699580465;-34.6380539677069;2300;OCTUBRE;224 AL 29;14;RAFAELA;4357;FINALIZADO;RAFAELA 4357;4357 RAFAELA
-58.4878791519031;-34.6381819202766;2301;OCTUBRE;225 AL 29;14;RAFAELA;4348;FINALIZADO;RAFAELA 4348;4348 RAFAELA
-58.4877357305653;-34.6381459517292;2302;OCTUBRE;226 AL 29;14;RAFAELA;4342;FINALIZADO;RAFAELA 4342;4342 RAFAELA
-58.4778797261796;-34.5970880860602;2303;OCTUBRE;227 AL 29;15;WARNES ESQ CHORROARIN;;FINALIZADO;WARNES AV. Y CHORROARIN;WARNES AV. & CHORROARIN
-58.4734413514751;-34.5969698336626;2304;OCTUBRE;228 AL 29;15;WARNES;2552;FINALIZADO;WARNES AV. 2552;2552 WARNES AV.
-58.4767512607841;-34.5969906849727;2305;OCTUBRE;229 AL 29;15;WARNES;2707;FINALIZADO;WARNES AV. 2707;2707 WARNES AV.
-58.4516519521208;-34.5858436559375;2306;OCTUBRE;230 AL 29;15;MAURE;3955;FINALIZADO;MAURE 3955;3955 MAURE
-58.481360534879;-34.5825340305221;2307;OCTUBRE;231 AL 29;15;LIVERPOOL;2839;FINALIZADO;LIVERPOOL 2839;2839 LIVERPOOL
-58.4814758302017;-34.5825381915992;2308;OCTUBRE;232 AL 29;15;LIVERPOOL;2849;FINALIZADO;LIVERPOOL 2849;2849 LIVERPOOL
-58.4813529334674;-34.5826781259764;2309;OCTUBRE;233 AL 29;15;LIVERPOOL;2840;FINALIZADO;LIVERPOOL 2840;2840 LIVERPOOL
-58.4821812683269;-34.5825971982396;2310;OCTUBRE;234 AL 29;15;LIVERPOOL;2899;FINALIZADO;LIVERPOOL 2899;2899 LIVERPOOL
-58.4816849184184;-34.5814115436413;2311;OCTUBRE;235 AL 29;15;BALLIVIAN;2798;FINALIZADO;BALLIVIAN 2798;2798 BALLIVIAN
-58.4819027103707;-34.5813622145063;2312;OCTUBRE;236 AL 29;15;BALLIVIAN;2805;FINALIZADO;BALLIVIAN 2805;2805 BALLIVIAN
-58.4826525373273;-34.5819768874675;2313;OCTUBRE;237 AL 29;15;BALLIVIAN;2896;FINALIZADO;BALLIVIAN 2896;2896 BALLIVIAN
-58.4818049938462;-34.5813051142509;2314;OCTUBRE;238 AL 29;15;BALLIVIAN;2799;FINALIZADO;BALLIVIAN 2799;2799 BALLIVIAN
-58.4827660574051;-34.5820432046715;2315;OCTUBRE;239 AL 29;15;BALLIVIAN;2902;FINALIZADO;BALLIVIAN 2902;2902 BALLIVIAN
-58.4828666569069;-34.5819253927352;2316;OCTUBRE;240 AL 29;15;BALLIVIAN;2901;FINALIZADO;BALLIVIAN 2901;2901 BALLIVIAN
-58.4827909493889;-34.5818811675887;2317;OCTUBRE;241 AL 29;15;BALLIVIAN;2899;FINALIZADO;BALLIVIAN 2899;2899 BALLIVIAN
-58.4781832954522;-34.5833641762121;2318;OCTUBRE;242 AL 29;15;AVALOS;1451;FINALIZADO;AVALOS 1451;1451 AVALOS
-58.4783491466218;-34.5834087569126;2319;OCTUBRE;243 AL 29;15;AVALOS;1452;FINALIZADO;AVALOS 1452;1452 AVALOS
-58.4783524316898;-34.5829337666815;2320;OCTUBRE;244 AL 29;15;AVALOS;1497;FINALIZADO;AVALOS 1497;1497 AVALOS
-58.4785515292092;-34.5827839312345;2321;OCTUBRE;245 AL 29;15;AVALOS;1509;FINALIZADO;AVALOS 1509;1509 AVALOS
-58.475925992656;-34.5817377846758;2322;OCTUBRE;246 AL 29;15;TREVERIS;2400;FINALIZADO;TREVERIS 2400;2400 TREVERIS
-58.4771926544222;-34.582497841119;2323;OCTUBRE;247 AL 29;15;TREVERIS;2501;FINALIZADO;TREVERIS 2501;2501 TREVERIS
-58.4780778628402;-34.5833605961945;2324;OCTUBRE;248 AL 29;15;TREVERIS;2592;FINALIZADO;TREVERIS 2592;2592 TREVERIS
-58.4783953697419;-34.5834047196716;2325;OCTUBRE;249 AL 29;15;TREVERIS;2605;FINALIZADO;TREVERIS 2605;2605 TREVERIS
-58.3749350804715;-34.5805360063396;2326;NOVIEMBRE;31 AL 05;1;RAMON CASTILLO;799;FINALIZADO;CASTILLO, RAMON S., PRES. AV. 799;799 CASTILLO, RAMON S., PRES. AV.
-58.4108497441195;-34.6215375117596;2327;NOVIEMBRE;31 AL 05;2 Y 3;24 DE NOVIEMBRE;899;FINALIZADO;24 DE NOVIEMBRE 899;899 24 DE NOVIEMBRE
-58.4948818744321;-34.5931436944686;2328;NOVIEMBRE;31 AL 05;2 Y 3;SOLANO LOPEZ;2856;FINALIZADO;SOLANO LOPEZ, F., MARISCAL 2856;2856 SOLANO LOPEZ, F., MARISCAL
-58.4907266101461;-34.5871109498081;2329;NOVIEMBRE;31 AL 05;2 Y 3;CARACAS;4005;FINALIZADO;CARACAS 4005;4005 CARACAS
-58.4955622388839;-34.5934774187968;2330;NOVIEMBRE;31 AL 05;2 Y 3;NAZCA;3699;FINALIZADO;NAZCA 3699;3699 NAZCA
-58.4956900367431;-34.5935772424478;2331;NOVIEMBRE;31 AL 05;2 Y 3;NAZCA;3698;FINALIZADO;NAZCA 3698;3698 NAZCA
-58.4944483813644;-34.593015505203;2332;NOVIEMBRE;31 AL 05;2 Y 3;TERRADA;3684;FINALIZADO;TERRADA 3684;3684 TERRADA
-58.4984347606425;-34.5940081150598;2333;NOVIEMBRE;31 AL 05;2 Y 3;PEDRO MORAN;3045;FINALIZADO;MORAN, PEDRO 3045;3045 MORAN, PEDRO
-58.4977348735458;-34.5935108633709;2334;NOVIEMBRE;31 AL 05;2 Y 3;ARGERICH;3814;FINALIZADO;ARGERICH 3814;3814 ARGERICH
-58.4901578228402;-34.5879938622997;2335;NOVIEMBRE;31 AL 05;2 Y 3;ASUNCION;2395;FINALIZADO;ASUNCION 2395;2395 ASUNCION
-58.4905102750192;-34.5858114005249;2336;NOVIEMBRE;31 AL 05;2 Y 3;SALVADOR MARIA DEL CARRIL;2215;FINALIZADO;CARRIL, SALVADOR MARIA DEL AV. 2215;2215 CARRIL, SALVADOR MARIA DEL AV.
-58.4911626281796;-34.5862227308534;2337;NOVIEMBRE;31 AL 05;2 Y 3;SALVADOR MARIA DEL CARRIL;2273;FINALIZADO;CARRIL, SALVADOR MARIA DEL AV. 2273;2273 CARRIL, SALVADOR MARIA DEL AV.
-58.4914829215834;-34.58642467482;2338;NOVIEMBRE;31 AL 05;2 Y 3;SALVADOR MARIA DEL CARRIL;2301;FINALIZADO;CARRIL, SALVADOR MARIA DEL AV. 2301;2301 CARRIL, SALVADOR MARIA DEL AV.
-58.4907977540572;-34.5859926690685;2339;NOVIEMBRE;31 AL 05;2 Y 3;SALVADOR MARIA DEL CARRIL;2241;FINALIZADO;CARRIL, SALVADOR MARIA DEL AV. 2241;2241 CARRIL, SALVADOR MARIA DEL AV.
-58.516412361231;-34.6197353658706;2340;NOVIEMBRE;31 AL 05;4;BAIGORRIA Y COLIQUEO;;FINALIZADO;BAIGORRIA Y COLIQUEO;BAIGORRIA & COLIQUEO
-58.5166825090568;-34.6139696902769;2341;NOVIEMBRE;31 AL 05;4;PEDRO LOZANO Y BERMUDEZ;;FINALIZADO;LOZANO, PEDRO Y BERMUDEZ;LOZANO, PEDRO & BERMUDEZ
-58.5174152462794;-34.6165626259446;2342;NOVIEMBRE;31 AL 05;4;DIEGO ROJAS Y NAZARRE;;FINALIZADO;ROJAS, DIEGO DE Y NAZARRE;ROJAS, DIEGO DE & NAZARRE
-58.4669905659149;-34.636657686488;2343;NOVIEMBRE;31 AL 05;5 Y 6;TANDIL Y SAN PEDRITO;;FINALIZADO;TANDIL Y SAN PEDRITO AV.;TANDIL & SAN PEDRITO AV.
-58.4685194453475;-34.637109820272;2344;NOVIEMBRE;31 AL 05;5 Y 6;TANDIL Y QUIRNO;;FINALIZADO;TANDIL Y QUIRNO;TANDIL & QUIRNO
-58.4697225002951;-34.6374653306734;2345;NOVIEMBRE;31 AL 05;5 Y 6;TANDIL Y JOSE MARTI;;FINALIZADO;TANDIL Y MARTI, JOSE;TANDIL & MARTI, JOSE
-58.4565423904866;-34.6296463882436;2346;NOVIEMBRE;31 AL 05;5 Y 6;ALBERDI Y LAUTARO;;FINALIZADO;ALBERDI, JUAN BAUTISTA AV. Y LAUTARO;ALBERDI, JUAN BAUTISTA AV. & LAUTARO
-58.4429251740999;-34.6293521139904;2347;NOVIEMBRE;31 AL 05;5 Y 6;DIRECTORIO Y EMILIO MITRE;;FINALIZADO;DIRECTORIO AV. Y MITRE, EMILIO;DIRECTORIO AV. & MITRE, EMILIO
-58.4702104610747;-34.6363292790036;2348;NOVIEMBRE;31 AL 05;5 Y 6;DIRECTORIO Y JOSE MARTI;;FINALIZADO;DIRECTORIO AV. Y MARTI, JOSE;DIRECTORIO AV. & MARTI, JOSE
-58.4690224166167;-34.6359748289434;2349;NOVIEMBRE;31 AL 05;5 Y 6;DIRECTORIO Y QUIRNO;;FINALIZADO;DIRECTORIO AV. Y QUIRNO;DIRECTORIO AV. & QUIRNO
-58.4417593625345;-34.629181702442;2350;NOVIEMBRE;31 AL 05;5 Y 6;DIRECTORIO Y CACHIMAYO;;FINALIZADO;DIRECTORIO AV. Y CACHIMAYO;DIRECTORIO AV. & CACHIMAYO
-58.4149460285822;-34.6222782853895;2351;NOVIEMBRE;31 AL 05;5 Y 6;MAZA Y ESTADOS UNIDOS;;FINALIZADO;MAZA Y ESTADOS UNIDOS;MAZA & ESTADOS UNIDOS
-58.4116345039232;-34.6316978944443;2352;NOVIEMBRE;31 AL 05;5 Y 6;SANCHEZ DE LORIA Y INCLAN;;FINALIZADO;SANCHEZ DE LORIA E INCLAN;SANCHEZ DE LORIA & INCLAN
-58.4240406830125;-34.6215411272149;2353;NOVIEMBRE;31 AL 05;5 Y 6;INDEPENDENCIA Y 33 ORIENTALES;;FINALIZADO;INDEPENDENCIA AV. Y TREINTA Y TRES ORIENTALES;INDEPENDENCIA AV. & TREINTA Y TRES ORIENTALES
-58.4305310114266;-34.6049229051652;2354;NOVIEMBRE;31 AL 05;5 Y 6;BOGADO Y LAMBARE;;FINALIZADO;BOGADO Y LAMBARE;BOGADO & LAMBARE
-58.414558462863;-34.6364902962247;2355;NOVIEMBRE;31 AL 05;5 Y 6;CHICLANA Y ALZAGA;;FINALIZADO;CHICLANA AV. Y ALZAGA;CHICLANA AV. & ALZAGA
-58.4243858551029;-34.6367775214664;2356;NOVIEMBRE;31 AL 05;5 Y 6;LA PLATA Y SARAZA;;FINALIZADO;LA PLATA AV. Y SARAZA;LA PLATA AV. & SARAZA
-58.4209177677925;-34.6397418296055;2357;NOVIEMBRE;31 AL 05;5 Y 6;CASEROS Y PIROVANO;;FINALIZADO;CASEROS AV. Y PIROVANO;CASEROS AV. & PIROVANO
-58.4228458237803;-34.6378910783842;2358;NOVIEMBRE;31 AL 05;5 Y 6;RONDEAU Y MUÑIZ;;FINALIZADO;RONDEAU Y MUÑIZ;RONDEAU & MUÑIZ
-58.4293547125289;-34.6336464970967;2359;NOVIEMBRE;31 AL 05;7;VIEL;1443;FINALIZADO;VIEL 1443;1443 VIEL
-58.45248595537;-34.6355349431198;2360;NOVIEMBRE;31 AL 05;7;CARABOBO;801;FINALIZADO;CARABOBO AV. 801;801 CARABOBO AV.
-58.4522373634698;-34.6360400969011;2361;NOVIEMBRE;31 AL 05;7;CARABOBO;857;FINALIZADO;CARABOBO AV. 857;857 CARABOBO AV.
-58.4519958177511;-34.6361481241181;2362;NOVIEMBRE;31 AL 05;7;CARABOBO;876;FINALIZADO;CARABOBO AV. 876;876 CARABOBO AV.
-58.4518595319255;-34.6364250587703;2363;NOVIEMBRE;31 AL 05;7;CARABOBO;898;FINALIZADO;CARABOBO AV. 898;898 CARABOBO AV.
-58.452008205164;-34.6365057539722;2364;NOVIEMBRE;31 AL 05;7;CARABOBO;899;FINALIZADO;CARABOBO AV. 899;899 CARABOBO AV.
-58.4519899996983;-34.6365427457591;2365;NOVIEMBRE;31 AL 05;7;CARABOBO;901;FINALIZADO;CARABOBO AV. 901;901 CARABOBO AV.
-58.4518283577522;-34.6364884053165;2366;NOVIEMBRE;31 AL 05;7;CARABOBO;902;FINALIZADO;CARABOBO AV. 902;902 CARABOBO AV.
-58.4533133179191;-34.6362317977303;2367;NOVIEMBRE;31 AL 05;7;LAUTARO;866;FINALIZADO;LAUTARO 866;866 LAUTARO
-58.4426979009563;-34.6311996182058;2368;NOVIEMBRE;31 AL 05;7;FERNANDEZ MORENO;1119;FINALIZADO;FERNANDEZ MORENO, BALDOMERO 1119;1119 FERNANDEZ MORENO, BALDOMERO
-58.4482539955776;-34.6329147041089;2369;NOVIEMBRE;31 AL 05;7;MALVINAS ARGENTINAS;791;FINALIZADO;MALVINAS ARGENTINAS 791;791 MALVINAS ARGENTINAS
-58.4540467927889;-34.6347926254897;2370;NOVIEMBRE;31 AL 05;7;FERNANDEZ MORENO;2099;FINALIZADO;FERNANDEZ MORENO, BALDOMERO 2099;2099 FERNANDEZ MORENO, BALDOMERO
-58.4541128708433;-34.6348137234979;2371;NOVIEMBRE;31 AL 05;7;FERNANDEZ MORENO;2101;FINALIZADO;FERNANDEZ MORENO, BALDOMERO 2101;2101 FERNANDEZ MORENO, BALDOMERO
-58.4550440318691;-34.6351314196487;2372;NOVIEMBRE;31 AL 05;7;CAMACUA;698;FINALIZADO;CAMACUA 698;698 CAMACUA
-58.45516876423;-34.6352628192378;2373;NOVIEMBRE;31 AL 05;7;CAMACUA;701;FINALIZADO;CAMACUA 701;701 CAMACUA
-58.4550387762967;-34.63526396875;2374;NOVIEMBRE;31 AL 05;7;FERNANDEZ MORENO;2200;FINALIZADO;FERNANDEZ MORENO, BALDOMERO 2200;2200 FERNANDEZ MORENO, BALDOMERO
-58.455167638169;-34.6351497845672;2375;NOVIEMBRE;31 AL 05;7;FERNANDEZ MORENO;2201;FINALIZADO;FERNANDEZ MORENO, BALDOMERO 2201;2201 FERNANDEZ MORENO, BALDOMERO
-58.4554318491438;-34.6373388355347;2376;NOVIEMBRE;31 AL 05;7;ESPARTACO;875;FINALIZADO;ESPARTACO 875;875 ESPARTACO
-58.4552588275875;-34.6372856543737;2377;NOVIEMBRE;31 AL 05;7;ESPARTACO;882;FINALIZADO;ESPARTACO 882;882 ESPARTACO
-58.4555079598638;-34.6374228034686;2378;NOVIEMBRE;31 AL 05;7;CARLOS ORTIZ;878;FINALIZADO;ORTIZ, CARLOS 878;878 ORTIZ, CARLOS
-58.4556424718717;-34.6375146837827;2379;NOVIEMBRE;31 AL 05;7;CARLOS ORTIZ;877;FINALIZADO;ORTIZ, CARLOS 877;877 ORTIZ, CARLOS
-58.4559294582589;-34.637614631745;2380;NOVIEMBRE;31 AL 05;7;JUAN JOSE NAON;865;FINALIZADO;NAON, JUAN JOSE 865;865 NAON, JUAN JOSE
-58.4557039021767;-34.6376137931741;2381;NOVIEMBRE;31 AL 05;7;JUAN JOSE NAON;882;FINALIZADO;NAON, JUAN JOSE 882;882 NAON, JUAN JOSE
-58.4559160385449;-34.6378393235233;2382;NOVIEMBRE;31 AL 05;7;MEMBRILLAR;860;FINALIZADO;MEMBRILLAR 860;860 MEMBRILLAR
-58.4558352408974;-34.6379220868464;2383;NOVIEMBRE;31 AL 05;7;MEMBRILLAR;870;FINALIZADO;MEMBRILLAR 870;870 MEMBRILLAR
-58.457333124353;-34.6391032110064;2384;NOVIEMBRE;31 AL 05;7;PEDERNERA;946;FINALIZADO;PEDERNERA 946;946 PEDERNERA
-58.4572831191061;-34.6391440744269;2385;NOVIEMBRE;31 AL 05;7;PEDERNERA;950;FINALIZADO;PEDERNERA 950;950 PEDERNERA
-58.4566503055571;-34.6385154742948;2386;NOVIEMBRE;31 AL 05;7;RODRIGUEZ IGNACIO;2407;FINALIZADO;RODRIGUEZ, IGNACIO F. 2407;2407 RODRIGUEZ, IGNACIO F.
-58.4565292763908;-34.6386193789084;2387;NOVIEMBRE;31 AL 05;7;RODRIGUEZ IGNACIO;2408;FINALIZADO;RODRIGUEZ, IGNACIO F. 2408;2408 RODRIGUEZ, IGNACIO F.
-58.4593535019958;-34.6416435040539;2388;NOVIEMBRE;31 AL 05;7;RECUERO CASIMIRO;2913;FINALIZADO;RECUERO, CASIMIRO, TTE. CNEL. 2913;2913 RECUERO, CASIMIRO, TTE. CNEL.
-58.4592245611705;-34.6415522838839;2389;NOVIEMBRE;31 AL 05;7;RECUERO CASIMIRO;2895;FINALIZADO;RECUERO, CASIMIRO, TTE. CNEL. 2895;2895 RECUERO, CASIMIRO, TTE. CNEL.
-58.4591227439198;-34.6416701043058;2390;NOVIEMBRE;31 AL 05;7;RECUERO CASIMIRO;2898;FINALIZADO;RECUERO, CASIMIRO, TTE. CNEL. 2898;2898 RECUERO, CASIMIRO, TTE. CNEL.
-58.4592249881492;-34.641721613066;2391;NOVIEMBRE;31 AL 05;7;PILLADO;1107;FINALIZADO;PILLADO 1107;1107 PILLADO
-58.4598750820561;-34.6419219778243;2392;NOVIEMBRE;31 AL 05;7;CASTAÑON;1092;FINALIZADO;CASTAÑON 1092;1092 CASTAÑON
-58.4652986673874;-34.6415178311499;2393;NOVIEMBRE;31 AL 05;7;QUIRNO;850;FINALIZADO;QUIRNO 850;850 QUIRNO
-58.466411517497;-34.6422262412513;2394;NOVIEMBRE;31 AL 05;7;JOSE MARTI;950;FINALIZADO;MARTI, JOSE 950;950 MARTI, JOSE
-58.4663463283516;-34.6422778667585;2395;NOVIEMBRE;31 AL 05;7;JOSE MARTI;954;FINALIZADO;MARTI, JOSE 954;954 MARTI, JOSE
-58.4639042493382;-34.6443209836641;2396;NOVIEMBRE;31 AL 05;7;EVA PERON;3401;FINALIZADO;PERON, EVA AV. 3401;3401 PERON, EVA AV.
-58.4638431370536;-34.6442599892888;2397;NOVIEMBRE;31 AL 05;7;JOSE MARTI;1194;FINALIZADO;MARTI, JOSE 1194;1194 MARTI, JOSE
-58.4637543108463;-34.6443303273323;2398;NOVIEMBRE;31 AL 05;7;JOSE MARTI;1202;FINALIZADO;MARTI, JOSE 1202;1202 MARTI, JOSE
-58.4632347229866;-34.6447407296793;2399;NOVIEMBRE;31 AL 05;7;JOSE MARTI;1302;FINALIZADO;MARTI, JOSE 1302;1302 MARTI, JOSE
-58.4642560940331;-34.6453816369986;2400;NOVIEMBRE;31 AL 05;7;PORTELA;1291;FINALIZADO;PORTELA 1291;1291 PORTELA
-58.4640959278408;-34.6453073386654;2401;NOVIEMBRE;31 AL 05;7;PORTELA;1298;FINALIZADO;PORTELA 1298;1298 PORTELA
-58.4640388061391;-34.6453506406003;2402;NOVIEMBRE;31 AL 05;7;PORTELA;1302;FINALIZADO;PORTELA 1302;1302 PORTELA
-58.4638064600807;-34.6457224567861;2403;NOVIEMBRE;31 AL 05;7;PORTELA;1353;FINALIZADO;PORTELA 1353;1353 PORTELA
-58.4637390935935;-34.6457735185925;2404;NOVIEMBRE;31 AL 05;7;PORTELA;1363;FINALIZADO;PORTELA 1363;1363 PORTELA
-58.463119255783;-34.6474722083549;2405;NOVIEMBRE;31 AL 05;7;DELLEPIANE;3490;FINALIZADO;DELLEPIANE, LUIS, TTE. GRAL. 3490;3490 DELLEPIANE, LUIS, TTE. GRAL.
-58.4639881063688;-34.649199217828;2407;NOVIEMBRE;31 AL 05;7;LEVALLE;1706;FINALIZADO;LEVALLE, NICOLAS, TTE.GRAL. 1706;1706 LEVALLE, NICOLAS, TTE.GRAL.
-58.4405481426203;-34.6434955443062;2408;NOVIEMBRE;31 AL 05;7;PUAN;2005;FINALIZADO;PUAN 2005;2005 PUAN
-58.4399621291465;-34.6445767239242;2409;NOVIEMBRE;31 AL 05;7;PUAN;2092;FINALIZADO;PUAN 2092;2092 PUAN
-58.4398756027643;-34.6447919367008;2410;NOVIEMBRE;31 AL 05;7;SOMELLERA;1994;FINALIZADO;SOMELLERA 1994;1994 SOMELLERA
-58.4400996487802;-34.644697619761;2411;NOVIEMBRE;31 AL 05;7;PUAN;2097;FINALIZADO;PUAN 2097;2097 PUAN
-58.4393431053435;-34.6445217328747;2412;NOVIEMBRE;31 AL 05;7;SOMELLERA;1947;FINALIZADO;SOMELLERA 1947;1947 SOMELLERA
-58.4394546105078;-34.6445469926387;2413;NOVIEMBRE;31 AL 05;7;SOMELLERA;1955;FINALIZADO;SOMELLERA 1955;1955 SOMELLERA
-58.4393216121678;-34.6446664113884;2414;NOVIEMBRE;31 AL 05;7;SOMELLERA;1950;FINALIZADO;SOMELLERA 1950;1950 SOMELLERA
-58.4394822242817;-34.6447028021341;2415;NOVIEMBRE;31 AL 05;7;SOMELLERA;1962;FINALIZADO;SOMELLERA 1962;1962 SOMELLERA
-58.4384645941262;-34.6449465548092;2416;NOVIEMBRE;31 AL 05;7;MIRAFLORES;2146;FINALIZADO;MIRAFLORES 2146;2146 MIRAFLORES
-58.4386152031939;-34.6450331041587;2417;NOVIEMBRE;31 AL 05;7;MIRAFLORES;2149;FINALIZADO;MIRAFLORES 2149;2149 MIRAFLORES
-58.4385945017582;-34.6450895300704;2418;NOVIEMBRE;31 AL 05;7;MIRAFLORES;2153;FINALIZADO;MIRAFLORES 2153;2153 MIRAFLORES
-58.4384111556274;-34.645092212195;2419;NOVIEMBRE;31 AL 05;7;MIRAFLORES;2158;FINALIZADO;MIRAFLORES 2158;2158 MIRAFLORES
-58.4737109086185;-34.5392803552001;2420;NOVIEMBRE;31 AL 05;7;VEDIA;2297;FINALIZADO;VEDIA 2297;2297 VEDIA
-58.4346804162815;-34.6462105167606;2421;NOVIEMBRE;31 AL 05;7;RIESTRA;1788;FINALIZADO;RIESTRA AV. 1788;1788 RIESTRA AV.
-58.4349565766414;-34.6463337950621;2422;NOVIEMBRE;31 AL 05;7;RIESTRA;1802;FINALIZADO;RIESTRA AV. 1802;1802 RIESTRA AV.
-58.4343290483293;-34.6427640891276;2423;NOVIEMBRE;31 AL 05;7;DIEZ DE MEDINA;1393;FINALIZADO;DIEZ DE MEDINA, CLEMENTE 1393;1393 DIEZ DE MEDINA, CLEMENTE
-58.4343173298211;-34.6429102254343;2424;NOVIEMBRE;31 AL 05;7;DIEZ DE MEDINA;1396;FINALIZADO;DIEZ DE MEDINA, CLEMENTE 1396;1396 DIEZ DE MEDINA, CLEMENTE
-58.4345629245245;-34.6427859507721;2425;NOVIEMBRE;31 AL 05;7;MOM;2043;FINALIZADO;MOM 2043;2043 MOM
-58.4328958148902;-34.6427731852976;2426;NOVIEMBRE;31 AL 05;7;PICHEUTA;2069;FINALIZADO;PICHEUTA 2069;2069 PICHEUTA
-58.4329542792978;-34.6424851612856;2427;NOVIEMBRE;31 AL 05;7;DIEZ DE MEDINA;1301;FINALIZADO;DIEZ DE MEDINA, CLEMENTE 1301;1301 DIEZ DE MEDINA, CLEMENTE
-58.3827180207178;-34.5967356500734;2428;NOVIEMBRE;31 AL 05;8;MARCELO T DE ALVEAR;1101;FINALIZADO;ALVEAR, MARCELO T. DE 1101;1101 ALVEAR, MARCELO T. DE
-58.3873660320337;-34.6188571109132;2429;NOVIEMBRE;31 AL 05;8;ESTADOS UNIDOS;1500;FINALIZADO;ESTADOS UNIDOS 1500;1500 ESTADOS UNIDOS
-58.4732118774363;-34.6297088761518;2430;NOVIEMBRE;31 AL 05;8;VENANCIO FLORES;3101;FINALIZADO;FLORES, VENANCIO, GRAL. 3101;3101 FLORES, VENANCIO, GRAL.
-58.4732237547144;-34.6294246782199;2431;NOVIEMBRE;31 AL 05;8;HELGUERA;153;FINALIZADO;HELGUERA 153;153 HELGUERA
-58.4656750419241;-34.6257871015272;2432;NOVIEMBRE;31 AL 05;8;BOGOTA;2502;FINALIZADO;BOGOTA 2502;2502 BOGOTA
-58.4708905709822;-34.6247183794283;2433;NOVIEMBRE;31 AL 05;8;TERRADA;606;FINALIZADO;TERRADA 606;606 TERRADA
-58.3842448835154;-34.597145227672;2434;NOVIEMBRE;31 AL 05;8;LIBERTAD;982;FINALIZADO;LIBERTAD 982;982 LIBERTAD
-58.3838958539889;-34.5981357697938;2435;NOVIEMBRE;31 AL 05;8;PARAGUAY;1190;FINALIZADO;PARAGUAY 1190;1190 PARAGUAY
-58.3841581381829;-34.5981572095172;2436;NOVIEMBRE;31 AL 05;8;PARAGUAY;1204;FINALIZADO;PARAGUAY 1204;1204 PARAGUAY
-58.3854579893483;-34.5981362982084;2437;NOVIEMBRE;31 AL 05;8;TALCAHUANO;901;FINALIZADO;TALCAHUANO 901;901 TALCAHUANO
-58.4736548186959;-34.5546902658266;2438;NOVIEMBRE;31 AL 05;9;JUANA AZURDUY Y PINTO;;FINALIZADO;AZURDUY JUANA Y PINTO;AZURDUY JUANA & PINTO
-58.4824582094735;-34.5567689705993;2439;NOVIEMBRE;31 AL 05;9;LARRALDE Y ESTOMBA;;FINALIZADO;LARRALDE, CRISOLOGO AV. Y ESTOMBA;LARRALDE, CRISOLOGO AV. & ESTOMBA
-58.476843175964;-34.5573583695266;2440;NOVIEMBRE;31 AL 05;9;MANUELA PEDRAZA Y ROUE PEREZ;;FINALIZADO;PEDRAZA, MANUELA Y PEREZ, ROQUE;PEDRAZA, MANUELA & PEREZ, ROQUE
-58.4740725038609;-34.5558809147207;2441;NOVIEMBRE;31 AL 05;9;MANUELA PEDRAZA Y FREIRE;;FINALIZADO;PEDRAZA, MANUELA Y FREIRE, RAMON, CAP. GRAL.;PEDRAZA, MANUELA & FREIRE, RAMON, CAP. GRAL.
-58.4986811979417;-34.6128989035667;2442;NOVIEMBRE;31 AL 05;10;ARREGUI;4000;FINALIZADO;ARREGUI 4000;4000 ARREGUI
-58.4988487980427;-34.6128197160368;2443;NOVIEMBRE;31 AL 05;10;ARREGUI;4001;FINALIZADO;ARREGUI 4001;4001 ARREGUI
-58.504502704972;-34.6131179728932;2444;NOVIEMBRE;31 AL 05;10;SANABRIA;2501;FINALIZADO;SANABRIA 2501;2501 SANABRIA
-58.5044535065676;-34.6131724651886;2445;NOVIEMBRE;31 AL 05;10;SANABRIA;2497;FINALIZADO;SANABRIA 2497;2497 SANABRIA
-58.5027943352742;-34.6135662792109;2446;NOVIEMBRE;31 AL 05;10;GUALEGUAYCHU;2317;FINALIZADO;GUALEGUAYCHU 2317;2317 GUALEGUAYCHU
-58.5037100715041;-34.6127632901523;2447;NOVIEMBRE;31 AL 05;10;GUALEGUAYCHU;2398;FINALIZADO;GUALEGUAYCHU 2398;2398 GUALEGUAYCHU
-58.5038005605054;-34.6126589827123;2448;NOVIEMBRE;31 AL 05;10;GUALEGUAYCHU;2404;FINALIZADO;GUALEGUAYCHU 2404;2404 GUALEGUAYCHU
-58.5035068523196;-34.6126452229687;2449;NOVIEMBRE;31 AL 05;10;MARCOS SASTRE;4292;FINALIZADO;SASTRE, MARCOS 4292;4292 SASTRE, MARCOS
-58.5025986337363;-34.6119258235359;2450;NOVIEMBRE;31 AL 05;10;MARCOS SASTRE;4205;FINALIZADO;SASTRE, MARCOS 4205;4205 SASTRE, MARCOS
-58.5024495897096;-34.6120147684592;2451;NOVIEMBRE;31 AL 05;10;MARCOS SASTRE;4202;FINALIZADO;SASTRE, MARCOS 4202;4202 SASTRE, MARCOS
-58.5023255660457;-34.6119766851714;2452;NOVIEMBRE;31 AL 05;10;MERCEDES;2495;FINALIZADO;MERCEDES 2495;2495 MERCEDES
-58.5015848248066;-34.6114637490499;2453;NOVIEMBRE;31 AL 05;10;CHIVILCOY;2400;FINALIZADO;CHIVILCOY 2400;2400 CHIVILCOY
-58.501692703141;-34.6113866453536;2454;NOVIEMBRE;31 AL 05;10;MARCOS SASTRE;4109;FINALIZADO;SASTRE, MARCOS 4109;4109 SASTRE, MARCOS
-58.5014225990106;-34.6114038606351;2455;NOVIEMBRE;31 AL 05;10;CHIVILCOY;2397;FINALIZADO;CHIVILCOY 2397;2397 CHIVILCOY
-58.5014073610942;-34.6131658978741;2456;NOVIEMBRE;31 AL 05;10;SANTO TOME;4198;FINALIZADO;SANTO TOME 4198;4198 SANTO TOME
-58.5015260763918;-34.6130585488376;2457;NOVIEMBRE;31 AL 05;10;SANTO TOME;4199;FINALIZADO;SANTO TOME 4199;4199 SANTO TOME
-58.5015906255502;-34.6130959327983;2458;NOVIEMBRE;31 AL 05;10;SANTO TOME;4201;FINALIZADO;SANTO TOME 4201;4201 SANTO TOME
-58.5027554127225;-34.6137762269342;2459;NOVIEMBRE;31 AL 05;10;SANTO TOME;4301;FINALIZADO;SANTO TOME 4301;4301 SANTO TOME
-58.5025493079294;-34.6138330597866;2460;NOVIEMBRE;31 AL 05;10;SANTO TOME;4296;FINALIZADO;SANTO TOME 4296;4296 SANTO TOME
-58.5035250697139;-34.6142192156322;2461;NOVIEMBRE;31 AL 05;10;SANTO TOME;4395;FINALIZADO;SANTO TOME 4395;4395 SANTO TOME
-58.5036190758785;-34.6143378080068;2462;NOVIEMBRE;31 AL 05;10;SANABRIA;2402;FINALIZADO;SANABRIA 2402;2402 SANABRIA
-58.5035825607206;-34.614381983916;2463;NOVIEMBRE;31 AL 05;10;SANABRIA;2398;FINALIZADO;SANABRIA 2398;2398 SANABRIA
-58.5065873162648;-34.6135584781069;2464;NOVIEMBRE;31 AL 05;10;SEGUROLA;2455;FINALIZADO;SEGUROLA AV. 2455;2455 SEGUROLA AV.
-58.5064916380027;-34.6136583829416;2465;NOVIEMBRE;31 AL 05;10;SEGUROLA;2445;FINALIZADO;SEGUROLA AV. 2445;2445 SEGUROLA AV.
-58.5052043712483;-34.6125792146238;2466;NOVIEMBRE;31 AL 05;10;SANABRIA;2568;FINALIZADO;SANABRIA 2568;2568 SANABRIA
-58.5031817399349;-34.6148939575605;2467;NOVIEMBRE;31 AL 05;10;SANABRIA;2340;FINALIZADO;SANABRIA 2340;2340 SANABRIA
-58.5062236859763;-34.6141708795168;2468;NOVIEMBRE;31 AL 05;10;SEGUROLA;2400;FINALIZADO;SEGUROLA AV. 2400;2400 SEGUROLA AV.
-58.4987489653683;-34.6129379947909;2469;NOVIEMBRE;31 AL 05;10;ARREGUI;4002;FINALIZADO;ARREGUI 4002;4002 ARREGUI
-58.4988899198871;-34.6146917590611;2470;NOVIEMBRE;31 AL 05;10;LASCANO;4108;FINALIZADO;LASCANO 4108;4108 LASCANO
-58.5026709878782;-34.61667265387;2471;NOVIEMBRE;31 AL 05;10;LASCANO;4449;FINALIZADO;LASCANO 4449;4449 LASCANO
-58.5048515963756;-34.6153743935057;2472;NOVIEMBRE;31 AL 05;10;SEGUROLA;2271;FINALIZADO;SEGUROLA AV. 2271;2271 SEGUROLA AV.
-58.5034254490285;-34.6143376169555;2473;NOVIEMBRE;31 AL 05;10;SANTO TOME;4396;FINALIZADO;SANTO TOME 4396;4396 SANTO TOME
-58.5056776707979;-34.6183986090444;2474;NOVIEMBRE;31 AL 05;10;LASCANO;4702;FINALIZADO;LASCANO 4702;4702 LASCANO
-58.5052483193606;-34.6180060922028;2475;NOVIEMBRE;31 AL 05;10;LASCANO;4657;FINALIZADO;LASCANO 4657;4657 LASCANO
-58.5051142853162;-34.6178919749654;2476;NOVIEMBRE;31 AL 05;10;ALEJANDRO MOHR;2307;FINALIZADO;MOHR, ALEJANDRO 2307;2307 MOHR, ALEJANDRO
-58.5051775753564;-34.6181397120188;2477;NOVIEMBRE;31 AL 05;10;LASCANO;4660;FINALIZADO;LASCANO 4660;4660 LASCANO
-58.5049988874642;-34.6180467112941;2478;NOVIEMBRE;31 AL 05;10;LASCANO;4646;FINALIZADO;LASCANO 4646;4646 LASCANO
-58.5043303429492;-34.6176789787767;2479;NOVIEMBRE;31 AL 05;10;MARCOS PAZ;2297;FINALIZADO;PAZ, MARCOS 2297;2297 PAZ, MARCOS
-58.5044677418207;-34.6176085238428;2480;NOVIEMBRE;31 AL 05;10;LASCANO;4599;FINALIZADO;LASCANO 4599;4599 LASCANO
-58.5044983575176;-34.6177915056308;2481;NOVIEMBRE;31 AL 05;10;LASCANO;4608;FINALIZADO;LASCANO 4608;4608 LASCANO
-58.504620416403;-34.6176154991225;2482;NOVIEMBRE;31 AL 05;10;MARCOS PAZ;2312;FINALIZADO;PAZ, MARCOS 2312;2312 PAZ, MARCOS
-58.5036188133051;-34.6173436475584;2483;NOVIEMBRE;31 AL 05;10;LASCANO;4530;FINALIZADO;LASCANO 4530;4530 LASCANO
-58.5037515595148;-34.6175541539868;2484;NOVIEMBRE;31 AL 05;10;BOMBAY;2286;FINALIZADO;BOMBAY 2286;2286 BOMBAY
-58.525363672405;-34.6047210991534;2485;NOVIEMBRE;31 AL 05;11;LASTRA;4398;FINALIZADO;LASTRA AV. 4398;4398 LASTRA AV.
-58.5244672584802;-34.6028107401527;2486;NOVIEMBRE;31 AL 05;11;RICARDO GUTIERREZ;4889;FINALIZADO;GUTIERREZ, RICARDO 4889;4889 GUTIERREZ, RICARDO
-58.5206921728871;-34.6025789065719;2487;NOVIEMBRE;31 AL 05;11;BENITO JUAREZ;4280;FINALIZADO;JUAREZ, BENITO 4280;4280 JUAREZ, BENITO
-58.5207292435498;-34.6025378140037;2488;NOVIEMBRE;31 AL 05;11;BENITO JUAREZ;4286;FINALIZADO;JUAREZ, BENITO 4286;4286 JUAREZ, BENITO
-58.5205004580416;-34.6027914279777;2489;NOVIEMBRE;31 AL 05;11;BENITO JUAREZ;4201;FINALIZADO;JUAREZ, BENITO 4201;4201 JUAREZ, BENITO
-58.5200420244486;-34.6030585271369;2490;NOVIEMBRE;31 AL 05;11;BENITO JUAREZ;4199;FINALIZADO;JUAREZ, BENITO 4199;4199 JUAREZ, BENITO
-58.5116000127157;-34.5966514951312;2491;NOVIEMBRE;31 AL 05;11;HABANA;3815;FINALIZADO;HABANA 3815;3815 HABANA
-58.5065542335527;-34.5952796313657;2492;NOVIEMBRE;31 AL 05;11;CONCORDIA;4170;FINALIZADO;CONCORDIA 4170;4170 CONCORDIA
-58.5063138133238;-34.5953041969177;2493;NOVIEMBRE;31 AL 05;11;CONCORDIA;4145;FINALIZADO;CONCORDIA 4145;4145 CONCORDIA
-58.5083542452804;-34.5954224121063;2494;NOVIEMBRE;31 AL 05;11;GUTEMBERG;3598;FINALIZADO;GUTENBERG 3598;3598 GUTENBERG
-58.5002340070549;-34.5707651790201;2495;NOVIEMBRE;31 AL 05;12;LAVOISIER;3298;FINALIZADO;LAVOISIER 3298;3298 LAVOISIER
-58.5001522164476;-34.5706068505993;2496;NOVIEMBRE;31 AL 05;12;LAVOISIER;3301;FINALIZADO;LAVOISIER 3301;3301 LAVOISIER
-58.500297176525;-34.5706870020547;2497;NOVIEMBRE;31 AL 05;12;LAVOISIER;3302;FINALIZADO;LAVOISIER 3302;3302 LAVOISIER
-58.4978230512451;-34.5737489072203;2498;NOVIEMBRE;31 AL 05;12;LAVOISIER;3002;FINALIZADO;LAVOISIER 3002;3002 LAVOISIER
-58.4726868402936;-34.5478276353908;2499;NOVIEMBRE;31 AL 05;12;MOLDES Y PAROISSIEN;;FINALIZADO;MOLDES Y PAROISSIEN;MOLDES & PAROISSIEN
-58.4739054445555;-34.5453583293905;2500;NOVIEMBRE;31 AL 05;12;RUIZ HUIDOBRO Y MOLDES;;FINALIZADO;RUIZ HUIDOBRO Y MOLDES;RUIZ HUIDOBRO & MOLDES
-58.4731009068233;-34.5469849572642;2501;NOVIEMBRE;31 AL 05;12;VILELA Y MOLDES;;FINALIZADO;VILELA Y MOLDES;VILELA & MOLDES
-58.5058001274084;-34.5845107076621;2502;NOVIEMBRE;31 AL 05;12;ARGERICH Y LADINES;;FINALIZADO;ARGERICH Y LADINES;ARGERICH & LADINES
-58.4887370745987;-34.6390054895215;2503;NOVIEMBRE;31 AL 05;14;CHECOSLOVAQUIA;4404;FINALIZADO;CHECOSLOVAQUIA 4404;4404 CHECOSLOVAQUIA
-58.4885400582757;-34.6390297239866;2504;NOVIEMBRE;31 AL 05;14;CHECOSLOVAQUIA;4395;FINALIZADO;CHECOSLOVAQUIA 4395;4395 CHECOSLOVAQUIA
-58.4884700700194;-34.6391618446813;2505;NOVIEMBRE;31 AL 05;14;CHECOSLOVAQUIA;4396;FINALIZADO;CHECOSLOVAQUIA 4396;4396 CHECOSLOVAQUIA
-58.480457088967;-34.6274402847757;2506;NOVIEMBRE;31 AL 05;14;ARANGUREN;3610;FINALIZADO;ARANGUREN, JUAN F., DR. 3610;3610 ARANGUREN, JUAN F., DR.
-58.4804274414921;-34.6272815117079;2507;NOVIEMBRE;31 AL 05;14;ARANGUREN;3601;FINALIZADO;ARANGUREN, JUAN F., DR. 3601;3601 ARANGUREN, JUAN F., DR.
-58.4803427472273;-34.6272596190864;2508;NOVIEMBRE;31 AL 05;14;ARANGUREN;3597;FINALIZADO;ARANGUREN, JUAN F., DR. 3597;3597 ARANGUREN, JUAN F., DR.
-58.4813568874125;-34.6276704630516;2509;NOVIEMBRE;31 AL 05;14;ARANGUREN;3698;FINALIZADO;ARANGUREN, JUAN F., DR. 3698;3698 ARANGUREN, JUAN F., DR.
-58.4814520188206;-34.6276947802718;2510;NOVIEMBRE;31 AL 05;14;ARANGUREN;3702;FINALIZADO;ARANGUREN, JUAN F., DR. 3702;3702 ARANGUREN, JUAN F., DR.
-58.4813879920202;-34.6275274450936;2511;NOVIEMBRE;31 AL 05;14;ARANGUREN;3695;FINALIZADO;ARANGUREN, JUAN F., DR. 3695;3695 ARANGUREN, JUAN F., DR.
-58.4815035649388;-34.6275569870903;2512;NOVIEMBRE;31 AL 05;14;ARANGUREN;3701;FINALIZADO;ARANGUREN, JUAN F., DR. 3701;3701 ARANGUREN, JUAN F., DR.
-58.4850616668459;-34.6373110263605;2513;NOVIEMBRE;31 AL 05;14;RAFAELA;4157;FINALIZADO;RAFAELA 4157;4157 RAFAELA
-58.4778797261796;-34.5970880860602;2514;NOVIEMBRE;31 AL 05;15;WARNES Y CHORROARIN;;FINALIZADO;WARNES AV. Y CHORROARIN;WARNES AV. & CHORROARIN
-58.4734413514751;-34.5969698336626;2515;NOVIEMBRE;31 AL 05;15;WARNES;2552;FINALIZADO;WARNES AV. 2552;2552 WARNES AV.
-58.4767512607841;-34.5969906849727;2516;NOVIEMBRE;31 AL 05;15;WARNES;2707;FINALIZADO;WARNES AV. 2707;2707 WARNES AV.
-58.4516519521208;-34.5858436559375;2517;NOVIEMBRE;31 AL 05;15;MAURE;3955;FINALIZADO;MAURE 3955;3955 MAURE
-58.481360534879;-34.5825340305221;2518;NOVIEMBRE;31 AL 05;15;LIVERPOOL;2839;FINALIZADO;LIVERPOOL 2839;2839 LIVERPOOL
-58.4814758302017;-34.5825381915992;2519;NOVIEMBRE;31 AL 05;15;LIVERPOOL;2849;FINALIZADO;LIVERPOOL 2849;2849 LIVERPOOL
-58.4813529334674;-34.5826781259764;2520;NOVIEMBRE;31 AL 05;15;LIVERPOOL;2840;FINALIZADO;LIVERPOOL 2840;2840 LIVERPOOL
-58.4821812683269;-34.5825971982396;2521;NOVIEMBRE;31 AL 05;15;LIVERPOOL;2899;FINALIZADO;LIVERPOOL 2899;2899 LIVERPOOL
-58.4816849184184;-34.5814115436413;2522;NOVIEMBRE;31 AL 05;15;BALLIVIAN;2798;FINALIZADO;BALLIVIAN 2798;2798 BALLIVIAN
-58.4819027103707;-34.5813622145063;2523;NOVIEMBRE;31 AL 05;15;BALLIVIAN;2805;FINALIZADO;BALLIVIAN 2805;2805 BALLIVIAN
-58.4826525373273;-34.5819768874675;2524;NOVIEMBRE;31 AL 05;15;BALLIVIAN;2896;FINALIZADO;BALLIVIAN 2896;2896 BALLIVIAN
-58.4818049938462;-34.5813051142509;2525;NOVIEMBRE;31 AL 05;15;BALLIVIAN;2799;FINALIZADO;BALLIVIAN 2799;2799 BALLIVIAN
-58.4827660574051;-34.5820432046715;2526;NOVIEMBRE;31 AL 05;15;BALLIVIAN;2902;FINALIZADO;BALLIVIAN 2902;2902 BALLIVIAN
-58.4828666569069;-34.5819253927352;2527;NOVIEMBRE;31 AL 05;15;BALLIVIAN;2901;FINALIZADO;BALLIVIAN 2901;2901 BALLIVIAN
-58.4827909493889;-34.5818811675887;2528;NOVIEMBRE;31 AL 05;15;BALLIVIAN;2899;FINALIZADO;BALLIVIAN 2899;2899 BALLIVIAN
-58.4781832954522;-34.5833641762121;2529;NOVIEMBRE;31 AL 05;15;AVALOS;1451;FINALIZADO;AVALOS 1451;1451 AVALOS
-58.4783491466218;-34.5834087569126;2530;NOVIEMBRE;31 AL 05;15;AVALOS;1452;FINALIZADO;AVALOS 1452;1452 AVALOS
-58.4783524316898;-34.5829337666815;2531;NOVIEMBRE;31 AL 05;15;AVALOS;1497;FINALIZADO;AVALOS 1497;1497 AVALOS
-58.4785515292092;-34.5827839312345;2532;NOVIEMBRE;31 AL 05;15;AVALOS;1509;FINALIZADO;AVALOS 1509;1509 AVALOS
-58.475925992656;-34.5817377846758;2533;NOVIEMBRE;31 AL 05;15;TREVERIS;2400;FINALIZADO;TREVERIS 2400;2400 TREVERIS
-58.4771926544222;-34.582497841119;2534;NOVIEMBRE;31 AL 05;15;TREVERIS;2501;FINALIZADO;TREVERIS 2501;2501 TREVERIS
-58.4780778628402;-34.5833605961945;2535;NOVIEMBRE;31 AL 05;15;TREVERIS;2592;FINALIZADO;TREVERIS 2592;2592 TREVERIS
-58.4783953697419;-34.5834047196716;2536;NOVIEMBRE;31 AL 05;15;TREVERIS;2605;FINALIZADO;TREVERIS 2605;2605 TREVERIS
-58.3749350804715;-34.5805360063396;2537;NOVIEMBRE;07 AL 12;1;RAMON CASTILLO;799;FINALIZADO;CASTILLO, RAMON S., PRES. AV. 799;799 CASTILLO, RAMON S., PRES. AV.
-58.4108497441195;-34.6215375117596;2538;NOVIEMBRE;07 AL 12;2 Y 3;24 DE NOVIEMBRE;899;FINALIZADO;24 DE NOVIEMBRE 899;899 24 DE NOVIEMBRE
-58.4081006915897;-34.5981403956412;2539;NOVIEMBRE;07 AL 12;2 Y 3;CORDOBA;2900;FINALIZADO;CORDOBA AV. 2900;2900 CORDOBA AV.
-58.4576021542852;-34.6299817311469;2540;NOVIEMBRE;07 AL 12;5 Y 6;ALBERDI Y CAMACUA;;FINALIZADO;ALBERDI, JUAN BAUTISTA AV. Y CAMACUA;ALBERDI, JUAN BAUTISTA AV. & CAMACUA
-58.461737184727;-34.6312620168319;2541;NOVIEMBRE;7 AL 12;5 Y 6;ALBERDI Y RIVERA INDARTE;;FINALIZADO;ALBERDI, JUAN BAUTISTA AV. Y RIVERA INDARTE AV.;ALBERDI, JUAN BAUTISTA AV. & RIVERA INDARTE AV.
-58.4684847572939;-34.6332868799585;2542;NOVIEMBRE;7 AL 12;5 Y 6;ALBERDI Y SAN PEDRITO;;FINALIZADO;ALBERDI, JUAN BAUTISTA AV. Y SAN PEDRITO AV.;ALBERDI, JUAN BAUTISTA AV. & SAN PEDRITO AV.
-58.4565423904866;-34.6296463882436;2543;NOVIEMBRE;7 AL 12;5 Y 6;ALBERDI Y LAUTARO;;FINALIZADO;ALBERDI, JUAN BAUTISTA AV. Y LAUTARO;ALBERDI, JUAN BAUTISTA AV. & LAUTARO
-58.46899128335;-34.632155409122;2544;NOVIEMBRE;7 AL 12;5 Y 6;RAMON FALCON Y SAN PERDITO;;FINALIZADO;FALCON, RAMON L.,CNEL. Y SAN PEDRITO AV.;FALCON, RAMON L.,CNEL. & SAN PEDRITO AV.
-58.4663302453711;-34.6313240813479;2545;NOVIEMBRE;7 AL 12;5 Y 6;RAMON FALCON Y CULPINA;;FINALIZADO;FALCON, RAMON L.,CNEL. Y CULPINA;FALCON, RAMON L.,CNEL. & CULPINA
-58.4635941146457;-34.630498753067;2546;NOVIEMBRE;7 AL 12;5 Y 6;RAMON FALCON Y PEDERNERA;;FINALIZADO;FALCON, RAMON L.,CNEL. Y PEDERNERA;FALCON, RAMON L.,CNEL. & PEDERNERA
-58.4674445134544;-34.6301459063679;2547;NOVIEMBRE;7 AL 12;5 Y 6;RIVADAVIA Y LA PORTEÑA;;FINALIZADO;RIVADAVIA AV. Y LA PORTEÑA;RIVADAVIA AV. & LA PORTEÑA
-58.4669095408965;-34.6300096532951;2548;NOVIEMBRE;7 AL 12;5 Y 6;RIVADAVIA Y CONDARCO;;FINALIZADO;RIVADAVIA AV. Y CONDARCO;RIVADAVIA AV. & CONDARCO
-58.4304106639216;-34.604034882831;2549;NOVIEMBRE;7 AL 12;5 Y 6;SARMIENTO Y LAMBARE;;FINALIZADO;SARMIENTO Y LAMBARE;SARMIENTO & LAMBARE
-58.4155042156893;-34.6371428705057;2551;NOVIEMBRE;7 AL 12;5 Y 6;RONDEAU Y AVALLE;;FINALIZADO;RONDEAU Y AVALLE;RONDEAU & AVALLE
-58.4493077230317;-34.6472788561238;2552;NOVIEMBRE;7 AL 12;7;VARELA;1799;FINALIZADO;VARELA AV. 1799;1799 VARELA AV.
-58.4491405208157;-34.647413332295;2553;NOVIEMBRE;7 AL 12;;VARELA;1801;FINALIZADO;VARELA AV. 1801;1801 VARELA AV.
-58.4471775382436;-34.6437216622494;2554;NOVIEMBRE;7 AL 12;7;ESTEBAN BONORINO;1599;FINALIZADO;BONORINO, ESTEBAN, CNEL. AV. 1599;1599 BONORINO, ESTEBAN, CNEL. AV.
-58.4471188265598;-34.6437676839252;2555;NOVIEMBRE;7 AL 12;7;ESTEBAN BONORINO;1601;FINALIZADO;BONORINO, ESTEBAN, CNEL. AV. 1601;1601 BONORINO, ESTEBAN, CNEL. AV.
-58.4469266929276;-34.6436530924958;2556;NOVIEMBRE;7 AL 12;7;SARAZA;2292;FINALIZADO;SARAZA 2292;2292 SARAZA
-58.4460470766115;-34.64286190166;2557;NOVIEMBRE;7 AL 12;7;SARAZA;2196;FINALIZADO;SARAZA 2196;2196 SARAZA
-58.4504827436534;-34.6449082243263;2558;NOVIEMBRE;7 AL 12;7;BALBASTRO;2501;FINALIZADO;BALBASTRO 2501;2501 BALBASTRO
-58.448847206496;-34.6370830194805;2559;NOVIEMBRE;7 AL 12;7;ZUVIRIA;1966;FINALIZADO;ZUVIRIA 1966;1966 ZUVIRIA
-58.4526727299144;-34.6379844474219;2560;NOVIEMBRE;7 AL 12;7;LAUTARO;991;FINALIZADO;LAUTARO 991;991 LAUTARO
-58.4525522789153;-34.6379963871168;2561;NOVIEMBRE;7 AL 12;7;EVA PERON;2199;FINALIZADO;PERON, EVA AV. 2199;2199 PERON, EVA AV.
-58.4343951086826;-34.6351487250187;2562;NOVIEMBRE;7 AL 12;7;SANTANDER;991;FINALIZADO;SANTANDER 991;991 SANTANDER
-58.4293547125289;-34.6336464970967;2563;NOVIEMBRE;7 AL 12;7;VIEL;1443;FINALIZADO;VIEL 1443;1443 VIEL
-58.45248595537;-34.6355349431198;2564;NOVIEMBRE;7 AL 12;7;CARABOBO;801;FINALIZADO;CARABOBO AV. 801;801 CARABOBO AV.
-58.4521574591462;-34.6362024659923;2565;NOVIEMBRE;7 AL 12;7;CARABOBO;875;FINALIZADO;CARABOBO AV. 875;875 CARABOBO AV.
-58.4519958177511;-34.6361481241181;2566;NOVIEMBRE;7 AL 12;7;CARABOBO;876;FINALIZADO;CARABOBO AV. 876;876 CARABOBO AV.
-58.4518595319255;-34.6364250587703;2567;NOVIEMBRE;7 AL 12;7;CARABOBO;898;FINALIZADO;CARABOBO AV. 898;898 CARABOBO AV.
-58.452008205164;-34.6365057539722;2568;NOVIEMBRE;7 AL 12;7;CARABOBO;899;FINALIZADO;CARABOBO AV. 899;899 CARABOBO AV.
-58.4519899996983;-34.6365427457591;2569;NOVIEMBRE;7 AL 12;7;CARABOBO;901;FINALIZADO;CARABOBO AV. 901;901 CARABOBO AV.
-58.4518283577522;-34.6364884053165;2570;NOVIEMBRE;7 AL 12;7;CARABOBO;902;FINALIZADO;CARABOBO AV. 902;902 CARABOBO AV.
-58.4533133179191;-34.6362317977303;2571;NOVIEMBRE;7 AL 12;7;LAUTARO;866;FINALIZADO;LAUTARO 866;866 LAUTARO
-58.4426979009563;-34.6311996182058;2572;NOVIEMBRE;7 AL 12;7;FERNANDEZ MORENO;1119;FINALIZADO;FERNANDEZ MORENO, BALDOMERO 1119;1119 FERNANDEZ MORENO, BALDOMERO
-58.4482539955776;-34.6329147041089;2573;NOVIEMBRE;7 AL 12;7;MALVINAS ARGENTINAS;791;FINALIZADO;MALVINAS ARGENTINAS 791;791 MALVINAS ARGENTINAS
-58.4540467927889;-34.6347926254897;2574;NOVIEMBRE;7 AL 12;7;FERNANDEZ MORENO;2099;FINALIZADO;FERNANDEZ MORENO, BALDOMERO 2099;2099 FERNANDEZ MORENO, BALDOMERO
-58.4541128708433;-34.6348137234979;2575;NOVIEMBRE;7 AL 12;7;FERNANDEZ MORENO;2101;FINALIZADO;FERNANDEZ MORENO, BALDOMERO 2101;2101 FERNANDEZ MORENO, BALDOMERO
-58.4550440318691;-34.6351314196487;2576;NOVIEMBRE;7 AL 12;7;CAMACUA;698;FINALIZADO;CAMACUA 698;698 CAMACUA
-58.45516876423;-34.6352628192378;2577;NOVIEMBRE;7 AL 12;7;CAMACUA;701;FINALIZADO;CAMACUA 701;701 CAMACUA
-58.4550387762967;-34.63526396875;2578;NOVIEMBRE;7 AL 12;7;FERNANDEZ MORENO;2200;FINALIZADO;FERNANDEZ MORENO, BALDOMERO 2200;2200 FERNANDEZ MORENO, BALDOMERO
-58.455167638169;-34.6351497845672;2579;NOVIEMBRE;7 AL 12;7;FERNANDEZ MORENO;2201;FINALIZADO;FERNANDEZ MORENO, BALDOMERO 2201;2201 FERNANDEZ MORENO, BALDOMERO
-58.4554318491438;-34.6373388355347;2580;NOVIEMBRE;7 AL 12;7;ESPARTACO;875;FINALIZADO;ESPARTACO 875;875 ESPARTACO
-58.4552588275875;-34.6372856543737;2581;NOVIEMBRE;7 AL 12;7;ESPARTACO;882;FINALIZADO;ESPARTACO 882;882 ESPARTACO
-58.4555079598638;-34.6374228034686;2582;NOVIEMBRE;7 AL 12;7;CARLOS ORTIZ;878;FINALIZADO;ORTIZ, CARLOS 878;878 ORTIZ, CARLOS
-58.4556424718717;-34.6375146837827;2583;NOVIEMBRE;7 AL 12;7;CARLOS ORTIZ;877;FINALIZADO;ORTIZ, CARLOS 877;877 ORTIZ, CARLOS
-58.4559294582589;-34.637614631745;2584;NOVIEMBRE;7 AL 12;7;JUAN JOSE NAON;865;FINALIZADO;NAON, JUAN JOSE 865;865 NAON, JUAN JOSE
-58.4557039021767;-34.6376137931741;2585;NOVIEMBRE;7 AL 12;7;JUAN JOSE NAON;882;FINALIZADO;NAON, JUAN JOSE 882;882 NAON, JUAN JOSE
-58.4559160385449;-34.6378393235233;2586;NOVIEMBRE;7 AL 12;7;MEMBRILLAR;860;FINALIZADO;MEMBRILLAR 860;860 MEMBRILLAR
-58.4558352408974;-34.6379220868464;2587;NOVIEMBRE;7 AL 12;7;MEMBRILLAR;870;FINALIZADO;MEMBRILLAR 870;870 MEMBRILLAR
-58.457333124353;-34.6391032110064;2588;NOVIEMBRE;7 AL 12;7;PEDERNERA;946;FINALIZADO;PEDERNERA 946;946 PEDERNERA
-58.4572831191061;-34.6391440744269;2589;NOVIEMBRE;7 AL 12;7;PEDERNERA;950;FINALIZADO;PEDERNERA 950;950 PEDERNERA
-58.4566503055571;-34.6385154742948;2590;NOVIEMBRE;7 AL 12;7;RODRIGUEZ IGNACIO;2407;FINALIZADO;RODRIGUEZ, IGNACIO F. 2407;2407 RODRIGUEZ, IGNACIO F.
-58.4565292763908;-34.6386193789084;2591;NOVIEMBRE;7 AL 12;7;RODRIGUEZ IGNACIO;2408;FINALIZADO;RODRIGUEZ, IGNACIO F. 2408;2408 RODRIGUEZ, IGNACIO F.
-58.4593535019958;-34.6416435040539;2592;NOVIEMBRE;7 AL 12;7;RECUERO CASIMIRO;2913;FINALIZADO;RECUERO, CASIMIRO, TTE. CNEL. 2913;2913 RECUERO, CASIMIRO, TTE. CNEL.
-58.4592245611705;-34.6415522838839;2593;NOVIEMBRE;7 AL 12;7;RECUERO CASIMIRO;2895;FINALIZADO;RECUERO, CASIMIRO, TTE. CNEL. 2895;2895 RECUERO, CASIMIRO, TTE. CNEL.
-58.4591227439198;-34.6416701043058;2594;NOVIEMBRE;7 AL 12;7;RECUERO CASIMIRO;2898;FINALIZADO;RECUERO, CASIMIRO, TTE. CNEL. 2898;2898 RECUERO, CASIMIRO, TTE. CNEL.
-58.4592249881492;-34.641721613066;2595;NOVIEMBRE;7 AL 12;7;PILLADO;1107;FINALIZADO;PILLADO 1107;1107 PILLADO
-58.4598750820561;-34.6419219778243;2596;NOVIEMBRE;7 AL 12;7;CASTAÑON;1092;FINALIZADO;CASTAÑON 1092;1092 CASTAÑON
-58.4652986673874;-34.6415178311499;2597;NOVIEMBRE;7 AL 12;7;QUIRNO;850;FINALIZADO;QUIRNO 850;850 QUIRNO
-58.466411517497;-34.6422262412513;2598;NOVIEMBRE;7 AL 12;7;JOSE MARTI;950;FINALIZADO;MARTI, JOSE 950;950 MARTI, JOSE
-58.4663463283516;-34.6422778667585;2599;NOVIEMBRE;7 AL 12;7;JOSE MARTI;954;FINALIZADO;MARTI, JOSE 954;954 MARTI, JOSE
-58.4639042493382;-34.6443209836641;2600;NOVIEMBRE;7 AL 12;7;EVA PERON;3401;FINALIZADO;PERON, EVA AV. 3401;3401 PERON, EVA AV.
-58.4638431370536;-34.6442599892888;2601;NOVIEMBRE;7 AL 12;7;JOSE MARTI;1194;FINALIZADO;MARTI, JOSE 1194;1194 MARTI, JOSE
-58.4637543108463;-34.6443303273323;2602;NOVIEMBRE;7 AL 12;7;JOSE MARTI;1202;FINALIZADO;MARTI, JOSE 1202;1202 MARTI, JOSE
-58.4632347229866;-34.6447407296793;2603;NOVIEMBRE;7 AL 12;7;JOSE MARTI;1302;FINALIZADO;MARTI, JOSE 1302;1302 MARTI, JOSE
-58.4642560940331;-34.6453816369986;2604;NOVIEMBRE;7 AL 12;7;PORTELA;1291;FINALIZADO;PORTELA 1291;1291 PORTELA
-58.4640959278408;-34.6453073386654;2605;NOVIEMBRE;7 AL 12;7;PORTELA;1298;FINALIZADO;PORTELA 1298;1298 PORTELA
-58.4640388061391;-34.6453506406003;2606;NOVIEMBRE;7 AL 12;7;PORTELA;1302;FINALIZADO;PORTELA 1302;1302 PORTELA
-58.4638064600807;-34.6457224567861;2607;NOVIEMBRE;7 AL 12;7;PORTELA;1353;FINALIZADO;PORTELA 1353;1353 PORTELA
-58.4637390935935;-34.6457735185925;2608;NOVIEMBRE;7 AL 12;7;PORTELA;1363;FINALIZADO;PORTELA 1363;1363 PORTELA
-58.463119255783;-34.6474722083549;2609;NOVIEMBRE;7 AL 12;7;DELLEPIANE;3490;FINALIZADO;DELLEPIANE, LUIS, TTE. GRAL. 3490;3490 DELLEPIANE, LUIS, TTE. GRAL.
-58.4639881063688;-34.649199217828;2611;NOVIEMBRE;7 AL 12;7;LEVALLE;1706;FINALIZADO;LEVALLE, NICOLAS, TTE.GRAL. 1706;1706 LEVALLE, NICOLAS, TTE.GRAL.
-58.4405481426203;-34.6434955443062;2612;NOVIEMBRE;7 AL 12;7;PUAN;2005;FINALIZADO;PUAN 2005;2005 PUAN
-58.4393431053435;-34.6445217328747;2613;NOVIEMBRE;7 AL 12;7;SOMELLERA;1947;FINALIZADO;SOMELLERA 1947;1947 SOMELLERA
-58.4394546105078;-34.6445469926387;2614;NOVIEMBRE;7 AL 12;7;SOMELLERA;1955;FINALIZADO;SOMELLERA 1955;1955 SOMELLERA
-58.4393216121678;-34.6446664113884;2615;NOVIEMBRE;7 AL 12;7;SOMELLERA;1950;FINALIZADO;SOMELLERA 1950;1950 SOMELLERA
-58.4384645941262;-34.6449465548092;2616;NOVIEMBRE;7 AL 12;7;MIRAFLORES;2146;FINALIZADO;MIRAFLORES 2146;2146 MIRAFLORES
-58.4386152031939;-34.6450331041587;2617;NOVIEMBRE;7 AL 12;7;MIRAFLORES;2149;FINALIZADO;MIRAFLORES 2149;2149 MIRAFLORES
-58.4385945017582;-34.6450895300704;2618;NOVIEMBRE;7 AL 12;7;MIRAFLORES;2153;FINALIZADO;MIRAFLORES 2153;2153 MIRAFLORES
-58.4384111556274;-34.645092212195;2619;NOVIEMBRE;7 AL 12;7;MIRAFLORES;2158;FINALIZADO;MIRAFLORES 2158;2158 MIRAFLORES
-58.4350296565876;-34.646192857733;2620;NOVIEMBRE;7 AL 12;7;AGUSTIN DE VEDIA;2297;FINALIZADO;VEDIA, AGUSTIN DE 2297;2297 VEDIA, AGUSTIN DE
-58.4346804162815;-34.6462105167606;2621;NOVIEMBRE;7 AL 12;7;RIESTRA;1788;FINALIZADO;RIESTRA AV. 1788;1788 RIESTRA AV.
-58.4349788435385;-34.6462948310596;2622;NOVIEMBRE;7 AL 12;7;AGUSTIN DE VEDIA;2301;FINALIZADO;VEDIA, AGUSTIN DE 2301;2301 VEDIA, AGUSTIN DE
-58.4337783037394;-34.6444904824988;2623;NOVIEMBRE;7 AL 12;7;SALVIGNY;1597;FINALIZADO;SALVIGNY 1597;1597 SALVIGNY
-58.4343290483293;-34.6427640891276;2624;NOVIEMBRE;7 AL 12;7;DIEZ DE MEDINA;1393;FINALIZADO;DIEZ DE MEDINA, CLEMENTE 1393;1393 DIEZ DE MEDINA, CLEMENTE
-58.4343173298211;-34.6429102254343;2625;NOVIEMBRE;7 AL 12;7;DIEZ DE MEDINA;1396;FINALIZADO;DIEZ DE MEDINA, CLEMENTE 1396;1396 DIEZ DE MEDINA, CLEMENTE
-58.4345629245245;-34.6427859507721;2626;NOVIEMBRE;7 AL 12;7;MOM;2043;FINALIZADO;MOM 2043;2043 MOM
-58.4328958148902;-34.6427731852976;2627;NOVIEMBRE;7 AL 12;7;PICHEUTA;2069;FINALIZADO;PICHEUTA 2069;2069 PICHEUTA
-58.4329773782872;-34.6425468325814;2628;NOVIEMBRE;7 AL 12;7;PICHEUTA;2049;FINALIZADO;PICHEUTA 2049;2049 PICHEUTA
-58.3827180207178;-34.5967356500734;2629;NOVIEMBRE;7 AL 12;8;MARCELO T DE ALVEAR;1101;FINALIZADO;ALVEAR, MARCELO T. DE 1101;1101 ALVEAR, MARCELO T. DE
-58.3873660320337;-34.6188571109132;2630;NOVIEMBRE;7 AL 12;8;ESTADOS UNIDOS;1500;FINALIZADO;ESTADOS UNIDOS 1500;1500 ESTADOS UNIDOS
-58.3842448835154;-34.597145227672;2631;NOVIEMBRE;7 AL 12;8;LIBERTAD;982;FINALIZADO;LIBERTAD 982;982 LIBERTAD
-58.3838958539889;-34.5981357697938;2632;NOVIEMBRE;7 AL 12;8;PARAGUAY;1190;FINALIZADO;PARAGUAY 1190;1190 PARAGUAY
-58.3841581381829;-34.5981572095172;2633;NOVIEMBRE;7 AL 12;8;PARAGUAY;1204;FINALIZADO;PARAGUAY 1204;1204 PARAGUAY
-58.3854579893483;-34.5981362982084;2634;NOVIEMBRE;7 AL 12;8;TALCAHUANO;901;FINALIZADO;TALCAHUANO 901;901 TALCAHUANO
-58.4735861434571;-34.5535338093756;2635;NOVIEMBRE;7 AL 12;9;NUÑEZ Y ZAPIOLA;;FINALIZADO;NUÑEZ Y ZAPIOLA;NUÑEZ & ZAPIOLA
-58.4779100463865;-34.5559552197738;2636;NOVIEMBRE;7 AL 12;9;NUÑEZ Y ROQUE PEREZ;;FINALIZADO;NUÑEZ Y PEREZ, ROQUE;NUÑEZ & PEREZ, ROQUE
-58.4826045511085;-34.6021808753489;2637;NOVIEMBRE;7 AL 12;10;SANTO TOME;;FINALIZADO;SANTO TOME;SANTO TOME
-58.5027943352742;-34.6135662792109;2638;NOVIEMBRE;7 AL 12;10;GUALEGUAYCHU;2317;FINALIZADO;GUALEGUAYCHU 2317;2317 GUALEGUAYCHU
-58.5025493079294;-34.6138330597866;2639;NOVIEMBRE;7 AL 12;10;SANTO TOME;4296;FINALIZADO;SANTO TOME 4296;4296 SANTO TOME
-58.5035250697139;-34.6142192156322;2640;NOVIEMBRE;7 AL 12;10;SANTO TOME;4395;FINALIZADO;SANTO TOME 4395;4395 SANTO TOME
-58.5036190758785;-34.6143378080068;2641;NOVIEMBRE;7 AL 12;10;SANABRIA;2402;FINALIZADO;SANABRIA 2402;2402 SANABRIA
-58.5035825607206;-34.614381983916;2642;NOVIEMBRE;7 AL 12;10;SANABRIA;2398;FINALIZADO;SANABRIA 2398;2398 SANABRIA
-58.5065873162648;-34.6135584781069;2643;NOVIEMBRE;7 AL 12;10;SEGUROLA;2455;FINALIZADO;SEGUROLA AV. 2455;2455 SEGUROLA AV.
-58.5064916380027;-34.6136583829416;2644;NOVIEMBRE;7 AL 12;10;SEGUROLA;2445;FINALIZADO;SEGUROLA AV. 2445;2445 SEGUROLA AV.
-58.5052043712483;-34.6125792146238;2645;NOVIEMBRE;7 AL 12;10;SANABRIA;2568;FINALIZADO;SANABRIA 2568;2568 SANABRIA
-58.5031817399349;-34.6148939575605;2646;NOVIEMBRE;7 AL 12;10;SANABRIA;2340;FINALIZADO;SANABRIA 2340;2340 SANABRIA
-58.5062236859763;-34.6141708795168;2647;NOVIEMBRE;7 AL 12;10;SEGUROLA;2400;FINALIZADO;SEGUROLA AV. 2400;2400 SEGUROLA AV.
-58.4987489653683;-34.6129379947909;2648;NOVIEMBRE;7 AL 12;10;ARREGUI;4002;FINALIZADO;ARREGUI 4002;4002 ARREGUI
-58.4988899198871;-34.6146917590611;2649;NOVIEMBRE;7 AL 12;10;LASCANO;4108;FINALIZADO;LASCANO 4108;4108 LASCANO
-58.5026709878782;-34.61667265387;2650;NOVIEMBRE;7 AL 12;10;LASCANO;4449;FINALIZADO;LASCANO 4449;4449 LASCANO
-58.5048515963756;-34.6153743935057;2651;NOVIEMBRE;7 AL 12;10;SEGUROLA;2271;FINALIZADO;SEGUROLA AV. 2271;2271 SEGUROLA AV.
-58.5034254490285;-34.6143376169555;2652;NOVIEMBRE;7 AL 12;10;SANTO TOME;4396;FINALIZADO;SANTO TOME 4396;4396 SANTO TOME
-58.5116000127157;-34.5966514951312;2653;NOVIEMBRE;7 AL 12;11;HABANA;3815;FINALIZADO;HABANA 3815;3815 HABANA
-58.5157244384261;-34.5991952756698;2654;NOVIEMBRE;7 AL 12;11;HABANA;4199;FINALIZADO;HABANA 4199;4199 HABANA
-58.5083542452804;-34.5954224121063;2655;NOVIEMBRE;7 AL 12;11;GUTEMBERG;3598;FINALIZADO;GUTENBERG 3598;3598 GUTENBERG
-58.5249143243251;-34.6048671862205;2656;NOVIEMBRE;7 AL 12;11;HABANA;4899;FINALIZADO;HABANA 4899;4899 HABANA
-58.52477840673;-34.6049632014817;2657;NOVIEMBRE;7 AL 12;11;HABANA;4898;FINALIZADO;HABANA 4898;4898 HABANA
-58.5181120923582;-34.6006697827876;2658;NOVIEMBRE;7 AL 12;11;HABANA;4389;FINALIZADO;HABANA 4389;4389 HABANA
-58.5135304230471;-34.5978364057358;2659;NOVIEMBRE;7 AL 12;11;HABANA;3999;FINALIZADO;HABANA 3999;3999 HABANA
-58.5136018952248;-34.5980630814234;2660;NOVIEMBRE;7 AL 12;11;HABANA;4002;FINALIZADO;HABANA 4002;4002 HABANA
-58.5137064747412;-34.5979476514857;2661;NOVIEMBRE;7 AL 12;11;HABANA;4001;FINALIZADO;HABANA 4001;4001 HABANA
-58.5134089380881;-34.597941131861;2662;NOVIEMBRE;7 AL 12;11;HABANA;3998;FINALIZADO;HABANA 3998;3998 HABANA
-58.5064044817053;-34.5777307048767;2663;NOVIEMBRE;7 AL 12;12;LARSEN Y CONDARCO;;FINALIZADO;LARSEN Y CONDARCO;LARSEN & CONDARCO
-58.4792190551023;-34.548069068589;2664;NOVIEMBRE;7 AL 12;12;BESARES;3239;FINALIZADO;BESARES 3239;3239 BESARES
-58.5133448407007;-34.5820430601734;2665;NOVIEMBRE;7 AL 12;12;ESTANISLAO ZEBALLOS Y LARSEN;;FINALIZADO;ZEBALLOS, ESTANISLAO S. Y LARSEN;ZEBALLOS, ESTANISLAO S. & LARSEN
-58.5040766014639;-34.5887262622659;2666;NOVIEMBRE;7 AL 12;12;HELGUERA Y GABRIELA MISTRAL;;FINALIZADO;HELGUERA Y MISTRAL, GABRIELA;HELGUERA & MISTRAL, GABRIELA
-58.4716884896257;-34.5474952325722;2667;NOVIEMBRE;7 AL 12;12;PAROISSIEN Y AMENABAR;;FINALIZADO;PAROISSIEN Y AMENABAR;PAROISSIEN & AMENABAR
-58.4756224279438;-34.5421060337919;2668;NOVIEMBRE;7 AL 12;12;MOLDES Y DEHEZA;;FINALIZADO;MOLDES Y DEHEZA;MOLDES & DEHEZA
-58.5063827216943;-34.5837473603158;2669;NOVIEMBRE;7 AL 12;12;CABEZON;2996;FINALIZADO;CABEZON, JOSE LEON 2996;2996 CABEZON, JOSE LEON
-58.5071824709548;-34.5841530139921;2670;NOVIEMBRE;7 AL 12;12;CABEZON Y AGUSTIN ALVAREZ;;FINALIZADO;CABEZON, JOSE LEON Y ALVAREZ, AGUSTIN;CABEZON, JOSE LEON & ALVAREZ, AGUSTIN
-58.507148280502;-34.5853464548013;2671;NOVIEMBRE;7 AL 12;12;LADINES Y HELGUERA;;FINALIZADO;LADINES Y HELGUERA;LADINES & HELGUERA
-58.4884700700194;-34.6391618446813;2672;NOVIEMBRE;7 AL 12;14;CHECOSLOVAQUIA;4396;FINALIZADO;CHECOSLOVAQUIA 4396;4396 CHECOSLOVAQUIA
-58.480457088967;-34.6274402847757;2673;NOVIEMBRE;7 AL 12;14;ARANGUREN;3610;FINALIZADO;ARANGUREN, JUAN F., DR. 3610;3610 ARANGUREN, JUAN F., DR.
-58.4804274414921;-34.6272815117079;2674;NOVIEMBRE;7 AL 12;14;ARANGUREN;3601;FINALIZADO;ARANGUREN, JUAN F., DR. 3601;3601 ARANGUREN, JUAN F., DR.
-58.4803427472273;-34.6272596190864;2675;NOVIEMBRE;7 AL 12;14;ARANGUREN;3597;FINALIZADO;ARANGUREN, JUAN F., DR. 3597;3597 ARANGUREN, JUAN F., DR.
-58.4813568874125;-34.6276704630516;2676;NOVIEMBRE;7 AL 12;14;ARANGUREN;3698;FINALIZADO;ARANGUREN, JUAN F., DR. 3698;3698 ARANGUREN, JUAN F., DR.
-58.4814520188206;-34.6276947802718;2677;NOVIEMBRE;7 AL 12;14;ARANGUREN;3702;FINALIZADO;ARANGUREN, JUAN F., DR. 3702;3702 ARANGUREN, JUAN F., DR.
-58.4813879920202;-34.6275274450936;2678;NOVIEMBRE;7 AL 12;14;ARANGUREN;3695;FINALIZADO;ARANGUREN, JUAN F., DR. 3695;3695 ARANGUREN, JUAN F., DR.
-58.4815035649388;-34.6275569870903;2679;NOVIEMBRE;7 AL 12;14;ARANGUREN;3701;FINALIZADO;ARANGUREN, JUAN F., DR. 3701;3701 ARANGUREN, JUAN F., DR.
-58.4646666303216;-34.593806895519;2681;NOVIEMBRE;7 AL 12;15;GARMENDIA;4800;FINALIZADO;GARMENDIA AV. 4800;4800 GARMENDIA AV.
-58.4868303496273;-34.5857541717666;2682;NOVIEMBRE;7 AL 12;15;GIRIBONE;3381;FINALIZADO;GIRIBONE 3381;3381 GIRIBONE
-58.4868517210629;-34.5857674223694;2683;NOVIEMBRE;7 AL 12;15;GIRIBONE;3383;FINALIZADO;GIRIBONE 3383;3383 GIRIBONE
-58.4867737150173;-34.5858993192412;2684;NOVIEMBRE;7 AL 12;15;GIRIBONE;3392;FINALIZADO;GIRIBONE 3392;3392 GIRIBONE
-58.481360534879;-34.5825340305221;2685;NOVIEMBRE;7 AL 12;15;LIVERPOOL;2839;FINALIZADO;LIVERPOOL 2839;2839 LIVERPOOL
-58.4814758302017;-34.5825381915992;2686;NOVIEMBRE;7 AL 12;15;LIVERPOOL;2849;FINALIZADO;LIVERPOOL 2849;2849 LIVERPOOL
-58.4813529334674;-34.5826781259764;2687;NOVIEMBRE;7 AL 12;15;LIVERPOOL;2840;FINALIZADO;LIVERPOOL 2840;2840 LIVERPOOL
-58.4821812683269;-34.5825971982396;2688;NOVIEMBRE;7 AL 12;15;LIVERPOOL;2899;FINALIZADO;LIVERPOOL 2899;2899 LIVERPOOL
-58.4816849184184;-34.5814115436413;2689;NOVIEMBRE;7 AL 12;15;BALLIVIAN;2798;FINALIZADO;BALLIVIAN 2798;2798 BALLIVIAN
-58.4819027103707;-34.5813622145063;2690;NOVIEMBRE;7 AL 12;15;BALLIVIAN;2805;FINALIZADO;BALLIVIAN 2805;2805 BALLIVIAN
-58.4826525373273;-34.5819768874675;2691;NOVIEMBRE;7 AL 12;15;BALLIVIAN;2896;FINALIZADO;BALLIVIAN 2896;2896 BALLIVIAN
-58.4818049938462;-34.5813051142509;2692;NOVIEMBRE;7 AL 12;15;BALLIVIAN;2799;FINALIZADO;BALLIVIAN 2799;2799 BALLIVIAN
-58.4827660574051;-34.5820432046715;2693;NOVIEMBRE;7 AL 12;15;BALLIVIAN;2902;FINALIZADO;BALLIVIAN 2902;2902 BALLIVIAN
-58.4828666569069;-34.5819253927352;2694;NOVIEMBRE;7 AL 12;15;BALLIVIAN;2901;FINALIZADO;BALLIVIAN 2901;2901 BALLIVIAN
-58.4827909493889;-34.5818811675887;2695;NOVIEMBRE;7 AL 12;15;BALLIVIAN;2899;FINALIZADO;BALLIVIAN 2899;2899 BALLIVIAN
-58.4108497441195;-34.6215375117596;2696;NOVIEMBRE;14 AL 19;2 Y 3;24 DE NOVIEMBRE;899;FINALIZADO;24 DE NOVIEMBRE 899;899 24 DE NOVIEMBRE
-58.4081006915897;-34.5981403956412;2697;NOVIEMBRE;14 AL 19;2 Y 3;CORDOBA;2900;FINALIZADO;CORDOBA AV. 2900;2900 CORDOBA AV.
-58.4684847572939;-34.6332868799585;2698;NOVIEMBRE;14 AL 19;5 Y 6;ALBERDI Y SAN PEDRITO;;FINALIZADO;ALBERDI, JUAN BAUTISTA AV. Y SAN PEDRITO AV.;ALBERDI, JUAN BAUTISTA AV. & SAN PEDRITO AV.
-58.463104905182;-34.6316746392861;2699;NOVIEMBRE;14 AL 19;5 Y 6;ALBERDI Y PEDERNERA;;FINALIZADO;ALBERDI, JUAN BAUTISTA AV. Y PEDERNERA;ALBERDI, JUAN BAUTISTA AV. & PEDERNERA
-58.46899128335;-34.632155409122;2700;NOVIEMBRE;14 AL 19;5 Y 6;RAMON FALCON Y SAN PERDITO;;FINALIZADO;FALCON, RAMON L.,CNEL. Y SAN PEDRITO AV.;FALCON, RAMON L.,CNEL. & SAN PEDRITO AV.
-58.4663302453711;-34.6313240813479;2701;NOVIEMBRE;14 AL 19;5 Y 6;RAMON FALCON Y CULPINA;;FINALIZADO;FALCON, RAMON L.,CNEL. Y CULPINA;FALCON, RAMON L.,CNEL. & CULPINA
-58.4635941146457;-34.630498753067;2702;NOVIEMBRE;14 AL 19;5 Y 6;RAMON FALCON Y PEDERNERA;;FINALIZADO;FALCON, RAMON L.,CNEL. Y PEDERNERA;FALCON, RAMON L.,CNEL. & PEDERNERA
-58.4674445134544;-34.6301459063679;2703;NOVIEMBRE;14 AL 19;5 Y 6;RIVADAVIA Y LA PORTEÑA;;FINALIZADO;RIVADAVIA AV. Y LA PORTEÑA;RIVADAVIA AV. & LA PORTEÑA
-58.4669095408965;-34.6300096532951;2704;NOVIEMBRE;14 AL 19;5 Y 6;RIVADAVIA Y CONDARCO;;FINALIZADO;RIVADAVIA AV. Y CONDARCO;RIVADAVIA AV. & CONDARCO
-58.4304106639216;-34.604034882831;2705;NOVIEMBRE;14 AL 19;5 Y 6;SARMIENTO Y LAMBARE;;FINALIZADO;SARMIENTO Y LAMBARE;SARMIENTO & LAMBARE
-58.4182745372036;-34.6174633869575;2706;NOVIEMBRE;14 AL 19;5 Y 6;VENEZUELA Y COLOMBRES;;FINALIZADO;REPUBLICA BOLIVARIANA DE VENEZUELA Y COLOMBRES;REPUBLICA BOLIVARIANA DE VENEZUELA & COLOMBRES
-58.4493077230317;-34.6472788561238;2707;NOVIEMBRE;14 AL 19;7;VARELA;1799;FINALIZADO;VARELA AV. 1799;1799 VARELA AV.
-58.4491405208157;-34.647413332295;2708;NOVIEMBRE;14 AL 19;7;VARELA;1801;FINALIZADO;VARELA AV. 1801;1801 VARELA AV.
-58.4471775382436;-34.6437216622494;2709;NOVIEMBRE;14 AL 19;7;ESTEBAN BONORINO;1599;FINALIZADO;BONORINO, ESTEBAN, CNEL. AV. 1599;1599 BONORINO, ESTEBAN, CNEL. AV.
-58.4471188265598;-34.6437676839252;2710;NOVIEMBRE;14 AL 19;7;ESTEBAN BONORINO;1601;FINALIZADO;BONORINO, ESTEBAN, CNEL. AV. 1601;1601 BONORINO, ESTEBAN, CNEL. AV.
-58.4469266929276;-34.6436530924958;2711;NOVIEMBRE;14 AL 19;7;SARAZA;2292;FINALIZADO;SARAZA 2292;2292 SARAZA
-58.4460470766115;-34.64286190166;2712;NOVIEMBRE;14 AL 19;7;SARAZA;2196;FINALIZADO;SARAZA 2196;2196 SARAZA
-58.4504827436534;-34.6449082243263;2713;NOVIEMBRE;14 AL 19;7;BALBASTRO;2501;FINALIZADO;BALBASTRO 2501;2501 BALBASTRO
-58.448847206496;-34.6370830194805;2714;NOVIEMBRE;14 AL 19;7;ZUVIRIA;1966;FINALIZADO;ZUVIRIA 1966;1966 ZUVIRIA
-58.4526727299144;-34.6379844474219;2715;NOVIEMBRE;14 AL 19;7;LAUTARO;991;FINALIZADO;LAUTARO 991;991 LAUTARO
-58.4525522789153;-34.6379963871168;2716;NOVIEMBRE;14 AL 19;7;EVA PERON;2199;FINALIZADO;PERON, EVA AV. 2199;2199 PERON, EVA AV.
-58.4343951086826;-34.6351487250187;2717;NOVIEMBRE;14 AL 19;7;SANTANDER;991;FINALIZADO;SANTANDER 991;991 SANTANDER
-58.4293547125289;-34.6336464970967;2718;NOVIEMBRE;14 AL 19;7;VIEL;1443;FINALIZADO;VIEL 1443;1443 VIEL
-58.45248595537;-34.6355349431198;2719;NOVIEMBRE;14 AL 19;7;CARABOBO;801;FINALIZADO;CARABOBO AV. 801;801 CARABOBO AV.
-58.4521574591462;-34.6362024659923;2720;NOVIEMBRE;14 AL 19;7;CARABOBO;875;FINALIZADO;CARABOBO AV. 875;875 CARABOBO AV.
-58.4519958177511;-34.6361481241181;2721;NOVIEMBRE;14 AL 19;7;CARABOBO;876;FINALIZADO;CARABOBO AV. 876;876 CARABOBO AV.
-58.4518595319255;-34.6364250587703;2722;NOVIEMBRE;14 AL 19;7;CARABOBO;898;FINALIZADO;CARABOBO AV. 898;898 CARABOBO AV.
-58.452008205164;-34.6365057539722;2723;NOVIEMBRE;14 AL 19;7;CARABOBO;899;FINALIZADO;CARABOBO AV. 899;899 CARABOBO AV.
-58.4519899996983;-34.6365427457591;2724;NOVIEMBRE;14 AL 19;7;CARABOBO;901;FINALIZADO;CARABOBO AV. 901;901 CARABOBO AV.
-58.4518283577522;-34.6364884053165;2725;NOVIEMBRE;14 AL 19;7;CARABOBO;902;FINALIZADO;CARABOBO AV. 902;902 CARABOBO AV.
-58.4533133179191;-34.6362317977303;2726;NOVIEMBRE;14 AL 19;7;LAUTARO;866;FINALIZADO;LAUTARO 866;866 LAUTARO
-58.4426979009563;-34.6311996182058;2727;NOVIEMBRE;14 AL 19;7;FERNANDEZ MORENO;1119;FINALIZADO;FERNANDEZ MORENO, BALDOMERO 1119;1119 FERNANDEZ MORENO, BALDOMERO
-58.4482539955776;-34.6329147041089;2728;NOVIEMBRE;14 AL 19;7;MALVINAS ARGENTINAS;791;FINALIZADO;MALVINAS ARGENTINAS 791;791 MALVINAS ARGENTINAS
-58.4540467927889;-34.6347926254897;2729;NOVIEMBRE;14 AL 19;7;FERNANDEZ MORENO;2099;FINALIZADO;FERNANDEZ MORENO, BALDOMERO 2099;2099 FERNANDEZ MORENO, BALDOMERO
-58.4541128708433;-34.6348137234979;2730;NOVIEMBRE;14 AL 19;7;FERNANDEZ MORENO;2101;FINALIZADO;FERNANDEZ MORENO, BALDOMERO 2101;2101 FERNANDEZ MORENO, BALDOMERO
-58.4550440318691;-34.6351314196487;2731;NOVIEMBRE;14 AL 19;7;CAMACUA;698;FINALIZADO;CAMACUA 698;698 CAMACUA
-58.45516876423;-34.6352628192378;2732;NOVIEMBRE;14 AL 19;7;CAMACUA;701;FINALIZADO;CAMACUA 701;701 CAMACUA
-58.4550387762967;-34.63526396875;2733;NOVIEMBRE;14 AL 19;7;FERNANDEZ MORENO;2200;FINALIZADO;FERNANDEZ MORENO, BALDOMERO 2200;2200 FERNANDEZ MORENO, BALDOMERO
-58.455167638169;-34.6351497845672;2734;NOVIEMBRE;14 AL 19;7;FERNANDEZ MORENO;2201;FINALIZADO;FERNANDEZ MORENO, BALDOMERO 2201;2201 FERNANDEZ MORENO, BALDOMERO
-58.4554318491438;-34.6373388355347;2735;NOVIEMBRE;14 AL 19;7;ESPARTACO;875;FINALIZADO;ESPARTACO 875;875 ESPARTACO
-58.4552588275875;-34.6372856543737;2736;NOVIEMBRE;14 AL 19;7;ESPARTACO;882;FINALIZADO;ESPARTACO 882;882 ESPARTACO
-58.4555079598638;-34.6374228034686;2737;NOVIEMBRE;14 AL 19;7;CARLOS ORTIZ;878;FINALIZADO;ORTIZ, CARLOS 878;878 ORTIZ, CARLOS
-58.4556424718717;-34.6375146837827;2738;NOVIEMBRE;14 AL 19;7;CARLOS ORTIZ;877;FINALIZADO;ORTIZ, CARLOS 877;877 ORTIZ, CARLOS
-58.4559294582589;-34.637614631745;2739;NOVIEMBRE;14 AL 19;7;JUAN JOSE NAON;865;FINALIZADO;NAON, JUAN JOSE 865;865 NAON, JUAN JOSE
-58.4557039021767;-34.6376137931741;2740;NOVIEMBRE;14 AL 19;7;JUAN JOSE NAON;882;FINALIZADO;NAON, JUAN JOSE 882;882 NAON, JUAN JOSE
-58.4559160385449;-34.6378393235233;2741;NOVIEMBRE;14 AL 19;7;MEMBRILLAR;860;FINALIZADO;MEMBRILLAR 860;860 MEMBRILLAR
-58.4558352408974;-34.6379220868464;2742;NOVIEMBRE;14 AL 19;7;MEMBRILLAR;870;FINALIZADO;MEMBRILLAR 870;870 MEMBRILLAR
-58.457333124353;-34.6391032110064;2743;NOVIEMBRE;14 AL 19;7;PEDERNERA;946;FINALIZADO;PEDERNERA 946;946 PEDERNERA
-58.4572831191061;-34.6391440744269;2744;NOVIEMBRE;14 AL 19;7;PEDERNERA;950;FINALIZADO;PEDERNERA 950;950 PEDERNERA
-58.4566503055571;-34.6385154742948;2745;NOVIEMBRE;14 AL 19;7;RODRIGUEZ IGNACIO;2407;FINALIZADO;RODRIGUEZ, IGNACIO F. 2407;2407 RODRIGUEZ, IGNACIO F.
-58.4565292763908;-34.6386193789084;2746;NOVIEMBRE;14 AL 19;7;RODRIGUEZ IGNACIO;2408;FINALIZADO;RODRIGUEZ, IGNACIO F. 2408;2408 RODRIGUEZ, IGNACIO F.
-58.4593535019958;-34.6416435040539;2747;NOVIEMBRE;14 AL 19;7;RECUERO CASIMIRO;2913;FINALIZADO;RECUERO, CASIMIRO, TTE. CNEL. 2913;2913 RECUERO, CASIMIRO, TTE. CNEL.
-58.4592245611705;-34.6415522838839;2748;NOVIEMBRE;14 AL 19;7;RECUERO CASIMIRO;2895;FINALIZADO;RECUERO, CASIMIRO, TTE. CNEL. 2895;2895 RECUERO, CASIMIRO, TTE. CNEL.
-58.4591227439198;-34.6416701043058;2749;NOVIEMBRE;14 AL 19;7;RECUERO CASIMIRO;2898;FINALIZADO;RECUERO, CASIMIRO, TTE. CNEL. 2898;2898 RECUERO, CASIMIRO, TTE. CNEL.
-58.4592249881492;-34.641721613066;2750;NOVIEMBRE;14 AL 19;7;PILLADO;1107;FINALIZADO;PILLADO 1107;1107 PILLADO
-58.4598750820561;-34.6419219778243;2751;NOVIEMBRE;14 AL 19;7;CASTAÑON;1092;FINALIZADO;CASTAÑON 1092;1092 CASTAÑON
-58.4652986673874;-34.6415178311499;2752;NOVIEMBRE;14 AL 19;7;QUIRNO;850;FINALIZADO;QUIRNO 850;850 QUIRNO
-58.466411517497;-34.6422262412513;2753;NOVIEMBRE;14 AL 19;7;JOSE MARTI;950;FINALIZADO;MARTI, JOSE 950;950 MARTI, JOSE
-58.4663463283516;-34.6422778667585;2754;NOVIEMBRE;14 AL 19;7;JOSE MARTI;954;FINALIZADO;MARTI, JOSE 954;954 MARTI, JOSE
-58.4639042493382;-34.6443209836641;2755;NOVIEMBRE;14 AL 19;7;EVA PERON;3401;FINALIZADO;PERON, EVA AV. 3401;3401 PERON, EVA AV.
-58.4638431370536;-34.6442599892888;2756;NOVIEMBRE;14 AL 19;7;JOSE MARTI;1194;FINALIZADO;MARTI, JOSE 1194;1194 MARTI, JOSE
-58.4637543108463;-34.6443303273323;2757;NOVIEMBRE;14 AL 19;7;JOSE MARTI;1202;FINALIZADO;MARTI, JOSE 1202;1202 MARTI, JOSE
-58.4632347229866;-34.6447407296793;2758;NOVIEMBRE;14 AL 19;7;JOSE MARTI;1302;FINALIZADO;MARTI, JOSE 1302;1302 MARTI, JOSE
-58.4642560940331;-34.6453816369986;2759;NOVIEMBRE;14 AL 19;7;PORTELA;1291;FINALIZADO;PORTELA 1291;1291 PORTELA
-58.4640959278408;-34.6453073386654;2760;NOVIEMBRE;14 AL 19;7;PORTELA;1298;FINALIZADO;PORTELA 1298;1298 PORTELA
-58.4640388061391;-34.6453506406003;2761;NOVIEMBRE;14 AL 19;7;PORTELA;1302;FINALIZADO;PORTELA 1302;1302 PORTELA
-58.4638064600807;-34.6457224567861;2762;NOVIEMBRE;14 AL 19;7;PORTELA;1353;FINALIZADO;PORTELA 1353;1353 PORTELA
-58.4637390935935;-34.6457735185925;2763;NOVIEMBRE;14 AL 19;7;PORTELA;1363;FINALIZADO;PORTELA 1363;1363 PORTELA
-58.463119255783;-34.6474722083549;2764;NOVIEMBRE;14 AL 19;7;DELLEPIANE;3490;FINALIZADO;DELLEPIANE, LUIS, TTE. GRAL. 3490;3490 DELLEPIANE, LUIS, TTE. GRAL.
-58.4639881063688;-34.649199217828;2766;NOVIEMBRE;14 AL 19;7;LEVALLE;1706;FINALIZADO;LEVALLE, NICOLAS, TTE.GRAL. 1706;1706 LEVALLE, NICOLAS, TTE.GRAL.
-58.4405481426203;-34.6434955443062;2767;NOVIEMBRE;14 AL 19;7;PUAN;2005;FINALIZADO;PUAN 2005;2005 PUAN
-58.4393431053435;-34.6445217328747;2768;NOVIEMBRE;14 AL 19;7;SOMELLERA;1947;FINALIZADO;SOMELLERA 1947;1947 SOMELLERA
-58.4394546105078;-34.6445469926387;2769;NOVIEMBRE;14 AL 19;7;SOMELLERA;1955;FINALIZADO;SOMELLERA 1955;1955 SOMELLERA
-58.4393216121678;-34.6446664113884;2770;NOVIEMBRE;14 AL 19;7;SOMELLERA;1950;FINALIZADO;SOMELLERA 1950;1950 SOMELLERA
-58.4384645941262;-34.6449465548092;2771;NOVIEMBRE;14 AL 19;7;MIRAFLORES;2146;FINALIZADO;MIRAFLORES 2146;2146 MIRAFLORES
-58.4386152031939;-34.6450331041587;2772;NOVIEMBRE;14 AL 19;7;MIRAFLORES;2149;FINALIZADO;MIRAFLORES 2149;2149 MIRAFLORES
-58.4385945017582;-34.6450895300704;2773;NOVIEMBRE;14 AL 19;7;MIRAFLORES;2153;FINALIZADO;MIRAFLORES 2153;2153 MIRAFLORES
-58.4384111556274;-34.645092212195;2774;NOVIEMBRE;14 AL 19;7;MIRAFLORES;2158;FINALIZADO;MIRAFLORES 2158;2158 MIRAFLORES
-58.4350296565876;-34.646192857733;2775;NOVIEMBRE;14 AL 19;7;AGUSTIN DE VEDIA;2297;FINALIZADO;VEDIA, AGUSTIN DE 2297;2297 VEDIA, AGUSTIN DE
-58.4346804162815;-34.6462105167606;2776;NOVIEMBRE;14 AL 19;7;RIESTRA;1788;FINALIZADO;RIESTRA AV. 1788;1788 RIESTRA AV.
-58.4349788435385;-34.6462948310596;2777;NOVIEMBRE;14 AL 19;7;AGUSTIN DE VEDIA;2301;FINALIZADO;VEDIA, AGUSTIN DE 2301;2301 VEDIA, AGUSTIN DE
-58.4337783037394;-34.6444904824988;2778;NOVIEMBRE;14 AL 19;7;SALVIGNY;1597;FINALIZADO;SALVIGNY 1597;1597 SALVIGNY
-58.4343290483293;-34.6427640891276;2779;NOVIEMBRE;14 AL 19;7;DIEZ DE MEDINA;1393;FINALIZADO;DIEZ DE MEDINA, CLEMENTE 1393;1393 DIEZ DE MEDINA, CLEMENTE
-58.4343173298211;-34.6429102254343;2780;NOVIEMBRE;14 AL 19;7;DIEZ DE MEDINA;1396;FINALIZADO;DIEZ DE MEDINA, CLEMENTE 1396;1396 DIEZ DE MEDINA, CLEMENTE
-58.4345629245245;-34.6427859507721;2781;NOVIEMBRE;14 AL 19;7;MOM;2043;FINALIZADO;MOM 2043;2043 MOM
-58.4328958148902;-34.6427731852976;2782;NOVIEMBRE;14 AL 19;7;PICHEUTA;2069;FINALIZADO;PICHEUTA 2069;2069 PICHEUTA
-58.4329773782872;-34.6425468325814;2783;NOVIEMBRE;14 AL 19;7;PICHEUTA;2049;FINALIZADO;PICHEUTA 2049;2049 PICHEUTA
-58.3827180207178;-34.5967356500734;2784;NOVIEMBRE;14 AL 19;8;MARCELO T DE ALVEAR;1101;FINALIZADO;ALVEAR, MARCELO T. DE 1101;1101 ALVEAR, MARCELO T. DE
-58.3842448835154;-34.597145227672;2785;NOVIEMBRE;14 AL 19;8;LIBERTAD;982;FINALIZADO;LIBERTAD 982;982 LIBERTAD
-58.3838958539889;-34.5981357697938;2786;NOVIEMBRE;14 AL 19;8;PARAGUAY;1190;FINALIZADO;PARAGUAY 1190;1190 PARAGUAY
-58.3841581381829;-34.5981572095172;2787;NOVIEMBRE;14 AL 19;8;PARAGUAY;1204;FINALIZADO;PARAGUAY 1204;1204 PARAGUAY
-58.3854579893483;-34.5981362982084;2788;NOVIEMBRE;14 AL 19;8;TALCAHUANO;901;FINALIZADO;TALCAHUANO 901;901 TALCAHUANO
-58.4760580780961;-34.5533943784197;2789;NOVIEMBRE;14 AL 19;9;FREIRE;3598;FINALIZADO;FREIRE, RAMON, CAP. GRAL. 3598;3598 FREIRE, RAMON, CAP. GRAL.
-58.4759758767382;-34.5532312735891;2790;NOVIEMBRE;14 AL 19;9;FREIRE;3601;FINALIZADO;FREIRE, RAMON, CAP. GRAL. 3601;3601 FREIRE, RAMON, CAP. GRAL.
-58.4761842487361;-34.5532278070442;2791;NOVIEMBRE;14 AL 19;9;FREIRE;3610;FINALIZADO;FREIRE, RAMON, CAP. GRAL. 3610;3610 FREIRE, RAMON, CAP. GRAL.
-58.4814135582795;-34.5563098719034;2792;NOVIEMBRE;14 AL 19;9;NAON;3599;FINALIZADO;NAON, ROMULO 3599;3599 NAON, ROMULO
-58.4843624184826;-34.5576027655168;2793;NOVIEMBRE;14 AL 19;9;CRISOLOGO LARRALDE;4199;FINALIZADO;LARRALDE, CRISOLOGO AV. 4199;4199 LARRALDE, CRISOLOGO AV.
-58.4840997438727;-34.5578910379113;2794;NOVIEMBRE;14 AL 19;9;PLAZA;3583;FINALIZADO;PLAZA 3583;3583 PLAZA
-58.4823179736508;-34.5585096431008;2795;NOVIEMBRE;14 AL 19;9;NUÑEZ;4094;FINALIZADO;NUÑEZ 4094;4094 NUÑEZ
-58.4805522507984;-34.5575225311665;2796;NOVIEMBRE;14 AL 19;9;NUÑEZ;3900;FINALIZADO;NUÑEZ 3900;3900 NUÑEZ
-58.479759122967;-34.5569040068035;2797;NOVIEMBRE;14 AL 19;9;NUÑEZ;3799;FINALIZADO;NUÑEZ 3799;3799 NUÑEZ
-58.4796182515025;-34.556999272256;2798;NOVIEMBRE;14 AL 19;9;NUÑEZ;3794;FINALIZADO;NUÑEZ 3794;3794 NUÑEZ
-58.4796995945083;-34.557044845112;2799;NOVIEMBRE;14 AL 19;9;NUÑEZ;3802;FINALIZADO;NUÑEZ 3802;3802 NUÑEZ
-58.4798321427617;-34.5569449133792;2800;NOVIEMBRE;14 AL 19;9;NUÑEZ;3805;FINALIZADO;NUÑEZ 3805;3805 NUÑEZ
-58.4788175627452;-34.5565974025982;2801;NOVIEMBRE;14 AL 19;9;MELIAN;3490;FINALIZADO;MELIAN AV. 3490;3490 MELIAN AV.
-58.5074369917129;-34.6221140003342;2802;NOVIEMBRE;14 AL 19;10;ALCARAZ Y RENQUE CURA;;FINALIZADO;ALCARAZ Y RENQUE CURA;ALCARAZ & RENQUE CURA
-58.5086477702301;-34.6232782372668;2803;NOVIEMBRE;14 AL 19;10;ALCARAZ Y RANQUELES;;FINALIZADO;ALCARAZ Y RANQUELES;ALCARAZ & RANQUELES
-58.5092400867151;-34.6238471167854;2804;NOVIEMBRE;14 AL 19;10;ALCARAZ Y CALDERON DE LA BARCA;;FINALIZADO;ALCARAZ Y CALDERON DE LA BARCA, PEDRO;ALCARAZ & CALDERON DE LA BARCA, PEDRO
-58.5095560670069;-34.6241505284565;2805;NOVIEMBRE;14 AL 19;10;ALCARAZ Y LA NIÑA;;FINALIZADO;ALCARAZ Y LA NIÑA;ALCARAZ & LA NIÑA
-58.5102087465726;-34.6247761419355;2806;NOVIEMBRE;14 AL 19;10;ALCARAZ Y LA SANTA MARIA;;FINALIZADO;ALCARAZ Y LA SANTA MARIA;ALCARAZ & LA SANTA MARIA
-58.5116595478546;-34.6258581403479;2807;NOVIEMBRE;14 AL 19;10;ALCARAZ Y VIRGILIO;;FINALIZADO;ALCARAZ Y VIRGILIO;ALCARAZ & VIRGILIO
-58.5116845590402;-34.6263777958267;2808;NOVIEMBRE;14 AL 19;10;ALCARAZ Y EL CRIOLLO;;FINALIZADO;ALCARAZ Y EL CRIOLLO;ALCARAZ & EL CRIOLLO
-58.5125847389059;-34.6266756810969;2809;NOVIEMBRE;14 AL 19;10;ALCARAZ Y MOLIERE;;FINALIZADO;ALCARAZ Y MOLIERE;ALCARAZ & MOLIERE
-58.5131029253032;-34.6262991877309;2810;NOVIEMBRE;14 AL 19;10;MOLIERE Y BOLONIA;;FINALIZADO;MOLIERE Y BOLONIA;MOLIERE & BOLONIA
-58.5097175378853;-34.6346256748528;2811;NOVIEMBRE;14 AL 19;10;MAGARIÑOS CERVANTES Y RUIZ DE LOS LLANOS;;FINALIZADO;MAGARIÑOS CERVANTES, A. Y RUIZ DE LOS LLANOS;MAGARIÑOS CERVANTES, A. & RUIZ DE LOS LLANOS
-58.5116678131119;-34.6331140828982;2812;NOVIEMBRE;14 AL 19;10;SAN BLAS Y RUIZ DE LOS LLANOS;;FINALIZADO;SAN BLAS Y RUIZ DE LOS LLANOS;SAN BLAS & RUIZ DE LOS LLANOS
-58.5116000127157;-34.5966514951312;2813;NOVIEMBRE;14 AL 19;11;HABANA;3815;FINALIZADO;HABANA 3815;3815 HABANA
-58.5157244384261;-34.5991952756698;2814;NOVIEMBRE;14 AL 19;11;HABANA;4199;FINALIZADO;HABANA 4199;4199 HABANA
-58.5083542452804;-34.5954224121063;2815;NOVIEMBRE;14 AL 19;11;GUTEMBERG;3598;FINALIZADO;GUTENBERG 3598;3598 GUTENBERG
-58.5249143243251;-34.6048671862205;2816;NOVIEMBRE;14 AL 19;11;HABANA;4899;FINALIZADO;HABANA 4899;4899 HABANA
-58.52477840673;-34.6049632014817;2817;NOVIEMBRE;14 AL 19;11;HABANA;4898;FINALIZADO;HABANA 4898;4898 HABANA
-58.525216377134;-34.6046362155513;2818;NOVIEMBRE;14 AL 19;11;LASTRA;4389;FINALIZADO;LASTRA AV. 4389;4389 LASTRA AV.
-58.5135304230471;-34.5978364057358;2819;NOVIEMBRE;14 AL 19;11;HABANA;3999;FINALIZADO;HABANA 3999;3999 HABANA
-58.5136018952248;-34.5980630814234;2820;NOVIEMBRE;14 AL 19;11;HABANA;4002;FINALIZADO;HABANA 4002;4002 HABANA
-58.5137064747412;-34.5979476514857;2821;NOVIEMBRE;14 AL 19;11;HABANA;4001;FINALIZADO;HABANA 4001;4001 HABANA
-58.5134089380881;-34.597941131861;2822;NOVIEMBRE;14 AL 19;11;HABANA;3998;FINALIZADO;HABANA 3998;3998 HABANA
-58.5064044817053;-34.5777307048767;2823;NOVIEMBRE;14 AL 19;12;LARSEN Y CONDARCO;;FINALIZADO;LARSEN Y CONDARCO;LARSEN & CONDARCO
-58.4792190551023;-34.548069068589;2824;NOVIEMBRE;14 AL 19;12;BESARES;3239;FINALIZADO;BESARES 3239;3239 BESARES
-58.5133448407007;-34.5820430601734;2825;NOVIEMBRE;14 AL 19;12;ESTANISLAO ZEBALLOS Y LARSEN;;FINALIZADO;ZEBALLOS, ESTANISLAO S. Y LARSEN;ZEBALLOS, ESTANISLAO S. & LARSEN
-58.5040766014639;-34.5887262622659;2826;NOVIEMBRE;14 AL 19;12;HELGUERA Y GABRIELA MISTRAL;;FINALIZADO;HELGUERA Y MISTRAL, GABRIELA;HELGUERA & MISTRAL, GABRIELA
-58.4716884896257;-34.5474952325722;2827;NOVIEMBRE;14 AL 19;12;PAROISSIEN Y AMENABAR;;FINALIZADO;PAROISSIEN Y AMENABAR;PAROISSIEN & AMENABAR
-58.4756224279438;-34.5421060337919;2828;NOVIEMBRE;14 AL 19;12;MOLDES Y DEHEZA;;FINALIZADO;MOLDES Y DEHEZA;MOLDES & DEHEZA
-58.5063827216943;-34.5837473603158;2829;NOVIEMBRE;14 AL 19;12;CABEZON;2996;FINALIZADO;CABEZON, JOSE LEON 2996;2996 CABEZON, JOSE LEON
-58.5071824709548;-34.5841530139921;2830;NOVIEMBRE;14 AL 19;12;CABEZON Y AGUSTIN ALVAREZ;;FINALIZADO;CABEZON, JOSE LEON Y ALVAREZ, AGUSTIN;CABEZON, JOSE LEON & ALVAREZ, AGUSTIN
-58.507148280502;-34.5853464548013;2831;NOVIEMBRE;14 AL 19;12;LADINES Y HELGUERA;;FINALIZADO;LADINES Y HELGUERA;LADINES & HELGUERA
-58.480457088967;-34.6274402847757;2832;NOVIEMBRE;14 AL 19;14;ARANGUREN;3610;FINALIZADO;ARANGUREN, JUAN F., DR. 3610;3610 ARANGUREN, JUAN F., DR.
-58.4804274414921;-34.6272815117079;2833;NOVIEMBRE;14 AL 19;14;ARANGUREN;3601;FINALIZADO;ARANGUREN, JUAN F., DR. 3601;3601 ARANGUREN, JUAN F., DR.
-58.4803427472273;-34.6272596190864;2834;NOVIEMBRE;14 AL 19;14;ARANGUREN;3597;FINALIZADO;ARANGUREN, JUAN F., DR. 3597;3597 ARANGUREN, JUAN F., DR.
-58.4793548530948;-34.6270041892352;2835;NOVIEMBRE;14 AL 19;14;ARANGUREN;3501;FINALIZADO;ARANGUREN, JUAN F., DR. 3501;3501 ARANGUREN, JUAN F., DR.
-58.4793027652723;-34.6271418423962;2836;NOVIEMBRE;14 AL 19;14;ARANGUREN;3502;FINALIZADO;ARANGUREN, JUAN F., DR. 3502;3502 ARANGUREN, JUAN F., DR.
-58.4792165345114;-34.6271195580128;2837;NOVIEMBRE;14 AL 19;14;ARANGUREN;3498;FINALIZADO;ARANGUREN, JUAN F., DR. 3498;3498 ARANGUREN, JUAN F., DR.
-58.4646666303216;-34.593806895519;2839;NOVIEMBRE;14 AL 19;15;GARMENDIA;4800;FINALIZADO;GARMENDIA AV. 4800;4800 GARMENDIA AV.
-58.4651102380164;-34.5953400540145;2840;NOVIEMBRE;14 AL 19;15;GARMENDIA;4900;FINALIZADO;GARMENDIA AV. 4900;4900 GARMENDIA AV.
-58.4868303496273;-34.5857541717666;2841;NOVIEMBRE;14 AL 19;15;GIRIBONE;3381;FINALIZADO;GIRIBONE 3381;3381 GIRIBONE
-58.4868517210629;-34.5857674223694;2842;NOVIEMBRE;14 AL 19;15;GIRIBONE;3383;FINALIZADO;GIRIBONE 3383;3383 GIRIBONE
-58.4867737150173;-34.5858993192412;2843;NOVIEMBRE;14 AL 19;15;GIRIBONE;3392;FINALIZADO;GIRIBONE 3392;3392 GIRIBONE
-58.481360534879;-34.5825340305221;2844;NOVIEMBRE;14 AL 19;15;LIVERPOOL;2839;FINALIZADO;LIVERPOOL 2839;2839 LIVERPOOL
-58.4814758302017;-34.5825381915992;2845;NOVIEMBRE;14 AL 19;15;LIVERPOOL;2849;FINALIZADO;LIVERPOOL 2849;2849 LIVERPOOL
-58.4813529334674;-34.5826781259764;2846;NOVIEMBRE;14 AL 19;15;LIVERPOOL;2840;FINALIZADO;LIVERPOOL 2840;2840 LIVERPOOL
-58.4816849184184;-34.5814115436413;2847;NOVIEMBRE;14 AL 19;15;BALLIVIAN;2798;FINALIZADO;BALLIVIAN 2798;2798 BALLIVIAN
-58.4819027103707;-34.5813622145063;2848;NOVIEMBRE;14 AL 19;15;BALLIVIAN;2805;FINALIZADO;BALLIVIAN 2805;2805 BALLIVIAN
-58.4826525373273;-34.5819768874675;2849;NOVIEMBRE;14 AL 19;15;BALLIVIAN;2896;FINALIZADO;BALLIVIAN 2896;2896 BALLIVIAN
-58.4818049938462;-34.5813051142509;2850;NOVIEMBRE;14 AL 19;15;BALLIVIAN;2799;FINALIZADO;BALLIVIAN 2799;2799 BALLIVIAN
-58.4827660574051;-34.5820432046715;2851;NOVIEMBRE;14 AL 19;15;BALLIVIAN;2902;FINALIZADO;BALLIVIAN 2902;2902 BALLIVIAN
-58.4828666569069;-34.5819253927352;2852;NOVIEMBRE;14 AL 19;15;BALLIVIAN;2901;FINALIZADO;BALLIVIAN 2901;2901 BALLIVIAN
-58.4827909493889;-34.5818811675887;2853;NOVIEMBRE;14 AL 19;15;BALLIVIAN;2899;FINALIZADO;BALLIVIAN 2899;2899 BALLIVIAN
-58.399034751838;-34.5933019683869;2854;NOVIEMBRE;21 AL 26;2 Y 3;AZCUENAGA;1307;EN EJECUCIÓN;AZCUENAGA 1307;1307 AZCUENAGA
-58.3932887043572;-34.5948760211844;2855;NOVIEMBRE;21 AL 26;2 Y 3;CALLAO;1198;EN EJECUCIÓN;CALLAO AV. 1198;1198 CALLAO AV.
-58.3909404810632;-34.5907934315656;2856;NOVIEMBRE;21 AL 26;2 Y 3;CALLAO;1604;EN EJECUCIÓN;CALLAO AV. 1604;1604 CALLAO AV.
-58.3869870674211;-34.5875700310538;2857;NOVIEMBRE;21 AL 26;2 Y 3;CALLAO;2001;EN EJECUCIÓN;CALLAO AV. 2001;2001 CALLAO AV.
-58.4072768965235;-34.5936426125028;2858;NOVIEMBRE;21 AL 26;2 Y 3;CHARCAS;2900;EN EJECUCIÓN;CHARCAS 2900;2900 CHARCAS
-58.400284777836;-34.5929800002329;2859;NOVIEMBRE;21 AL 26;2 Y 3;LARREA;1249;EN EJECUCIÓN;LARREA 1249;1249 LARREA
-58.3988377568831;-34.5883562364765;2860;NOVIEMBRE;21 AL 26;2 Y 3;PUEYRREDON;2000;EN EJECUCIÓN;PUEYRREDON AV. 2000;2000 PUEYRREDON AV.
-58.3944261855993;-34.5947671752386;2861;NOVIEMBRE;21 AL 26;2 Y 3;RIOBAMBA;1199;EN EJECUCIÓN;RIOBAMBA 1199;1199 RIOBAMBA
-58.3947699385189;-34.5957698999959;2862;NOVIEMBRE;21 AL 26;2 Y 3;RIOBAMBA;1102;EN EJECUCIÓN;RIOBAMBA 1102;1102 RIOBAMBA
-58.38991955659;-34.5918227664093;2863;NOVIEMBRE;21 AL 26;2 Y 3;RODRIGUEZ PEÑA;1595;EN EJECUCIÓN;RODRIGUEZ PEÑA 1595;1595 RODRIGUEZ PEÑA
-58.3988251484355;-34.5997485525191;2864;NOVIEMBRE;21 AL 26;2 Y 3;JOSE E URIBURU;802;EN EJECUCIÓN;URIBURU JOSE E., PRES. 802;802 URIBURU JOSE E., PRES.
-58.4649630245751;-34.6309117063025;2865;NOVIEMBRE;21 AL 26;5 Y 6;RAMON FALCON Y VARELA;;EN EJECUCIÓN;FALCON, RAMON L.,CNEL. Y VARELA;FALCON, RAMON L.,CNEL. & VARELA
-58.4582025294552;-34.6288269267678;2866;NOVIEMBRE;21 AL 26;5 Y 6;RAMON FALCON Y CAMACUA;;EN EJECUCIÓN;FALCON, RAMON L.,CNEL. Y CAMACUA;FALCON, RAMON L.,CNEL. & CAMACUA
-58.4635941146457;-34.630498753067;2867;NOVIEMBRE;21 AL 26;5 Y 6;RAMON FALCON Y PEDERNERA;;EN EJECUCIÓN;FALCON, RAMON L.,CNEL. Y PEDERNERA;FALCON, RAMON L.,CNEL. & PEDERNERA
-58.4674445134544;-34.6301459063679;2868;NOVIEMBRE;21 AL 26;5 Y 6;RIVADAVIA Y LA PORTEÑA;;EN EJECUCIÓN;RIVADAVIA AV. Y LA PORTEÑA;RIVADAVIA AV. & LA PORTEÑA
-58.4669095408965;-34.6300096532951;2869;NOVIEMBRE;21 AL 26;5 Y 6;RIVADAVIA Y CONDARCO;;EN EJECUCIÓN;RIVADAVIA AV. Y CONDARCO;RIVADAVIA AV. & CONDARCO
-58.4304106639216;-34.604034882831;2870;NOVIEMBRE;21 AL 26;5 Y 6;SARMIENTO Y LAMBARE;;EN EJECUCIÓN;SARMIENTO Y LAMBARE;SARMIENTO & LAMBARE
-58.4292863223501;-34.6377292664866;2871;NOVIEMBRE;21 AL 26;7;SARAZA;798;EN EJECUCIÓN;SARAZA 798;798 SARAZA
-58.4293440330221;-34.6375920386608;2872;NOVIEMBRE;21 AL 26;7;SARAZA;799;EN EJECUCIÓN;SARAZA 799;799 SARAZA
-58.4551954044477;-34.6403189852705;2873;NOVIEMBRE;21 AL 26;7;EVARISTO CARRIEGO;1005;EN EJECUCIÓN;CARRIEGO, EVARISTO 1005;1005 CARRIEGO, EVARISTO
-58.4543070908655;-34.6395137240664;2874;NOVIEMBRE;21 AL 26;7;NEPPER;1005;EN EJECUCIÓN;NEPPER 1005;1005 NEPPER
-58.4540470581853;-34.6392108012101;2875;NOVIEMBRE;21 AL 26;7;EVA PERON;2330;EN EJECUCIÓN;PERON, EVA AV. 2330;2330 PERON, EVA AV.
-58.4543450750346;-34.6392905527468;2876;NOVIEMBRE;21 AL 26;7;EVA PERON;2345;EN EJECUCIÓN;PERON, EVA AV. 2345;2345 PERON, EVA AV.
-58.4539597690259;-34.6388859028981;2877;NOVIEMBRE;21 AL 26;7;EVA PERON;2311;EN EJECUCIÓN;PERON, EVA AV. 2311;2311 PERON, EVA AV.
-58.4540120756924;-34.6389408401691;2878;NOVIEMBRE;21 AL 26;7;EVA PERON;2317;EN EJECUCIÓN;PERON, EVA AV. 2317;2317 PERON, EVA AV.
-58.4527409534073;-34.6403296830128;2879;NOVIEMBRE;21 AL 26;7;CARLOS ORTIZ;1107;EN EJECUCIÓN;ORTIZ, CARLOS 1107;1107 ORTIZ, CARLOS
-58.458452309029;-34.639734266654;2880;NOVIEMBRE;21 AL 26;7;VARELA;915;EN EJECUCIÓN;VARELA AV. 915;915 VARELA AV.
-58.458721457733;-34.6395710558556;2881;NOVIEMBRE;21 AL 26;7;PRIMERA JUNTA;2615;EN EJECUCIÓN;PRIMERA JUNTA 2615;2615 PRIMERA JUNTA
-58.4565600023746;-34.6498912647126;2882;NOVIEMBRE;21 AL 26;7;BALBASTRO;3102;EN EJECUCIÓN;BALBASTRO 3102;3102 BALBASTRO
-58.4324416925136;-34.6358772662884;2883;NOVIEMBRE;21 AL 26;7;JOSE MARIA MORENO;1481;EN EJECUCIÓN;MORENO, JOSE MARIA AV. 1481;1481 MORENO, JOSE MARIA AV.
-58.4273429345023;-34.6361932586807;2884;NOVIEMBRE;21 AL 26;7;BALBASTRO;602;EN EJECUCIÓN;BALBASTRO 602;602 BALBASTRO
-58.434248091692;-34.6390195857704;2885;NOVIEMBRE;21 AL 26;7;PICHEUTA;1749;EN EJECUCIÓN;PICHEUTA 1749;1749 PICHEUTA
-58.4393772990109;-34.6384858554742;2886;NOVIEMBRE;21 AL 26;7;VICTOR MARTINEZ;1591;EN EJECUCIÓN;MARTINEZ, VICTOR 1591;1591 MARTINEZ, VICTOR
-58.4483782645473;-34.6356102778971;2887;NOVIEMBRE;21 AL 26;7;EVA PERON;1796;EN EJECUCIÓN;PERON, EVA AV. 1796;1796 PERON, EVA AV.
-58.4483334061364;-34.6360088055841;2888;NOVIEMBRE;21 AL 26;7;THORNE;1035;EN EJECUCIÓN;THORNE 1035;1035 THORNE
-58.4493783923365;-34.6362841256797;2889;NOVIEMBRE;21 AL 26;7;EVA PERON;1898;EN EJECUCIÓN;PERON, EVA AV. 1898;1898 PERON, EVA AV.
-58.4494551208583;-34.6363358242003;2890;NOVIEMBRE;21 AL 26;7;EVA PERON;1902;EN EJECUCIÓN;PERON, EVA AV. 1902;1902 PERON, EVA AV.
-58.4460470766115;-34.64286190166;2891;NOVIEMBRE;21 AL 26;7;SARAZA;2196;EN EJECUCIÓN;SARAZA 2196;2196 SARAZA
-58.448847206496;-34.6370830194805;2892;NOVIEMBRE;21 AL 26;7;ZUVIRIA;1966;EN EJECUCIÓN;ZUVIRIA 1966;1966 ZUVIRIA
-58.4526727299144;-34.6379844474219;2893;NOVIEMBRE;21 AL 26;7;LAUTARO;991;EN EJECUCIÓN;LAUTARO 991;991 LAUTARO
-58.4525522789153;-34.6379963871168;2894;NOVIEMBRE;21 AL 26;7;EVA PERON;2199;EN EJECUCIÓN;PERON, EVA AV. 2199;2199 PERON, EVA AV.
-58.4293547125289;-34.6336464970967;2895;NOVIEMBRE;21 AL 26;7;VIEL;1443;EN EJECUCIÓN;VIEL 1443;1443 VIEL
-58.4519958177511;-34.6361481241181;2896;NOVIEMBRE;21 AL 26;7;CARABOBO;876;EN EJECUCIÓN;CARABOBO AV. 876;876 CARABOBO AV.
-58.4518595319255;-34.6364250587703;2897;NOVIEMBRE;21 AL 26;7;CARABOBO;898;EN EJECUCIÓN;CARABOBO AV. 898;898 CARABOBO AV.
-58.452008205164;-34.6365057539722;2898;NOVIEMBRE;21 AL 26;7;CARABOBO;899;EN EJECUCIÓN;CARABOBO AV. 899;899 CARABOBO AV.
-58.4519899996983;-34.6365427457591;2899;NOVIEMBRE;21 AL 26;7;CARABOBO;901;EN EJECUCIÓN;CARABOBO AV. 901;901 CARABOBO AV.
-58.4518283577522;-34.6364884053165;2900;NOVIEMBRE;21 AL 26;7;CARABOBO;902;EN EJECUCIÓN;CARABOBO AV. 902;902 CARABOBO AV.
-58.4533133179191;-34.6362317977303;2901;NOVIEMBRE;21 AL 26;7;LAUTARO;866;EN EJECUCIÓN;LAUTARO 866;866 LAUTARO
-58.4426979009563;-34.6311996182058;2902;NOVIEMBRE;21 AL 26;7;FERNANDEZ MORENO;1119;EN EJECUCIÓN;FERNANDEZ MORENO, BALDOMERO 1119;1119 FERNANDEZ MORENO, BALDOMERO
-58.4482539955776;-34.6329147041089;2903;NOVIEMBRE;21 AL 26;7;MALVINAS ARGENTINAS;791;EN EJECUCIÓN;MALVINAS ARGENTINAS 791;791 MALVINAS ARGENTINAS
-58.4540467927889;-34.6347926254897;2904;NOVIEMBRE;21 AL 26;7;FERNANDEZ MORENO;2099;EN EJECUCIÓN;FERNANDEZ MORENO, BALDOMERO 2099;2099 FERNANDEZ MORENO, BALDOMERO
-58.4541128708433;-34.6348137234979;2905;NOVIEMBRE;21 AL 26;7;FERNANDEZ MORENO;2101;EN EJECUCIÓN;FERNANDEZ MORENO, BALDOMERO 2101;2101 FERNANDEZ MORENO, BALDOMERO
-58.4550440318691;-34.6351314196487;2906;NOVIEMBRE;21 AL 26;7;CAMACUA;698;EN EJECUCIÓN;CAMACUA 698;698 CAMACUA
-58.45516876423;-34.6352628192378;2907;NOVIEMBRE;21 AL 26;7;CAMACUA;701;EN EJECUCIÓN;CAMACUA 701;701 CAMACUA
-58.4550387762967;-34.63526396875;2908;NOVIEMBRE;21 AL 26;7;FERNANDEZ MORENO;2200;EN EJECUCIÓN;FERNANDEZ MORENO, BALDOMERO 2200;2200 FERNANDEZ MORENO, BALDOMERO
-58.455167638169;-34.6351497845672;2909;NOVIEMBRE;21 AL 26;7;FERNANDEZ MORENO;2201;EN EJECUCIÓN;FERNANDEZ MORENO, BALDOMERO 2201;2201 FERNANDEZ MORENO, BALDOMERO
-58.4554318491438;-34.6373388355347;2910;NOVIEMBRE;21 AL 26;7;ESPARTACO;875;EN EJECUCIÓN;ESPARTACO 875;875 ESPARTACO
-58.4552588275875;-34.6372856543737;2911;NOVIEMBRE;21 AL 26;7;ESPARTACO;882;EN EJECUCIÓN;ESPARTACO 882;882 ESPARTACO
-58.4555079598638;-34.6374228034686;2912;NOVIEMBRE;21 AL 26;7;CARLOS ORTIZ;878;EN EJECUCIÓN;ORTIZ, CARLOS 878;878 ORTIZ, CARLOS
-58.4556424718717;-34.6375146837827;2913;NOVIEMBRE;21 AL 26;7;CARLOS ORTIZ;877;EN EJECUCIÓN;ORTIZ, CARLOS 877;877 ORTIZ, CARLOS
-58.4559294582589;-34.637614631745;2914;NOVIEMBRE;21 AL 26;7;JUAN JOSE NAON;865;EN EJECUCIÓN;NAON, JUAN JOSE 865;865 NAON, JUAN JOSE
-58.4557039021767;-34.6376137931741;2915;NOVIEMBRE;21 AL 26;7;JUAN JOSE NAON;882;EN EJECUCIÓN;NAON, JUAN JOSE 882;882 NAON, JUAN JOSE
-58.4559160385449;-34.6378393235233;2916;NOVIEMBRE;21 AL 26;7;MEMBRILLAR;860;EN EJECUCIÓN;MEMBRILLAR 860;860 MEMBRILLAR
-58.4558352408974;-34.6379220868464;2917;NOVIEMBRE;21 AL 26;7;MEMBRILLAR;870;EN EJECUCIÓN;MEMBRILLAR 870;870 MEMBRILLAR
-58.457333124353;-34.6391032110064;2918;NOVIEMBRE;21 AL 26;7;PEDERNERA;946;EN EJECUCIÓN;PEDERNERA 946;946 PEDERNERA
-58.4572831191061;-34.6391440744269;2919;NOVIEMBRE;21 AL 26;7;PEDERNERA;950;EN EJECUCIÓN;PEDERNERA 950;950 PEDERNERA
-58.4566503055571;-34.6385154742948;2920;NOVIEMBRE;21 AL 26;7;RODRIGUEZ IGNACIO;2407;EN EJECUCIÓN;RODRIGUEZ, IGNACIO F. 2407;2407 RODRIGUEZ, IGNACIO F.
-58.4565292763908;-34.6386193789084;2921;NOVIEMBRE;21 AL 26;7;RODRIGUEZ IGNACIO;2408;EN EJECUCIÓN;RODRIGUEZ, IGNACIO F. 2408;2408 RODRIGUEZ, IGNACIO F.
-58.4598750820561;-34.6419219778243;2922;NOVIEMBRE;21 AL 26;7;CASTAÑON;1092;EN EJECUCIÓN;CASTAÑON 1092;1092 CASTAÑON
-58.4652986673874;-34.6415178311499;2923;NOVIEMBRE;21 AL 26;7;QUIRNO;850;EN EJECUCIÓN;QUIRNO 850;850 QUIRNO
-58.4639881063688;-34.649199217828;2924;NOVIEMBRE;21 AL 26;7;LEVALLE;1706;EN EJECUCIÓN;LEVALLE, NICOLAS, TTE.GRAL. 1706;1706 LEVALLE, NICOLAS, TTE.GRAL.
-58.4405481426203;-34.6434955443062;2925;NOVIEMBRE;21 AL 26;7;PUAN;2005;EN EJECUCIÓN;PUAN 2005;2005 PUAN
-58.4384645941262;-34.6449465548092;2926;NOVIEMBRE;21 AL 26;7;MIRAFLORES;2146;EN EJECUCIÓN;MIRAFLORES 2146;2146 MIRAFLORES
-58.4350296565876;-34.646192857733;2927;NOVIEMBRE;21 AL 26;7;AGUSTIN DE VEDIA;2297;EN EJECUCIÓN;VEDIA, AGUSTIN DE 2297;2297 VEDIA, AGUSTIN DE
-58.4346804162815;-34.6462105167606;2928;NOVIEMBRE;21 AL 26;7;RIESTRA;1788;EN EJECUCIÓN;RIESTRA AV. 1788;1788 RIESTRA AV.
-58.4349788435385;-34.6462948310596;2929;NOVIEMBRE;21 AL 26;7;AGUSTIN DE VEDIA;2301;EN EJECUCIÓN;VEDIA, AGUSTIN DE 2301;2301 VEDIA, AGUSTIN DE
-58.4337783037394;-34.6444904824988;2930;NOVIEMBRE;21 AL 26;7;SALVIGNY;1597;EN EJECUCIÓN;SALVIGNY 1597;1597 SALVIGNY
-58.4328958148902;-34.6427731852976;2931;NOVIEMBRE;21 AL 26;7;PICHEUTA;2069;EN EJECUCIÓN;PICHEUTA 2069;2069 PICHEUTA
-58.4329773782872;-34.6425468325814;2932;NOVIEMBRE;21 AL 26;7;PICHEUTA;2049;EN EJECUCIÓN;PICHEUTA 2049;2049 PICHEUTA
-58.3827180207178;-34.5967356500734;2933;NOVIEMBRE;21 AL 26;8;MARCELO T DE ALVEAR;1101;EN EJECUCIÓN;ALVEAR, MARCELO T. DE 1101;1101 ALVEAR, MARCELO T. DE
-58.3900385087302;-34.6280871027986;2934;NOVIEMBRE;21 AL 26;8;ANTEQUERA;1743;EN EJECUCIÓN;ANTEQUERA 1743;1743 ANTEQUERA
-58.3901219230726;-34.6282347668811;2935;NOVIEMBRE;21 AL 26;8;ANTEQUERA;1750;EN EJECUCIÓN;ANTEQUERA 1750;1750 ANTEQUERA
-58.3901809698058;-34.6280926917246;2936;NOVIEMBRE;21 AL 26;8;ANTEQUERA;1751;EN EJECUCIÓN;ANTEQUERA 1751;1751 ANTEQUERA
-58.3902798471482;-34.6282409690049;2937;NOVIEMBRE;21 AL 26;8;ANTEQUERA;1758;EN EJECUCIÓN;ANTEQUERA 1758;1758 ANTEQUERA
-58.3905715363405;-34.6315569296005;2938;NOVIEMBRE;21 AL 26;8;ENTRE RIOS;2002;EN EJECUCIÓN;ENTRE RIOS AV. 2002;2002 ENTRE RIOS AV.
-58.3907031598444;-34.630452797866;2939;NOVIEMBRE;21 AL 26;8;ENTRE RIOS;1898;EN EJECUCIÓN;ENTRE RIOS AV. 1898;1898 ENTRE RIOS AV.
-58.3906925635916;-34.6305416749412;2940;NOVIEMBRE;21 AL 26;8;ENTRE RIOS;1902;EN EJECUCIÓN;ENTRE RIOS AV. 1902;1902 ENTRE RIOS AV.
-58.3826083369134;-34.6301792090471;2941;NOVIEMBRE;21 AL 26;8;SALTA;1898;EN EJECUCIÓN;SALTA 1898;1898 SALTA
-58.3881486061828;-34.6287738539257;2942;NOVIEMBRE;21 AL 26;8;BRASIL;1601;EN EJECUCIÓN;BRASIL 1601;1601 BRASIL
-58.3856574006568;-34.6283479321241;2943;NOVIEMBRE;21 AL 26;8;BRASIL;1399;EN EJECUCIÓN;BRASIL 1399;1399 BRASIL
-58.3815042192666;-34.628232194152;2944;NOVIEMBRE;21 AL 26;8;LIMA;1735;EN EJECUCIÓN;LIMA 1735;1735 LIMA
-58.3813209110407;-34.6284803549164;2945;NOVIEMBRE;21 AL 26;8;LIMA;1758;EN EJECUCIÓN;LIMA 1758;1758 LIMA
-58.3813289998093;-34.6282509336512;2946;NOVIEMBRE;21 AL 26;8;LIMA;1738;EN EJECUCIÓN;LIMA 1738;1738 LIMA
-58.3842448835154;-34.597145227672;2947;NOVIEMBRE;21 AL 26;8;LIBERTAD;982;EN EJECUCIÓN;LIBERTAD 982;982 LIBERTAD
-58.3838958539889;-34.5981357697938;2948;NOVIEMBRE;21 AL 26;8;PARAGUAY;1190;EN EJECUCIÓN;PARAGUAY 1190;1190 PARAGUAY
-58.3841581381829;-34.5981572095172;2949;NOVIEMBRE;21 AL 26;8;PARAGUAY;1204;EN EJECUCIÓN;PARAGUAY 1204;1204 PARAGUAY
-58.3854579893483;-34.5981362982084;2950;NOVIEMBRE;21 AL 26;8;TALCAHUANO;901;EN EJECUCIÓN;TALCAHUANO 901;901 TALCAHUANO
-58.4760580780961;-34.5533943784197;2951;NOVIEMBRE;21 AL 26;9;FREIRE;3598;EN EJECUCIÓN;FREIRE, RAMON, CAP. GRAL. 3598;3598 FREIRE, RAMON, CAP. GRAL.
-58.4759758767382;-34.5532312735891;2952;NOVIEMBRE;21 AL 26;9;FREIRE;3601;EN EJECUCIÓN;FREIRE, RAMON, CAP. GRAL. 3601;3601 FREIRE, RAMON, CAP. GRAL.
-58.4761842487361;-34.5532278070442;2953;NOVIEMBRE;21 AL 26;9;FREIRE;3610;EN EJECUCIÓN;FREIRE, RAMON, CAP. GRAL. 3610;3610 FREIRE, RAMON, CAP. GRAL.
-58.4823179736508;-34.5585096431008;2954;NOVIEMBRE;21 AL 26;9;NUÑEZ;4094;EN EJECUCIÓN;NUÑEZ 4094;4094 NUÑEZ
-58.4816124260658;-34.5579413561751;2955;NOVIEMBRE;21 AL 26;9;NUÑEZ;4001;EN EJECUCIÓN;NUÑEZ 4001;4001 NUÑEZ
-58.4856643940225;-34.5527137264887;2956;NOVIEMBRE;21 AL 26;9;ESTOMBA;4090;EN EJECUCIÓN;ESTOMBA 4090;4090 ESTOMBA
-58.4805522507984;-34.5575225311665;2957;NOVIEMBRE;21 AL 26;9;NUÑEZ;3900;EN EJECUCIÓN;NUÑEZ 3900;3900 NUÑEZ
-58.479759122967;-34.5569040068035;2958;NOVIEMBRE;21 AL 26;9;NUÑEZ;3799;EN EJECUCIÓN;NUÑEZ 3799;3799 NUÑEZ
-58.4796182515025;-34.556999272256;2959;NOVIEMBRE;21 AL 26;9;NUÑEZ;3794;EN EJECUCIÓN;NUÑEZ 3794;3794 NUÑEZ
-58.4796995945083;-34.557044845112;2960;NOVIEMBRE;21 AL 26;9;NUÑEZ;3802;EN EJECUCIÓN;NUÑEZ 3802;3802 NUÑEZ
-58.4798321427617;-34.5569449133792;2961;NOVIEMBRE;21 AL 26;9;NUÑEZ;3805;EN EJECUCIÓN;NUÑEZ 3805;3805 NUÑEZ
-58.4788175627452;-34.5565974025982;2962;NOVIEMBRE;21 AL 26;9;MELIAN;3490;EN EJECUCIÓN;MELIAN AV. 3490;3490 MELIAN AV.
-58.473495151235;-34.5535700735222;2963;NOVIEMBRE;21 AL 26;9;NUÑEZ;3098;EN EJECUCIÓN;NUÑEZ 3098;3098 NUÑEZ
-58.5116595478546;-34.6258581403479;2964;NOVIEMBRE;21 AL 26;10;ALCARAZ Y VIRGILIO;;EN EJECUCIÓN;ALCARAZ Y VIRGILIO;ALCARAZ & VIRGILIO
-58.5116845590402;-34.6263777958267;2965;NOVIEMBRE;21 AL 26;10;ALCARAZ Y EL CRIOLLO;;EN EJECUCIÓN;ALCARAZ Y EL CRIOLLO;ALCARAZ & EL CRIOLLO
-58.5125847389059;-34.6266756810969;2966;NOVIEMBRE;21 AL 26;10;ALCARAZ Y MOLIERE;;EN EJECUCIÓN;ALCARAZ Y MOLIERE;ALCARAZ & MOLIERE
-58.5131029253032;-34.6262991877309;2967;NOVIEMBRE;21 AL 26;10;MOLIERE Y BOLONIA;;EN EJECUCIÓN;MOLIERE Y BOLONIA;MOLIERE & BOLONIA
-58.4269668570125;-34.6256654200166;2968;NOVIEMBRE;21 AL 26;11;LA PLATA;832;EN EJECUCIÓN;LA PLATA AV. 832;832 LA PLATA AV.
-58.4176816427501;-34.6256639471226;2969;NOVIEMBRE;21 AL 26;11;SAN JUAN Y COLOMBRES;;EN EJECUCIÓN;SAN JUAN AV. Y COLOMBRES;SAN JUAN AV. & COLOMBRES
-58.5098936372245;-34.5858225555738;2970;NOVIEMBRE;21 AL 26;12;CABEZON Y ZEBALLOS;;EN EJECUCIÓN;CABEZON, JOSE LEON Y ZEBALLOS, ESTANISLAO S.;CABEZON, JOSE LEON & ZEBALLOS, ESTANISLAO S.
-58.5091781841693;-34.5853802764108;2971;NOVIEMBRE;21 AL 26;12;CABEZON Y CUENCA;;EN EJECUCIÓN;CABEZON, JOSE LEON Y CUENCA;CABEZON, JOSE LEON & CUENCA
-58.4793940325505;-34.5471579990722;2972;NOVIEMBRE;21 AL 26;12;PINTO Y RUIZ HUIDOBRO;;EN EJECUCIÓN;PINTO Y RUIZ HUIDOBRO;PINTO & RUIZ HUIDOBRO
-58.4748182067741;-34.5413644610089;2973;NOVIEMBRE;21 AL 26;12;MALHARRO Y SAN ISIDRO;;EN EJECUCIÓN;MALHARRO, MARTIN A. Y SAN ISIDRO LABRADOR AV.;MALHARRO, MARTIN A. & SAN ISIDRO LABRADOR AV.
-58.480457088967;-34.6274402847757;2976;NOVIEMBRE;21 AL 26;14;ARANGUREN;3610;EN EJECUCIÓN;ARANGUREN, JUAN F., DR. 3610;3610 ARANGUREN, JUAN F., DR.
-58.4804274414921;-34.6272815117079;2977;NOVIEMBRE;21 AL 26;14;ARANGUREN;3601;EN EJECUCIÓN;ARANGUREN, JUAN F., DR. 3601;3601 ARANGUREN, JUAN F., DR.
-58.4803427472273;-34.6272596190864;2978;NOVIEMBRE;21 AL 26;14;ARANGUREN;3597;EN EJECUCIÓN;ARANGUREN, JUAN F., DR. 3597;3597 ARANGUREN, JUAN F., DR.
-58.4793548530948;-34.6270041892352;2979;NOVIEMBRE;21 AL 26;14;ARANGUREN;3501;EN EJECUCIÓN;ARANGUREN, JUAN F., DR. 3501;3501 ARANGUREN, JUAN F., DR.
-58.4793027652723;-34.6271418423962;2980;NOVIEMBRE;21 AL 26;14;ARANGUREN;3502;EN EJECUCIÓN;ARANGUREN, JUAN F., DR. 3502;3502 ARANGUREN, JUAN F., DR.
-58.4792165345114;-34.6271195580128;2981;NOVIEMBRE;21 AL 26;14;ARANGUREN;3498;EN EJECUCIÓN;ARANGUREN, JUAN F., DR. 3498;3498 ARANGUREN, JUAN F., DR.
-58.4792197127147;-34.5833009771109;2983;NOVIEMBRE;21 AL 26;15;VICTORICA;2702;EN EJECUCIÓN;VICTORICA, BENJAMIN, GENERAL, AV. 2702;2702 VICTORICA, BENJAMIN, GENERAL, AV.
-58.4792170896893;-34.5832641515696;2984;NOVIEMBRE;21 AL 26;15;VICTORICA;2700;EN EJECUCIÓN;VICTORICA, BENJAMIN, GENERAL, AV. 2700;2700 VICTORICA, BENJAMIN, GENERAL, AV.
-58.4793868287199;-34.5831946774538;2985;NOVIEMBRE;21 AL 26;15;VICTORICA;2695;EN EJECUCIÓN;VICTORICA, BENJAMIN, GENERAL, AV. 2695;2695 VICTORICA, BENJAMIN, GENERAL, AV.
-58.4792776761332;-34.5818438075576;2986;NOVIEMBRE;21 AL 26;15;VICTORICA;2607;EN EJECUCIÓN;VICTORICA, BENJAMIN, GENERAL, AV. 2607;2607 VICTORICA, BENJAMIN, GENERAL, AV.
-58.4790977144402;-34.5817607579033;2987;NOVIEMBRE;21 AL 26;15;VICTORICA;2602;EN EJECUCIÓN;VICTORICA, BENJAMIN, GENERAL, AV. 2602;2602 VICTORICA, BENJAMIN, GENERAL, AV.
-58.4792683913933;-34.5816992077727;2988;NOVIEMBRE;21 AL 26;15;VICTORICA;2597;EN EJECUCIÓN;VICTORICA, BENJAMIN, GENERAL, AV. 2597;2597 VICTORICA, BENJAMIN, GENERAL, AV.
-58.4790875272734;-34.5816024494705;2989;NOVIEMBRE;21 AL 26;15;VICTORICA;2586;EN EJECUCIÓN;VICTORICA, BENJAMIN, GENERAL, AV. 2586;2586 VICTORICA, BENJAMIN, GENERAL, AV.
-58.4781832954522;-34.5833641762121;2990;NOVIEMBRE;21 AL 26;15;AVALOS;1451;EN EJECUCIÓN;AVALOS 1451;1451 AVALOS
-58.4784962193384;-34.583034488435;2991;NOVIEMBRE;21 AL 26;15;AVALOS;1492;EN EJECUCIÓN;AVALOS 1492;1492 AVALOS
-58.4783524316898;-34.5829337666815;2992;NOVIEMBRE;21 AL 26;15;AVALOS;1497;EN EJECUCIÓN;AVALOS 1497;1497 AVALOS
-58.4785515292092;-34.5827839312345;2993;NOVIEMBRE;21 AL 26;15;AVALOS;1509;EN EJECUCIÓN;AVALOS 1509;1509 AVALOS
-58.481360534879;-34.5825340305221;2994;NOVIEMBRE;21 AL 26;15;LIVERPOOL;2839;EN EJECUCIÓN;LIVERPOOL 2839;2839 LIVERPOOL
-58.4813529334674;-34.5826781259764;2995;NOVIEMBRE;21 AL 26;15;LIVERPOOL;2840;EN EJECUCIÓN;LIVERPOOL 2840;2840 LIVERPOOL
-58.4816849184184;-34.5814115436413;2996;NOVIEMBRE;21 AL 26;15;BALLIVIAN;2798;EN EJECUCIÓN;BALLIVIAN 2798;2798 BALLIVIAN
-58.4826525373273;-34.5819768874675;2997;NOVIEMBRE;21 AL 26;15;BALLIVIAN;2896;EN EJECUCIÓN;BALLIVIAN 2896;2896 BALLIVIAN
-58.4818049938462;-34.5813051142509;2998;NOVIEMBRE;21 AL 26;15;BALLIVIAN;2799;EN EJECUCIÓN;BALLIVIAN 2799;2799 BALLIVIAN
-58.4827660574051;-34.5820432046715;2999;NOVIEMBRE;21 AL 26;15;BALLIVIAN;2902;EN EJECUCIÓN;BALLIVIAN 2902;2902 BALLIVIAN
-58.4828666569069;-34.5819253927352;3000;NOVIEMBRE;21 AL 26;15;BALLIVIAN;2901;EN EJECUCIÓN;BALLIVIAN 2901;2901 BALLIVIAN
-58.4827909493889;-34.5818811675887;3001;NOVIEMBRE;21 AL 26;15;BALLIVIAN;2899;EN EJECUCIÓN;BALLIVIAN 2899;2899 BALLIVIAN
